address,usd_seizable_now,tokens
0x7e5b7a5845a14e29ba0cc82f1f3e72535007de0f,15998.28,USDC:16000.0001
0x5cc687d0168859cbd422c4773a00cfcf160453fc,15901.48,USDT:0.4835;USDC.e:0.7955;ARB:175099.3200;DAI:0.1310
0x1371ec86d56e21136f6650685713cbfd12910172,15067.15,USDC:3.7253;WBTC:0.2047
0x256843ddd1345bbf2943ab33b11ccf68d80f769e,14720.10,WBTC:0.2000
0xd0b5177a4837c427ff72b4a15dd976ce1c547b01,11884.18,USDC:11885.4527
0xd0e8e096d70b8cbb704e972df7a82e536f74fb8c,4112.76,WBTC:0.0559
0x1b11b544fa42e1709599606bcaa0928fc8b21c06,3008.89,USDC:3009.2146
0x756bc95a8d0db3235c92fbdbe86809af63201706,2111.27,USDC:2111.4941
0x74a46eae0ef759312f21afc2447e2a4989e51770,2089.01,USDT:2089.6044
0x09ca728f4901cefb75610a21866ba8891bafed19,2047.78,USDC:2048.0029
0xc4591fd6eb7c1f5f5e5d986743d497715217a2a2,1992.83,WBTC:0.0271
0x225bc778ff20a3b50a06e9a2ffadf7ccd5d7728e,1729.47,ARB:19045.7331
0x06355362cd8ab65f6349535d0aac83dd911c3d54,1600.08,USDC.e:1600.3043
0xc797396e336c31e186d3fd40b57f6867a72d856f,1489.18,USDC:1489.3448
0x6a266b27ee1b16ab9986d071e89504ea2eea6b3e,1130.18,USDC:1130.3004
0x8dac55584dedd77aebecbe61de48e437c24103e4,916.90,USDC:917.0000
0x4920b5d6fd3e8f1df962840e622541c1130049bf,893.81,DAI:893.9207
0x46d91b492861b9e4636719c03861fa9631792179,705.80,USDT:5.8829;DAI:700.0074
0x40f85bffc940eda69e19217970291d9878940d93,538.61,USDC:538.6697
0x5d721a67ff915b9d5cd9b6d5a3ffe8c7d05daa0e,521.25,WBTC:0.0071
0x69654382c14f34631dabb83400fd95e735bcbc5d,356.52,USDC:356.5554
0x82223b4f95e91d76fb45a275b779a1073b999bea,301.55,USDC.e:143.3026;WBTC:0.0022
0x2643796cb6b4e715140f09c352ea26afff1a7d93,270.55,USDC.e:270.5927
0xe91336a081999b52e7c128f1ee52efb444d46a1e,262.39,USDT:262.4603
0xaeea10c04c66bebe2db03a8189d5a128eaa5daab,252.26,ARB:97.4971;WBTC:0.0033
0x3d914063165b8b4f25ddce8901beb8ba1b5e759e,245.20,USDC:245.2271
0x7d8ccf591b78a5d73b54298ddb130db580cd1e12,239.65,USDT:239.7186
0x61a1bc4da00d68166faa576b01b7e4cd6d638011,231.33,ARB:2547.5153
0x091ffe38e101e8ac10832e74f059d1b33aefae99,230.65,wstETH:0.0796
0x06f7dc8d1b9462cef6feb13368a7e3974b097f9f,225.00,ARB:2477.8217
0x36a7aa321b3c06e9ca3b6f75ef20576fe44a211d,199.94,USDT:200.0000
0x026acbef416ca9908c9d5951146467121dc1c222,178.30,USDT:178.3490
0x36387228cd932a5727666e5140f6f0311429e727,172.74,USDC:172.7595
0x2397a6621ba076e9d0afac4cc6eee8e5c0397603,146.19,USDC:37.1023;ARB:1201.3345
0x76aa86918e536aa6fa7edd5cefdc5d9744213a9a,136.01,ARB:1497.8586
0x5969a7e1b4a593e0ad13d9eeabb8895e056686ce,108.44,USDT:100.0000;ARB:93.2318
0xf862c0e523be3a8c97d3a587ed60e613613c9467,107.48,WBTC:0.0015
0x8117c9be202b0442efbc79bc81b07f39b148b770,105.44,USDC.e:105.4572
0x715a46ac4ad9dfeabaef7fd93abcd3ce58a9624c,95.72,USDC.e:95.7369
0x5f07a4a41e52a54088f51f5c3c0b22e59b5d03fe,94.30,USDC.e:94.3129
0x9a2a2b995cd4e17ef8ccf1991ef523c852c73103,93.59,USDC:93.6009
0x5ff57a5fb568248cc4b0d1c82e4c4615f750c887,92.49,USDC:92.4963
0x634eb86245c7cef997677ab5522157f3859c725b,92.07,USDC:92.0783
0x24c57552f96bb25d7f20e1d967e14aec9ef256bf,90.42,ARB:995.6999
0x300cc20b95e1958a0cd65d2d60d3fba720a0074c,89.40,USDC:89.4126
0x35fff1045c6c7669df8066e3b309f43700b9a76a,86.63,USDT:1.7257;USDC.e:84.9171
0x3aaafe57d82b6f4adac6040971170ce9417552e7,84.83,ARB:934.2410
0x36a282b6c5421b1a62f27aa9386a1ce1f820345a,81.65,USDC:81.6555
0x2684454e59081151d935d4023fbe0c473cd42dae,80.50,ARB:886.4913
0x9113eb1ac0eb21c78347ead2de999f1787b6dcb8,79.99,USDC.e:80.0000
0xa702af98217589751f5a7707056622038e280abb,79.65,USDC:79.6557
0x8b0ed59b14ca987808c139d701805a675b50c8a1,79.44,USDT:0.0000;ARB:874.8130
0x44ab6f975eeda6bd2646681e1eb6fdb3c8e713c5,79.04,USDT:76.2273;USDC.e:2.8397
0x35416c10660f4b8fcfa21a823c35f3df32ccb410,77.60,USDC:77.6058
0x78d99056d124acef6c70b48dac1b5838f910a0f6,77.39,USDC:77.3935
0x55e8830b7a24049e89f20de8df9f6cbbfec35de3,73.66,USDT:73.6773
0x9b6fb024b0acb33dcc7c056d37da6e0f0ec91319,73.33,WBTC:0.0010
0x0038e232ddeb75bab33803aee1bcb7a68a080c07,71.02,wstETH:0.0245
0x7a6aedb7583c4f2128d6a3a4dc93c1665d4c2bfa,70.35,USDC.e:70.3590
0x2e13580a21fd7fed9bab89761a637dd63245a4d5,69.88,USDC.e:69.8934
0xfb5b4b6bdb5787a07b227bc99e36d314bccd18ca,68.10,ARB:750.0000
0xbba8ccdd5f626a10d1d14ce0b2a9ccbb557a5a36,67.58,USDT:67.6019
0x6a11b8cfaf900cad11302867684653d814f5718a,67.38,USDC.e:67.3923
0x9f526a4423baa8bd4718ec04565174077ad69ba6,66.45,WBTC:0.0009
0x725ad88ee9fd7df85b3cd625709b909bbae75341,66.29,USDC.e:66.3000
0x724328fb833189479024bc711b64db0772f630b0,64.40,USDC.e:64.4057
0x887981a2b8e0567545efcd1fef06d52170cff3a3,63.62,WBTC:0.0009
0x1e168699f322a2206c03e5eb444cb6b5ea5155c8,63.58,WBTC:0.0009
0x873500f402a062e8d0688cb779b6e0440873eafb,62.82,WBTC:0.0009
0x15f2a0e6d94dc205e40f23c63657058ae1cb5f3a,62.26,DAI:62.2717
0x10665b2afe28721b8ce08037242de16dadab7cfa,61.79,USDC:61.7943
0x476e93e40e12da89b832e866e97efaf227e4cc4d,60.04,USDC:60.0480
0x4714eaa8624a5dd3e48e4f74c1a82ae2343d6835,59.83,ARB:658.8385
0xcc9a39d5d92db22e023c43b4d4c53030d38dad6a,58.80,USDC.e:55.3371;ARB:38.2143
0x04c5b96745a8b1c13556338a5c01b5c7b4a774c8,58.68,DAI:58.6874
0x7deed5e810b8bb44d213a80316a4e909c3a4a0a1,58.21,USDC:58.2152
0xdcbb2e688e311be6abd02fae981aff01b8ea090b,56.80,WBTC:0.0008
0x2d94ade00ed1dea7308ad9cca283ef4ed1cc259e,55.02,WBTC:0.0007
0x1d638076cc58f2db41a18b5671adf965712f3a1e,54.66,USDC:54.6700
0x3bab50b34ed047e1818a97864410f881fe2f398d,54.56,USDT:54.5767
0x812901f1aec866850191c55d045c4c5e48fc1a33,52.88,ARB:582.3469
0x8dc101bb3e998efcf66ce4409fdaefd2a6fa5971,49.87,USDC.e:49.8768
0x3e5f1a6e9e9ca8a776c2a914bef1f0214545302a,49.18,USDC:49.1812
0x3ae5f59d8813315e17eb3f2bec21c0e935cf0808,47.56,USDC.e:0.0000;ARB:523.7008
0x08be19cdc871f1805aeb4a703f3f92f388a070e6,47.43,ARB:522.3233
0x7bb0241191b56bc8e9854732bb94e88a3078a8e2,47.31,ARB:0.0000;WBTC:0.0006
0x95eb06c13502d116aac5b03112b73886623c56fa,46.48,ARB:0.7822;WBTC:0.0006
0x3d092195151097e43d6719e93f956bc70dd9ba14,46.33,USDC.e:46.3415
0x344cec4dfa58e50fffb71f7cf214bc178a98e699,44.68,USDT:44.6973
0x1e9c6f181cfe1a8bb89579b55982ecd6fd2048b9,44.52,USDC:44.5200
0xd3eadbb102039e493767a9fc20f0f8f0fba81571,43.61,ARB:480.2671
0xd19f986fd945968b1ef546878a62680cd82861f1,43.56,USDC.e:43.5627
0x55db1312f47ccd684e1a310a87a9bb2c287ab54a,42.57,USDC.e:42.5727
0x411610cb9f4dd345645068cfac22722631dd7329,42.32,USDT:42.3329
0x1424d691162398a31b0448700165678ed2cb9329,42.22,ARB:464.9766
0x0db44427582c437daaccf5725717907a7e648603,41.78,USDC.e:41.7865
0xd0eba06674460e2bcc15e0fe69faee8131a88108,39.95,WBTC:0.0005
0xcecde28d37714d11e44086fa1ec92c24a2975fca,39.92,USDT:39.9282
0x1eedeff5ce466e6687b18686c40ed0a34febd386,38.84,USDT:38.8546
0xe58ea0ced4417f0551fb82ddf4f6477072dfb430,38.78,USDT:0.0010;DAI:38.7822
0x5de79bf106af7df9b0eacc9ea81dc53b3a3e262d,37.74,USDC:37.7426
0x390c98b9061ad776ca66d6c02dd11fb899ab5389,37.05,USDC.e:37.0596
0x79081fb65eb76b35c1c2e065b04b1026fb191f1e,36.22,ARB:398.8759
0xd7d6ef24f37255a93dd4312be82aea42778febf3,35.68,WBTC:0.0005
0x70e85eb9e49e532ec1f5ca5fd9b40c3d4abf5108,35.24,USDC.e:35.2486
0x85bde180d79c759abb15a42b30b1b38baf293175,34.97,USDC.e:34.9749
0x64c622416e7c6455d8804a81c19a5a6afd1b6bf0,34.42,USDC:34.4266
0xe51fae4c964e0eba4734a2d0b33db3c0ca7454ba,34.14,USDC.e:34.1478
0x349a44e10284aedb8b013e3f0728f9ad02451684,33.61,USDC.e:33.6188
0x52e8bf25c5dac9fd5d017f6afdb7bbfa84cc9ae5,33.01,DAI:33.0165
0xb956bfb49d3de92446337106bdafd833977ad27a,32.68,ARB:359.8852
0x8465f0641137130873dc204366c125cccb1f591f,31.59,USDC.e:31.5984
0x0f0896f7e1e9d667f79c8258f370eec9b1102e66,30.90,USDC.e:30.9024
0xaeda4088a73daa95642cda172caa5de181719146,30.50,USDC:30.5031
0x2eeaec7ebfd8171c5f62e4cefd43805ffcf3462d,30.31,USDT:30.3213
0x223cf852a2320b7d451bbf5ff8e97cc3aa6fec9b,30.17,USDC.e:30.1758
0x283c74056ecf480ff8610fd56cb52450b934fd12,30.17,DAI:30.1708
0x74db3da0856ea846beb952598410e07cc3316f29,30.04,DAI:30.0444
0x2a98d487bbc2dc9081d9648749db5db5fd247aad,29.95,USDC:29.9577
0x8610925bae4ddc46b12a1de7aa8db2af045d383a,29.89,ARB:329.2165
0x1101bd64134250cbb5c4abd30148639e50fa5ccb,29.81,USDC.e:29.8186
0x7adc99c5883bc8ff4fb45e06fb4d658598155f6e,29.72,USDC:29.7258
0x7dfd5237a0d7d03fc81671b19ffc78b76f41e6db,29.54,USDC:28.3387;ARB:13.2493
0xd4bb17ff65940d028b0aed9c15265ef65cf2a0a5,29.26,USDC.e:29.2644
0x0a9dac354e19624cfb2f3d389fe1614811801353,29.24,USDC.e:29.2465
0x9f814a00565ae9cb2257e378f7cf89a586b8e3f8,28.11,WBTC:0.0004
0x4543e5710338bf6e514258ae7f4033ea29c700bd,27.24,ARB:300.0000
0x15b585c6a3f94eb8c3ee31d26f8167920dd354e9,27.19,USDC.e:27.1956
0xb27226ce5f123f91514ae3955e5cfeb7b9754981,25.94,USDC.e:25.9424
0xfd2500a3b942c5d36d3bef4f11c7568ac3438853,25.17,USDT:25.1783
0xa4d7fdb7a8b67c336b42721bb31991c29fdcfd53,25.10,USDT:25.1026
0x56153619dbc52fb2ec7771d4e7487ecabcaf142d,25.00,USDC:25.0000
0x7306975874b049ce26c70eb60e7710bf01761459,24.96,USDC:24.9656
0xac7688c770e66a14b7aa9cdf958761f3fd3007da,24.74,USDC.e:24.7417
0x6a751b711aca3c188fca7f1cd47e7493d1c8b655,24.68,USDT:24.6910
0xfa4ca6bd07cf1223369884620636b29f1f53c7ee,24.57,USDC.e:24.5766
0xca02db9dd1a020b08d9f8aa082a9d99cb5e095b9,24.48,USDC:24.4821
0x84b65e1352d8da631291821a5c135ec208d1b691,24.47,USDT:24.4793
0xc7ebd2facddda89a79c195eb5f60e5831cc50647,24.25,ARB:144.6445;DAI:11.1163
0x59ae738fc6d2a94b830bfceeeecaa2d9d7395743,24.07,USDC.e:24.0742
0x27220b72fbc4f251026aae40ee17a8786d112d16,23.91,USDT:4.1131;USDC.e:19.7970
0x81eafb994c6fdd4b0a8680351533491220bcb331,23.85,ARB:262.6096
0x679ddb539c5af4973a58712a2d7c703bee5b62fb,23.65,USDT:0.7130;USDC.e:22.9438
0x6c67898e679844db0a8af741ed6c0c30964d2373,23.65,USDT:23.6524
0x1f7b78884be4780cd74e817a6805d782aa1df040,23.57,USDC.e:23.5704
0xd072c08c6d6c6123db5870d1930bbb7375fa4c20,23.41,USDC.e:23.4152
0x6afdbb13247e4f2131e094fceb5ef1ce1cdc93c9,23.39,USDC.e:23.3977
0x381b6a2933531aba4640b259c23ef39085c836cd,23.19,ARB:255.3413
0x2dd34746f703f4d41772d407c02527e51c1ea677,23.16,USDC.e:23.1610
0x37fa3d9b5a7522153259edcaa22de5ed9b3a0150,23.11,ARB:254.4651
0x607db7195b6b6de3e00674c47b817137aa2e75c2,22.96,USDC.e:22.9667
0x2d20d813b5a2bfb5e05da481ba4b74977d4f4974,22.94,USDC.e:22.9460
0x56873296e22ab4e4cd35c86dffd3474c77a50b4d,22.92,USDC.e:22.9219
0x79172b1316d18fcd29fb6939c9818a7e517d5b26,22.92,USDC:22.9203
0xe8b9089d028fbce86de66fe59951e2ed93b18f34,22.79,USDC.e:22.7934
0xc28b68d3fa575156a67038e3368e1635580d537f,22.77,USDC.e:22.7760
0xad5b555f1bcad54e85366697635b98e46358d2d9,22.52,USDC.e:22.5191
0xfc510dab81b32d023f54f9e39a95a0aaf1ed8c0b,22.51,USDC.e:22.5177
0x14b3e6815809f69dc8d1cfcee30755363af11bea,22.27,USDC.e:22.2689
0x83f34a0b389b492129c0fa7b59175cb522ad4798,22.23,USDC.e:22.2314
0x9a2c1268b07057c4569e86827a64e0d4a1548664,22.11,USDC.e:22.1161
0x8e96306f30f76195f3bf8c2c2bbe943ae19a79bf,22.08,USDC.e:22.0867
0x0a24d743322d0fa35e02c1ad094d2ed62e8e47c4,22.08,WBTC:0.0003
0x3d50a9a3d333f19087335298caae12ae80eaa79c,22.02,ARB:242.5490
0x92978b0d605c5ec59f9dbd9f11b689604f64ca3a,22.00,USDC.e:22.0040
0x56eaf95ca6e7f962d005752042c54763d70ec108,21.97,USDC.e:21.9746
0xebedeebd3a2bfec0f7f18a46e703a4573387228c,21.96,USDC.e:21.9624
0x1d1aa2b2e8a43004dfb9a2c9c4cfed98bba0c29e,21.92,USDC:21.9210
0xfbdf73ea501dc2251b9f5a2ab9a486332e458948,21.79,USDC.e:21.7919
0xa66c08ecc37ba298238c457404edd053011c654f,21.78,USDC.e:21.7792
0x44912b75bef28abb2a6f3c81cb2cc351fe1f453a,21.71,USDT:14.2478;ARB:82.2448
0xcdc38127aed1a06eefee1a756db2bd1c449efead,21.69,USDC.e:21.6904
0x0062d9e6e248a6d4153367b28ca8548a008f145c,21.68,USDC.e:21.6858
0xeb9b9587451a5c29d114013a4cab75d8d3adc257,21.66,USDC.e:21.6611
0xebc2b5de262a0bf37e5732b47b1b6f000d4d2d4d,21.63,USDC.e:21.6313
0xc92b1847087ded4e1415d11da63c87f77384ebff,21.49,USDC.e:21.4890
0x5ee397aa12ca6ce173a3f567f3cfc4d33768f057,21.43,USDC.e:21.4344
0x45ed1d95f9d2f8d8f5ee62701b1477c2dcfdbc89,21.42,USDC.e:21.4197
0x6e3e1c270249cc47424e6b1cf0c7aa7c36a28ceb,21.37,USDC.e:21.3696
0xe5bb880a8720b1196013c9dc228f48a353de5cbd,21.32,USDC.e:21.3221
0x793c6bf7ad7ac304beac3ec781f1b89aa72ec46f,21.28,USDC.e:21.2837
0xf005c71cff837ac90eacb18e3243225a95044033,21.26,USDC.e:21.2636
0x099e0d2209c8f7b7248e2315052dfd1ea7646927,21.18,USDC.e:21.1821
0x4a358e074d56a3a6861d1dc69008d4ce9c67a8c2,21.08,USDC.e:21.0872
0x5c172edfe62f1acde0dbf8e8c4fbb435b872c335,20.99,USDT:20.9999
0xa9409d5a4c07a2dce02ba07ec278d83bb2cbca5f,20.99,USDC.e:20.9957
0x57b5101ebb9471a6fa0395211fe376da6f8400c3,20.88,USDC.e:20.8823
0x9d12bafb1a58e78e2c151bd300100b61a85cea00,20.80,USDC.e:20.7987
0x5788669c160e738bef6752605c12093f2607f8ba,20.69,USDC.e:20.6930
0x3e0f195c8896eddacb6ad02ab52a0f9cc1af59c8,20.69,USDC:20.6890
0xe53a37ca3ec3604095ddbee90d5ca0d9a7a37f9b,20.69,USDC.e:20.6886
0xd5230b2961c6f7de6aafbdf6b39b3adbd3c9c2dd,20.68,USDC.e:20.6808
0xd54f8123e85493791630327ce7b9f49cb269f7c0,20.68,USDC.e:20.6781
0x942705af35bc61bb4286f8abda7e58ed0aad1f75,20.64,USDC.e:20.6408
0xfd4a1b25b69e1d3598ed8658148cf11370201387,20.64,USDC.e:20.6391
0x87bf87a5ab617a998e7d8b4e0b2145904c3f8107,20.62,DAI:20.6225
0x2e0de65b209c27bafb03de479dcd5ac01737317b,20.62,USDC.e:20.6184
0x1d52255cc6d517259cb77de52222982a882e0215,20.60,USDC.e:20.6014
0x1c756dcbc8ba0c5f1fd538e76833dbc7a00cc3b0,20.51,USDC.e:20.5172
0xdaf8e8636b7d525d93fbc1f0c4311c5ecbace1d7,20.47,USDC.e:20.4680
0x046f5944e04ca26e283a2c1160b77fda3ce528c9,20.45,ARB:225.2499
0xc83223859d07f057662a612b62471d8e1de3da7a,20.42,USDC.e:20.4272
0xb3d653e302a62fe5e1382df64f82089dea230bda,20.41,USDC.e:20.4115
0xbf420712bc144185213164f7036cec0cba175f45,20.32,USDC.e:20.3243
0x8334b40ac72981afd871033821e8b44a0846dc35,20.30,USDC.e:20.2988
0x02c3cd211b2912c27e030a3d4e9480550affab99,20.28,USDC.e:20.2848
0x56f0aa7b503fa1c278e0836fef015750d3e9981d,20.25,DAI:20.2575
0xf3147df6b04323aecdf891463827b9ff2f4ff111,20.24,USDC:20.2458
0x02825cf47da65edf5c778849c5c648482a5a3f0a,20.23,USDC.e:20.2299
0x2c2a3a70b90876cfdca8abb7dddcee3679156f0e,20.20,USDC.e:20.1992
0x5443877b8476fe9029790911b676ebf1944159ff,20.19,USDC.e:20.1943
0xaf8468a92d3fa1aa327b57c4fb61d74259e47c69,20.18,USDC:7.2309;USDT:12.9537
0xa072f355f180da698e9ed4ad044e57c124a81e47,20.15,USDC.e:20.1540
0x2cfd9a6c23ecba5908dad24f72b6d6524ad48291,20.15,USDC.e:20.1522
0x3003183c1787e40b7099fd2ae12c8192c3787e16,20.15,USDC.e:20.1505
0x111b9f0c21131dfce7d521a4bf6ec1f1ce626d4b,20.15,USDC.e:20.1489
0xd04fb11c3e1921f85ecd49b10828e376994d12a9,20.14,USDC.e:20.1478
0x9914a6c79e24294e97d7971d080edea077476956,20.14,USDC.e:20.1422
0xe29fe4c4907a0859a51b14f4444b8286b94e48b7,20.13,USDC.e:20.1306
0xbe732cee05d857319fdcf0899031ba3171af638c,20.11,USDC.e:20.1157
0x51328213f5ce98d22d14ac0ad991241eb5583a26,20.10,USDC.e:20.1065
0xdab64560a3317a1484cfdbe56f5fd2eac0f216c8,20.09,USDC.e:20.0932
0xdea325811109bd9faf76133dd5231fd6fabbbdfe,20.08,USDC.e:20.0811
0xe39eb23da73d6cdf1f889906bf2851dfbd787e15,20.07,USDC.e:20.0750
0xcc665f57f6d00636806075ab8b9af2d47dbee218,20.03,USDC.e:20.0320
0x17852367094a4394cbce1561c4efff1a70f784fa,20.01,USDC.e:20.0168
0xca46d976b140ea1fc22e8be8c834b4607a0bf3e8,20.01,USDC.e:20.0092
0xd5af66b5c817f0f0f094640b83885a1cdda5fd14,20.00,ARB:220.2922
0x9e7c746f3d731be251986a305aa8d1206ca6ac69,20.00,USDC.e:20.0000
0x56cd3d2cb9e2aa12e92e4fa2147e965593cf3d63,19.98,USDC.e:19.9816
0x613b13142afacb5b7bc7d0e3fee9cba35428ee56,19.94,USDC.e:19.9379
0x18c44abb5a6d5212eb6cb7cdeae466563f6b7fb9,19.91,USDC.e:19.9124
0xbc6b9d5f59dd8c04925cbb43866e9d0c668335b8,19.89,USDC.e:19.8910
0x571efd199fd24b3127479abd83fa3360d78381a5,19.88,USDC.e:19.8869
0x2139734456307d57eb3528405d532aecd2850a80,19.88,USDC:18.1271;ARB:19.3648
0xe02c2557fd003c3a5bd94261cff25a8e9d87c866,19.87,USDC.e:19.8699
0x45dc97a302dada1a49f140d1251fc7d23ca492e8,19.86,USDC.e:19.8582
0x2d3f26d3b15dfc141d644227f7e40c3dabb6e81c,19.85,USDC.e:19.8572
0x573649e95b5390c61d55498b712cd181ac22075e,19.85,USDC.e:19.8501
0x294731e6c4d08b35ec681eb561155352488b4a6a,19.82,USDC.e:19.8211
0x639c4dd55d93cef503b41fc3fab70a875968d98a,19.79,USDC.e:19.7909
0xf076dfd5812944e8a7b29a3ece833d3fd25bbef0,19.78,USDC.e:19.7857
0xcb611fad031f8741fb060916b20c93be2a3d33e0,19.76,USDC.e:19.7617
0xa77f7da737f2777e3278ca82084f86d965224d92,19.75,USDC.e:19.7539
0xf77677c0c52c1d111ede55b4fd8133713ae7f604,19.73,USDC.e:19.7338
0x3e28ceeefe1417781dc3392f0c4780b395a866cf,19.73,USDC.e:19.7328
0x985f7de45bd30948aec1a0ad02567cc247d0c658,19.72,USDC.e:19.7190
0x9bedfb86578ac78de9f0d27137760fafe44172dd,19.71,USDC.e:19.7111
0x5b0c4ad7f052f9d4d1a31058ce721d2ac212fe7f,19.67,USDC.e:19.6727
0x81d961e93f76e10784a20633bdcd81b23c7d7365,19.66,USDC.e:19.6594
0x9acb19b6467c734fd6750cb70448497495fe1b06,19.55,USDC.e:19.5507
0x3cc856c46c4d417e79b90599e775c3b2aa569267,19.47,USDC.e:19.4763
0xfcca310dc5b9cc489d798c4872f14056eb2cd1cd,19.43,USDC.e:19.4308
0x6a82a24e20df8b53e3906d7b960f86ab65268207,19.31,ARB:212.6486
0x29808e42e3eb41682cfa483e4b973780f809e259,19.27,USDT:19.2752
0x7c32925a8de10357732c59db4b2c5874d861af7a,18.99,USDT:19.0000
0x0e1052b2e5f0156937f2eb1dbdcec5c78c770502,18.90,USDC.e:18.9007
0x02fce1a74fb27c718478158fd5cadb1a0d540ec9,18.82,USDC:18.8205
0x1eab722908272b4941850a26a66e1983383debbf,18.53,ARB:204.0707
0xbabfaba353c05d882cfb2201f039fa759b45f727,18.50,WBTC:0.0003
0x262cda145d2dc6a12814b4f8f44f1adc1352464c,18.16,ARB:200.0000
0xa01f918d96382faa1e4dc98b84d76cc6b6d1345c,18.08,USDC.e:18.0852
0x001a530a6c6324aaf811446015cf5beb1dc44642,18.05,USDC:18.0541
0x18cfa68f7c6a23304f287907a28a6454bd7bba51,18.00,USDC.e:18.0000
0xcb416659fa9f9e93013bfd6641f827c9dd667901,18.00,USDC.e:18.0000
0x5c6eab623d6077cf754adbea779a127c2a97539d,17.97,USDT:17.9786
0x75b7ede0f4bf1515fee34bffc3dd476690b523c6,17.97,USDT:17.9782
0x1e268f0ae13a4db04bac61f675f7af71aee40be1,17.81,USDC.e:17.8105
0x2a2ba5f0e2215fad7a0e4c5c4e910c9776eedc9b,17.63,USDC.e:17.6326
0x37130086691ae900e7ba22936937c31c8164788f,17.56,USDC:17.5638
0x3bea292f62e349e13d7bed1e0204d53b95916409,17.35,USDC:17.3490
0x40e45011130da4840767f08bb29f39b68a39ff76,16.96,USDC:16.9579
0xfb2a899dd5655ecdd999796f4c6d6855f49b0f09,16.87,USDC:16.8724
0x55bb8f041180addd656177141abbbdedf04203d4,16.70,USDC.e:16.7000
0x5548be19a291a1dd02c01b1af2ba15a951cfd33d,16.53,USDT:8.0000;ARB:4.9363;DAI:8.0886
0x6a96c5315a54c65a8a5b20c52a0b1a6eccf674a3,16.45,USDC:16.4551
0x85ab9280d62ddaab2cd1c22ba51abd93c4f5b9e0,16.19,USDC.e:16.1931
0x4fd40d9b334a121607305fbbb7632e1a53d3b6d6,16.10,USDC.e:16.1020
0x0a1089538597858b75812edbd8d47f8c75dec9c6,15.98,ARB:175.9372
0x2adde568bbcab1ad53b5a339544bc8ed6b21c1f3,15.65,ARB:172.2967
0x699717f47b97bb617dd075b98d27c9008d92a4c0,15.60,USDC:15.6041
0x33c30f8c468c874dfea94c465f68c7904f7320fe,15.31,USDT:15.3111
0xd2c96a3ce782b55d2c309110a556fa80c6c5e6ec,15.24,USDC.e:15.2411
0x429beece290c19fdf5523364e3f6cb65f30c3695,15.17,USDT:9.4529;ARB:63.0000
0x6e13210843e7deb1f1c949d94cdf13d7d173e24a,15.00,USDT:15.0000
0x99311fdfae7417ac84b194e4b52254f1e2d266b5,14.99,USDT:14.9899
0x8f6e2283aa2dcbb6d0ac7c60a4b70118feebbe86,14.98,ARB:164.9627
0x752ecff43ee72e751b92a6a4f42a6b359ada8a8f,14.93,USDT:14.9352
0x989989a92c80e49ecc0d2a8e0958eb2673f630c8,14.87,USDC.e:14.8680
0x20e7a8c5d11d8c2f58b8147591285b870bba98ac,14.83,USDC:14.8338
0xd446035a4983b2b04f962cabdbac695102182cb3,14.07,USDC:14.0000;ARB:0.7665
0xd1f0d3afe14525812ca4446305fe3a86245ccace,14.04,ARB:154.6442
0x7eb18b2d2499e0a2697f54d0213df9dbf3b002e2,14.04,USDC.e:14.0422
0x18f08ba90c58fc84767568b5d26b41fce2af539b,14.00,USDC:4.0000;USDT:10.0000
0x0bc71bb95cc09743e22b1db6c282cdc295ea1989,13.89,ARB:152.9890
0x10ac7536ecb5b74e13717c50a5be0294cafe420b,13.83,USDC:13.8283
0x5758d1adc56bec55485626f27fb12a8148b1114b,13.40,DAI:13.4021
0xc0edd48b8b589a7137cd7d632a6929eb9604d37e,13.33,USDC:13.3321
0xea2738b53d7e97a090076b81135f3e65cf52eee7,13.24,USDC:13.2425
0x2c6d5129ad97cdece8db05712f35200b73014dad,13.19,ARB:145.2597
0x12f1ff859999da57c31786f7676c924507377049,13.10,USDC:13.0983
0x0eb9dc6dbcb32f8fb7b0f3e0fe09231e49bb7529,13.00,USDT:5.0000;USDC.e:8.0000
0x6c675021dbff9ade504f1aef9c8f1a13e0ea5ad3,12.99,USDT:12.9910
0x0b05f6f90bb60a342e341825a0c6da6c92d98c43,12.98,USDT:12.9883
0xec3b0fff8be7ad08061fed75d47cbc0124e3d7a2,12.65,USDC:12.6562
0x1f1daab983e8188a1b64a311fd38506ff248a5bf,12.46,ARB:137.1928
0x42940e91d2b9b76714424ea51897bb5c42212feb,12.34,USDT:10.7891;USDC.e:1.5506
0x0c79f93801098694f7b073942a2d126ac6eb03f8,12.26,wstETH:0.0042
0x1634fb9ced0809af7173ecafdeb7a95cb4de8208,12.24,WBTC:0.0002
0xf036b29c8d40f505ff1ebf2100d27ca3fcabe616,12.17,USDC:12.1744
0x6c1aa0a101d8abe9bea5f8abfd2e0c72dba096c5,12.06,DAI:12.0644
0x14f3137b6c53939aa15910c5dedd0c5959be16b7,12.02,ARB:132.3212
0xe18e2f7846f52ced455ca666046fdfa9ef0f3bf1,11.98,USDT:11.9834
0x9cc713e9832096082991d12e3e6499142ac00076,11.85,ARB:130.4501
0xb65363d75039092f2cc32aa0de8c7e6c38a9af05,11.84,USDC:11.8385
0x1ef91043d3cdb315a5c97a03b843e6095ba6ea02,11.81,wstETH:0.0041
0x2bcece62fa484fb40ff2c0867a4f92eabe0b47f4,11.65,ARB:128.2736
0xc04fc7eafc0b8553b74568e26a8c515321645ca1,11.63,wstETH:0.0040
0x31e963b3a4a8522dfe88b335f540dcd815fdc137,11.49,USDT:3.9207;USDC.e:4.4469;WBTC:0.0000;DAI:1.9364
0x5ce025c4558a687967fc49050a6b4bacf39be432,11.41,ARB:125.6125
0x0de0d601e86d33bdbed6cd69ee49aad70f153e18,11.37,USDC:11.3687
0x1d52d3be6c2255d7de8c387548aaacb3cd5bbdf2,11.24,ARB:123.7897
0xbbe8b45aea6620fd1f85da6e03b957d58885de3e,11.07,ARB:121.8825
0x45b7ce98aaf5ed8f2fd5f8e23c528eb3cdc3fa91,11.00,USDC.e:10.9980;DAI:0.0000
0x1ba4f744ef0b6f37d23b6f42e018529aec1a0135,10.99,USDC:10.9934
0xce77824d9bd0673973f049c60e202c803ae88824,10.93,USDC:10.9311
0xdffce95e93793e36ef5a6befc59c1b07eec3ba05,10.93,USDT:10.8342;ARB:1.0861
0x65a2b9f87afe572d30af851d170dcd23945af6d0,10.91,USDC:10.9068
0x0c33185f3069cb77410c0bad43826af03ae63df5,10.88,DAI:10.8809
0xea79f0e7244d3c431239d6e74bea4dfcf6c4b24e,10.83,USDC:10.0262;ARB:8.8614
0x58a13ebf979f4cc90c6c483418e930bab79675c0,10.80,USDT:10.8070
0x62d51fa08b15411d9429133ae5f224abf3867729,10.73,USDT:7.5559;USDC.e:1.1364;DAI:2.0370
0x35b50a0e80c1a9920cf94a6253470fdef4c03adf,10.69,USDC:10.6869
0x62bdf681f267fa5cae55de805bfb9338ad8bbd32,10.64,USDC.e:10.6452
0xe5c80a7963c0d8f4ab9c0bb8d854e47594cf9394,10.64,USDC.e:10.6368
0x48747d2dbaa3f2473e13aa73c545f38f156eace9,10.55,ARB:116.2274
0x1d16c8c463637cea12678065362d074109dfc18b,10.50,USDC:10.5004
0x7715321b193720ece54dd7e13442fa47bbfc5dd2,10.42,USDC.e:10.4238
0xbc5da62f2a12b1952477b5a674bcde9c6fffeecd,10.41,USDC:10.4081
0x463006e77d1c797dc2e3ce726ab024a92d8510a2,10.37,ARB:114.2500
0x88ad0e5acffa283c057730a9731dbfac0b2862f7,10.26,USDT:10.2600
0x47a850aab6d9600e8910ea4d6c3c216c6650a09a,10.21,ARB:112.3855
0x3cc05bade0c157dd39748700d5486221f06ccaa5,10.17,USDC:2.8042;USDT:7.3699
0xe940940c5e07e35828a521314b6045038dd07b0e,10.11,ARB:111.3507
0x4ec829f49442ae5921c5c042105be58dfb2fb4b0,10.08,ARB:111.0255
0xd7613e085648aa55182d1656dbeb82b7a3009225,10.07,USDC:10.0709
0x6329c3a7bf26b0430e9a14ece07498bc54423ee2,10.00,USDT:10.0000
0xa2c927e00eb63642018c3b7882b16b0463413170,10.00,USDC.e:9.9968
0x10ad6bc2db8f64b57dd85eada632008b41cd7b34,9.99,USDT:9.9940
0x95017a3fd9f5e8cdfa74917586199bc71ec5e6cd,9.99,ARB:110.0000
0x541c579f4c29fb4595230d65df46bfef68aedb75,9.98,USDC.e:9.9809
0x2142248bda0d9613baf9df848bbefd8eac723d3e,9.98,DAI:9.9793
0x73fa6f84dbdee9f61017cda42cd004066e1dfda8,9.98,USDC.e:9.9773
0x98752acf39e0dcfa217606118142d5be7aecdf10,9.95,USDT:9.9520
0x6143c013d78b22cc84aa3cbcce7f39d28c015cdb,9.93,USDC.e:9.9332
0xbdf4c5ff618727c3d71d2c3266ac26065bb31ccd,9.93,USDC:9.9300
0xe15d5c8c52fbb1eeb8f0a3439178283abb8a8818,9.91,USDC:9.9075
0x455cb545bc5aecadf6db557655adecc6cd9abe6f,9.90,USDC:9.9000
0x6a296113cc4f3d7ac16331e5a234d96eedb8713c,9.88,USDT:9.8841
0x300b51081f8fa63fc618e6865a9924913a5d3a70,9.83,ARB:108.2969
0x134f96d78c1acbb1f07d3c191baf565850169fb3,9.82,ARB:108.1347
0x073289a249828f328797cc092737305022615694,9.75,USDT:9.7492
0x6aa7b080122b2530d73342979126b99d3db1d74c,9.74,USDT:9.7385
0xb89904a5787c9e89176a626991180cba344f1235,9.73,USDT:9.7278
0x8691024e521d88957296530a1fa22c50ebe2472a,9.71,USDT:9.7173
0xac4f0167bced647f003eeebdc4706a8344913230,9.69,USDT:9.6900
0xa5f04fd785a5e4897f4136ecd0ef4dc45723bc8e,9.64,ARB:106.1157
0x64102c14d69efa65144702bd5eba23ca2f50d387,9.63,USDT:9.6349
0xf664dced0be7aeadc39ac997bd691f6adb0fbabe,9.62,USDT:9.6266
0xcb63dcc91fccf966c11f387953e7f68613c992d9,9.52,USDT:9.5193
0x98f222671d5a2dcb43ea504db75d3bef85aaa044,9.48,USDT:9.4799
0xa9e7342fb0ca67f7a1300fc7cd80bf14481b207d,9.44,ARB:104.0000
0xc8e15dfe35f09fc1d903ec797432e6d498ffb5a9,9.44,ARB:104.0000
0x041261a08df5909bfb9b251a64e7e87ba5516d7c,9.44,USDC.e:9.4394
0x63e07768557b3e69849917d4e1ea64fd9b939e61,9.30,USDC.e:9.3041
0x241994b83e4d34eeb7c0edacd341ace5e5aa324c,9.30,USDC:9.0516;ARB:2.7747
0x31fa7d04998239953cd314e54e5af6a40f118f82,9.27,USDC:9.2669
0x88286474c68d9c675d884425c26182bdf1461625,9.22,ARB:101.4893
0x8b2bdf9da1be5c5b3f892ca9144646b435bd9213,9.17,WBTC:0.0001
0x51e19b34efb85c04ac751bdbb4c2f763f68f2616,9.13,USDT:9.1365
0x37b0206844babcaa52a91231b6430544dc5cfc58,9.10,ARB:100.2623
0x635a2841210026480495c0cdb0c5ba69ca5e6553,9.08,ARB:100.0000
0xc208934e867dfcdc10e5ab58b631d2c3185edbc9,9.08,ARB:100.0000
0x7ec2bdb8923bb0839bebf2baaf88d95f84c55c19,9.04,USDC.e:9.0462
0x0229aa6f015481d3864a0947e4e8320e0d83489d,9.04,USDC.e:9.0436
0x00910d229a614bbb10c4d09fbfc76d066b06aa42,9.04,USDC.e:9.0420
0x97e931494a837ecde1d2f152fcef1c2f5e093356,9.00,USDT:9.0000
0x51a6a8945d9af5cec4720fa4a866fbdedfc9fb6a,8.99,USDT:8.9935
0x38f942715cfba5a7d51296ae7964e9a3863a5da0,8.97,USDT:8.9739
0x0d9a4d5ff5a9d2a156d89645b263e7d09086d6ed,8.96,USDC.e:8.9651
0xf9793fb2109bde3c643526ea8754556ed5a2b29d,8.94,USDT:8.9472
0x3672d6e4bdc3e1231c0724f3ed3753f898e3e801,8.93,USDT:8.9279
0xdc55f16c4dcb7c608fa0aac54fe09a997c1b63d8,8.91,USDC.e:8.9108
0xf38f40c5ceac554d4c7c37128cc0c062810776b4,8.91,USDT:8.9077
0x7b41f45cdc87dbef8816f67ae57f4c2310c22e94,8.90,USDT:8.9027
0x2fd6f9a75f09369019e82bc8301fd2a789dc9723,8.90,ARB:98.0000
0xc80c7828401e81ccfb424188e77f714550adc0da,8.82,USDT:8.8273
0x6a0e1d8f60c6016789e1820889e3215d90206e75,8.81,USDT:8.8172
0x525bdbb27bbdc3e3e27acaece93ee07e07a4335f,8.81,USDT:8.8132
0x97d1840bf53d9b43c4362d48886d1a83b0b10699,8.81,USDC.e:4.9965;DAI:3.8108
0x4a0f82aeddd69239a658e26481a72818c655b270,8.81,USDT:8.8083
0x9aacbcfab1c30c33fe3b6191eec4d4b2a013edae,8.77,DAI:8.7714
0x2ad349b1ed1d692b4eb485e426e8ce0e2599a3b4,8.74,USDC.e:8.7433
0xde44ffaafa977792b17c7a5fd9edbeec4024311d,8.72,USDT:8.7216
0x6f296dd8ac4d6af56393de98023193f93cae527f,8.70,USDC.e:8.7057
0x21cf8bbfd8b8e264e6c8aa9a3c46b12d1cc7da97,8.67,ARB:95.5001
0xb428240c6efb2765757a397043525150f00af4b0,8.58,ARB:94.5191
0x930f63bc2018f052dc9fc41421d917cf6b296339,8.50,ARB:93.5811
0xe35be51c731ec3fbab08917298a8aafa808f575d,8.50,USDC:8.4977
0x6613a1521394c2f17c7d705e48279e44c2a01936,8.48,USDC.e:7.1975;WBTC:0.0000
0x1d30d44c4553cdc5b234ed6855fd1778268da589,8.48,USDC:8.4765
0x683b65e7ca74fda59f708fc1f2e223d3815cac22,8.44,ARB:93.0000
0xfa5090c118e25442e95fc8d42a1004894dc88b45,8.43,USDC.e:6.0889;DAI:2.3438
0x7bb706811b32b751c0aec78e64dd6edaf7ef29bf,8.41,ARB:92.6537
0xb008b99af59d3a01ea430af25a817e7f3965285a,8.41,USDT:8.4137
0xfd22da4813ad9aede04f86a7dff4eb5de5de1df5,8.32,USDC:8.3199
0x83837fa3ca28d0c885e661558f4a151bb5113405,8.28,USDC.e:8.2764
0x88c3cdf79f47ab7af8efcb081771487ff13bf029,8.27,USDC:2.0842;USDC.e:6.1843
0xa0d4747e042765a6f0cb0f8d76b4ba71cf58262a,8.24,USDC.e:8.2364
0x5fec15dba0c38e30639c136d72329034851ea610,8.23,ARB:90.6677
0x2a83e913a0b2533520958bcd1b85351612b7e496,8.20,USDC:8.1999
0x1d9d5f6dc46d80cb0150e74860e2dd1a04a27020,8.18,USDT:8.1839
0x2accd1f89db8849c78f9ac5be0e227bdf2c11362,8.08,USDC.e:8.0800
0x13e7a82dacbfdd1d19f8e2c3e1247b0104c116f8,8.02,USDC.e:8.0189
0x422616b0056c02b7b8990e1199f4f1e9889bb9b7,8.00,USDC:8.0000
0xbb0ee7a25dba86cbcba4f90466af7a0cb96fe35d,8.00,USDC:8.0000
0x5f24784b2b23b7eab87872e2ac2d1b54a444e355,8.00,USDC.e:8.0000
0xa1168c5ec9d4b1296d7112a8f5a025bbea196d61,8.00,USDC.e:8.0000
0xf1380babf9c601c5d5e437a7b16827433dd1541d,8.00,USDC.e:8.0000
0x274fc04a6a4c6504f692b94bdb089c7ab2106dfd,8.00,DAI:7.9992
0x48e91674c2ca7b58fca63c16e05172174adcf890,7.99,USDT:7.9940
0xa7fa3418f8108e40279ed5c1778382814641f273,7.99,USDT:7.9940
0x16d609ed0327998228d31f9683adfb31853ced03,7.99,USDT:7.9931
0x02bb662132a62fc934751494219021877348ec6a,7.95,USDC.e:7.9475
0x7128a9e119479a065a16418c4c4dfd39dd895e40,7.91,USDC.e:7.9107
0x5b1dc2fa137c25647b9b7e6604f60538b7b1ace5,7.82,USDC:7.8198
0x5062e7dda08d8d59313b819dffde024700423489,7.75,ARB:85.3412
0x70329c65c8a0ecd9e900fe4f28ffc31e18d267cc,7.68,ARB:84.6153
0x7cec5ac52d099b0779cc2ffa727fa2e0fe1de78f,7.68,USDC:4.5197;DAI:3.1564
0xfdf63384953c23e47173a26592391a2e83e23e52,7.68,USDC.e:7.6763
0x061d4d02c727392b7b428a35dc7f47c1f8d0fd4a,7.59,USDC.e:7.5946
0x81e8ea69a0cc65c72c8edb2ad4bd48594723dbaa,7.59,USDC:7.5930
0x94fe2807ce337b29ce726a4a8ccaa47ec43f6af0,7.54,USDC.e:7.5374
0x2e667760b1068ae033032a9c52adf3fadd6d0421,7.52,USDC:7.5230
0xe656c2b19b452d7250a0fe6e5fc4225803a578fc,7.50,USDC:7.5048
0x02ebf38d07eee07b344631e68576af52383cd048,7.48,USDC:7.4800
0x25b65e29930d163e93cb6a6a9d3a37cb58640f06,7.44,USDT:7.4403
0x88f8346db22d35cd8eee861332d8e08a1e547dbd,7.41,ARB:81.6400
0x2ba3fa18433dedac504626d5f99fa9bdd7b59c7a,7.32,USDT:7.3219
0x6efb9a519b49a0cf4ea4025c3abbb9f62a90d039,7.30,USDC:7.2987
0xe366619833126918f7fd3bdf516002bdadf1ae5f,7.23,USDC.e:4.2140;DAI:3.0213
0x51bfeb1b9dee97916f4ba4fdb83e336fc419dfba,7.21,USDC:7.2074
0x421baa8ca5a7e3bb4fb1963bdfdd8cd3f6fdcb69,7.20,USDC:7.1977
0x00946a69876b5a17295e8e3e0dd065501e57771a,7.15,USDC:7.1506
0xff9e392bb799ef5ea531910936b202e144e4fdc9,7.10,USDC:7.1000
0x76f40fbdb47364efbb0d781b975ff11d1a9fba28,7.09,USDC.e:7.0921
0xc5f3424b0ad611fea37879e8bed2458f288ef631,7.05,USDT:7.0549
0x835558e0a707d77cd66c36949de7ad7d7218f3e8,7.02,DAI:7.0163
0xcf1fe4111f558e4c367dcc892c656ca0c47217ac,6.95,USDC.e:6.9494
0xabadbed9ee3839304feb849f41e7d1359ce6c5d3,6.94,USDC:6.9390
0x14362387b621321f01c1d821ed014b136a7776dc,6.90,USDC:6.9000
0xd61e0efc979b3d56dc71d4cd763748b02420e8d4,6.88,USDC:6.8835
0x84e81e3dd82999c74eadb9b0763ad3f772ca24f5,6.82,ARB:75.1033
0x2f361c294ae61bbf15452b16eba73ff3baecda84,6.81,ARB:75.0480
0x6177b5bf3aa32a9c3a962c7a5197c5d9a5433b00,6.81,ARB:75.0000
0x7f6720bf2494543d4915907dfab178c59cbc556d,6.81,ARB:75.0000
0x9eea62730aa9d12de7b20b4c8dae937b90da3f51,6.80,USDC.e:6.8029
0x565b11937beb99482d85447153a993fb32937087,6.80,USDC:6.8025
0xb3e82cd604703da216cacb0196b1471b9059bdfd,6.72,USDT:6.7212
0x1f78d430a5005a72ab45f4e32f619ea02ea1ac67,6.71,ARB:73.8965
0xf53e047a9bab9911859f184ba3b4cb84759b1996,6.70,USDC:6.6971
0xaadd767eef3e0064a7fb52924f62bba488edbefe,6.68,ARB:73.5398
0xb4f7141ce59f4f0f471cf7bdaba288cad75b2813,6.60,USDC:6.6044;ARB:0.0000
0x225f46468122227073dadfd06fb735d6fdc58d6d,6.59,USDC.e:6.5907
0x4f278178f6a0668428c20e341812f8fdba1b9535,6.56,USDC:6.5614
0x0a3a1ec7cf57cb920c66b4b4e7956a0bd0234cbd,6.56,USDC.e:4.0922;WBTC:0.0000;DAI:0.4768;wstETH:0.0002
0x6d84da6986695b07575cb1de2cddd4c4e5c3d9ee,6.53,USDC:6.5333
0x86d14f191f5ad939568fb001c06fd7a933a42fc8,6.51,USDC:6.5073
0xf07df398fe5f87caca4cd47d72511443f6d0222b,6.50,USDC.e:6.4994
0x4050d65387cdd1629e0157cb1a43ca246b4d350b,6.47,USDT:0.1636;USDC.e:2.9944;DAI:3.3171
0x539eefaf07cdbb6184c6af72d61351796ca2ef28,6.46,ARB:71.1869
0xa5739a5d91a5e6c9313d79a965260a1565b39707,6.33,USDC:6.3338
0x3c7813a11bbf6525213ad86bec0023eb5395c38a,6.32,USDC:6.3167
0x01d5cb398aa654c70c92e5c10b2d4e58b3eb56c8,6.28,USDC:6.2767
0xef65d4871355d61ab2c0d414a69beab3be3d46d9,6.27,USDT:6.2759
0x0f5efcfe8f7fc6ffd19c7a19743d1885f843240e,6.26,USDC.e:6.2644
0x803cd409d7e959516b8821eba3f112bf5695ae22,6.26,USDC:6.2603
0x0a3b67b88adf575654e071cf9c3e8065fc365967,6.26,DAI:6.2596
0xf7025eb304674c32bec5c6931551a1f94fe6a25e,6.24,USDC:6.2451
0x1d2efbda5a5d44011a7961440a6b376d29ba3075,6.24,DAI:6.2377
0x83df8de261c8c19cbf005534e7889f6bfff5070d,6.22,USDC:6.2182
0xf73f764f5c6410129fc8c76e39dd2a07ab5722ee,6.21,USDC:6.2100
0x7d63a3ec403a84bbcb9ae79a3b27265458b411bd,6.15,USDC.e:6.1483
0xa636098531cb9cfc8d03e165afcaab6d58750d49,6.15,WBTC:0.0001
0x57cfb3e9c7ac37b9a356d90ff7d77de1af71808a,6.12,USDC:6.1159
0xf15a4c2eabd5780688db52d5d6dd7bf3027d83a4,6.10,USDC:6.1010
0xffb3def31eb65189485461ffdf518058093a2832,6.03,USDC:6.0333
0x96edc2318d591d13dfe1999cd20dff781ee63591,6.02,USDC.e:6.0222
0x7d203b9b0906cbbdae7cf83159ac42ac33afe00a,6.01,ARB:66.2327
0x859baef3372920286edadf62a9582435b05bd213,6.00,USDT:6.0052
0x8084bc2d717c436c85a7e9266e6c2cc65a063fef,6.00,USDC:6.0000
0x8295de0744ac32694a5e192d23cede708ab86fc9,6.00,USDC:6.0000
0xfa336c62d378a82bfc150da3d87cb6600f177429,6.00,USDC:1.0000;USDT:5.0000
0xb344a2d724dc301a8aa3661321d051a8e2ce2d10,6.00,USDC.e:5.9969
0x70ec78546f163b3c24f8a4c4deea4f9a4949e8ce,5.99,USDC.e:5.9940
0x4dcc5de8e27e0df3019eab4395abcd17ec31ff15,5.99,USDT:5.9940
0x1e5ac7f6d29ece598f5119be46089271b031b334,5.97,USDT:5.9706
0xcf01df4422d1803fd7ef485980576006e8e9e41e,5.97,USDC.e:5.9696
0x1f5cdc7adfc2c14f84ea0aa4b9ebd739061ddcef,5.95,USDC:5.9529
0x456324699f4d5a97c2ba8aeb3a6868b0b5f09cd1,5.95,USDT:5.9473
0xacfc3eb8ba9f812836db7e18dc8c02ba65c12086,5.95,USDC:5.9462
0x9b1a66cad5920a934c87180c2e95bcf52c01549d,5.94,DAI:5.9438
0x4d3326d230715f41b64ac228d79dda3bd171cd54,5.90,USDT:5.8975
0xfd2a7511813c319ec598cfd05ae4be7260e72eaa,5.89,USDC.e:5.8924
0xf3d4118a1b8e77f9acdca18f3081c134c160e7ee,5.89,WBTC:0.0001
0x3db944bb53c5e9f25631c40ec106c47ea5cd33fd,5.86,USDC:5.8655
0xe7e40619a4df389a3420af59dfae8b69cb05a6f3,5.79,USDT:5.7930
0x35273924ffe1b73f27b71c32954f081fb9e58d94,5.76,DAI:5.7636
0x9d05c576f27c03d2b0aafe6ac8ac0d1e3e51abf4,5.70,USDT:5.7064
0x0cfb21f762c57e0bd566f2918604b8e305cbb305,5.70,USDT:5.0000;ARB:7.7000
0x97ded23d3f9ca82560c1e4f129ad25a1c8dd1807,5.68,USDC.e:5.6762
0xa94facdf6530521e744e11fea4652e3eac505ae3,5.63,USDC.e:5.6329
0x1261a10b23f0e9fd39dabf923625e213bd8ff09c,5.63,USDC:5.6272
0x84b133078ed103c2c89dfc2ceec8342b25d7dc8f,5.57,USDC.e:5.5702
0x34c49b21163683049beb28016c5cc2fb06216917,5.57,DAI:5.5690
0x4a3f344389eca000778f10222bccae29b8dbad5a,5.51,USDC:5.5116
0x4cfda127ef9efafc344d4d86d5a31da5253a9945,5.50,USDC:5.5024
0x09585bdcc3a036a837e05820f2af8bbeed881beb,5.50,USDC.e:5.4995
0xfb1ef09a0decb91cea03d577e6c156b843fb4ef9,5.49,USDC:5.4872
0x8b89380bd0b73016197c76a2a63b3155f506a13a,5.45,ARB:60.0000
0x59e0f1e5817d70b7c6583dcfa688dbaf9d1f6bcd,5.44,USDC:5.4439
0xadf02e04576139443dd9b00a328e10c10ea54a48,5.44,USDC.e:5.4405
0x7b3671a10032f59ac6c8bcead3360bd6abe0b70a,5.42,USDC.e:5.4176
0x0222cbd9e4aa9838aae393f94a28ad7b52d58e22,5.39,USDC:5.3917
0x3f3f4e8738313d996a735b91419940daaea0c4c7,5.38,ARB:59.2816
0x6b1975107a42f6c3b7c62e76200bd91b3a4b5fd8,5.38,USDC:5.3818
0x8bfbaa24c27c6309a95e0aa22801bc1d61a52558,5.37,USDC.e:5.3741
0x144d2c1aacc7c929d424a1c8eecca8326930bbf9,5.36,USDC:5.3647
0x26454a64ea66811ce27225204fb50b948c2e6e64,5.34,USDC.e:5.3425
0x484cc23e98eab85d873f8e292412dfe20d20c00b,5.34,USDC:5.3418
0x2cf81b4b2d43c17f861573e7cfa4521a1504ae81,5.34,USDC.e:5.3368
0x6798113e6a4970633af197614a1a95867467ee70,5.33,USDC.e:5.3314
0x9a01182a867d6af8d16389579f0f5000f03c6555,5.32,USDC.e:5.3206
0x8a2ede1066bd759294c38ad7577de359c9799e0f,5.27,ARB:58.0854
0xe610d762b3095f882fc3465472f62b3dd724183a,5.27,USDC.e:5.2684
0xff53edf15fa098924137161e55952f80681d5310,5.26,ARB:5.6472;DAI:4.7429
0x2ef7c4d14a1cd9326c3be8b65ae4cf17dd03f367,5.24,USDC.e:5.2454
0xb05281e9cd3ba73eb65d3325af0fbee379b9300d,5.24,USDC.e:5.2435
0x4a43797041eb8c19ff0045f49cdd34e7619946fb,5.24,USDC.e:5.2428
0x65861a96a086b418f9bf12562bf3ad18d80870d9,5.22,USDC.e:5.2242
0x574f4f1788b0ca8b64b0888414adcf983107b718,5.21,USDT:5.2163
0x51bc05dd22bf05872da2548e0176bf20930aa4e5,5.21,USDC:5.2064
0x4269bf9727ed052c40e6f127ee0dd5e2ddee6289,5.20,USDC:5.2040
0x4e45ca4e00e1b735d6479d343a0cd4b2637768ca,5.20,USDT:5.2046
0x2056e6f4d921f058151ab485c194d74e0c3626de,5.20,USDC.e:5.2006
0x52f3d948c4c21b976cdf96a917a350a057efa673,5.20,ARB:57.2212
0x1f63a803cb971014745cc0fd21b689ad31975268,5.19,USDT:0.0969;USDC.e:5.0969
0xe920665b085f402b339181781f6faf7b68e54455,5.17,DAI:5.1682
0x8cacd6e4fa64dc8366a7619d344bf39d6d564160,5.16,USDC.e:5.1585
0xe73c15b8c06827997bc63f1a80282796d84c6ea5,5.15,USDC:5.1526
0xe2e394e397f72493710e2f9e893f21eab0ea5500,5.14,USDC.e:5.1453
0x85b4cbdb353b2ac26e900bc37c7337e380ca11f3,5.14,USDC.e:5.1432
0x95749c8e5e61dcc5bcfffcf577765734c269ea93,5.13,USDC.e:5.1297
0x1568edc3590110dbda14942f2e7469521579c8b4,5.13,WBTC:0.0001
0xfa936379896f51227afd738c901ef3ff08d4e516,5.12,USDC:5.1206
0x8bdc983d4264fd1cc40114a81dece44b8711ef91,5.12,USDC.e:5.1189
0x5150b2151b478b5891e3d486d45389420828c99e,5.10,USDC:5.1026
0xb4765bee75a0fa0a2f66bf68ce1796c55854c154,5.08,USDC.e:5.0798
0x2f5550e7f5643a91faa5c30254c18a3ad49adab7,5.07,USDC.e:5.0700
0x3acd8c68edcac9418f71309ca9565912f1c2de7d,5.06,USDC.e:5.0615
0xe75c50aba1e857539212f816d4d95f89fb32ff57,5.05,USDC:5.0540
0x3f8a2f2daa017b087c1b6254edd16a0dd4823ced,5.04,ARB:55.4745
0x70ad1b39ee5b8f90cf87a5730668e77e5465cc24,5.03,ARB:55.4253
0x26e366d74ca8cc5969f42de33f2dfe7c9d2a7309,5.03,USDC.e:5.0293
0x26463f18fa1f6d850542b13376edc152ca8e970d,5.01,USDC.e:5.0156
0xd9cda8a7a61a31a06b3b52aa1447fdabbd937a49,5.00,USDT:5.0029
0xe109c79054fb57d2ec84f073acadc0180d296b20,5.00,USDT:5.0016
0xdbf1aeaa91fc6356092496f58d09c2cdad25ff51,5.00,USDC:5.0000
0x5f96322bafb9b06e33930e68bf8db3f23f83f126,5.00,DAI:5.0000
0x52e3ef89ab0dfa30d737001a48a82adbec44c75f,5.00,USDC.e:5.0000
0x804aae8f76219c5270685b8bbd53c42ae5f5a537,5.00,USDC.e:5.0000
0x89b48c52f8bf26f29d04af1c9fdf2b9356d29855,5.00,USDC.e:5.0000
0x9cf9aabd808e6f7ccd6bcbc696ffcadf731b26f5,5.00,USDC.e:5.0000
0xac668fc589f53f19f32957e8ab29a2a281ff0e6e,5.00,USDC.e:5.0000
0xb389d1b5defa53c43a8223c72b16f2620a7af364,5.00,USDC.e:5.0000
0xbdf923bff1b863b51ee8ae31976e6a1d4f7830d8,5.00,USDC.e:5.0000
0xbcff91cd7befb8e114eac5aa87ad9c72243f4ee0,5.00,USDT:5.0005
0xe1a5da08e23d2c8dd6d9c00b2897e73c83c553b2,5.00,USDT:5.0000
0xd112e11a9a48e72d409a35779270e19c0339b0d0,5.00,USDT:4.9978
0x22712b98ee657d75890408102090490c13a8180a,5.00,USDC:4.9960
0x4c47fedc7e2b9d470fd193f0d4edf86dfce685f7,4.99,USDT:4.9884
0xf234944a10fbaa23abed501ebf3e8a3bfcab1131,4.97,USDC:4.9735
0x1182f69f7b65abc3275a6497435ada582122613b,4.97,USDC:4.9733
0xcf33539d995f63d6c7ccf0f181d9d72303c12b91,4.97,USDC.e:4.9662
0x808ddab8e8d4ea89ad2f6f3ae7ea1d584b68325b,4.96,USDC:4.9575
0xf92609e8894b3dd7cabb59332666cbc9cf85d60b,4.94,USDC.e:4.9453
0x30e8933c630de9d4120b390266ee82cc44f21db0,4.94,USDC:4.9444
0xc92f819ebc87ee90006a9542f24c58308a6e6140,4.94,DAI:4.9359
0xfd84c6055e11c18c42d25b02120704aac646143d,4.93,ARB:54.3417
0x6c383dd7d2418960211ae76ae7beee34abd372aa,4.92,USDC.e:4.9238
0x62ab27837bfbc406cc5799ddc2b0572da93dbd59,4.92,USDC.e:4.9229
0x46c2358bbddcf4e2f8b33b5d84d36d339d996e4b,4.92,USDC.e:4.9193
0x75f3b20555b3d7dd9ce76f8a2d97e8a934a8f091,4.88,USDC:4.8797
0x52d4fa612d3d77fd974e069af7bde6af651f2e41,4.88,ARB:53.7115
0xb8ffccae4807c3a50c0551b8c5878f43c2ad52f5,4.87,USDT:4.8686
0x8ddc0b615163be69a632b7a5f85841bcfd228399,4.85,ARB:53.4476
0x8b2d10d55a1d45d0b8f19b0da2ec20b665632371,4.85,USDC:4.8538
0x5830f0f44ca2f3cb39747d6deeb148cc178f5ea1,4.84,DAI:4.8403
0x107b361c2a0be597f3d3da6f869fe14b56b08766,4.83,USDC:4.8325
0x185ee227f260d624300fc9c37946af6f59e74481,4.82,USDC:4.8159
0xdaad187aedaa915952bb1bbe6266932ce44422b2,4.81,USDC:4.8066
0x548f62521863df593836b7ab04aca9352a668927,4.76,ARB:52.4475
0x26f744ff1830e8bcd3d287d1c98579cd59d58d05,4.72,ARB:52.0000
0x862e6ec742ab619ec9a529ab9f87ab7e8b205416,4.70,USDC:4.6971
0x9bec617f59bf0e5070a11bd9f3e4d82aa705132a,4.69,USDT:2.8739;ARB:19.9999
0x82ff1281837f75eeab0485a2ac4b14943f57674b,4.68,wstETH:0.0016
0x18b7b998e0fb92ee29fa89122ccf621406ce0394,4.67,USDC:4.6741
0x7cde5621e72ed27826143cee5314a60205e78b88,4.67,USDC.e:4.6735
0x9d1d595b3aaf35d007dedb9b07134ed4570cbcc5,4.67,USDC:4.6700
0x48d35a75f120b65de0760311bb43f6e54b1ee51c,4.66,USDC.e:4.6623
0x7c72ec0905ef1002d7d540164a5d8ba2d3f41731,4.65,USDC.e:4.6471
0x54d84f2cd278db7ea02f6359e5e52731ed3069e5,4.64,USDC:4.6393
0xdb18e773f4b214f04a508a00adb8cf76fbc189c9,4.64,USDC.e:4.6383
0x7015a32035ac9e5845da153929901a5b491a0098,4.64,ARB:51.0520
0xe9c9834052e342ddb1aeedcee968efd9053e0b1e,4.63,USDC.e:4.6269
0x94340b7ee67b6524c1549f18a0404895dce302e7,4.62,USDC.e:4.6225
0x1391ab25e86234ceb0c0648e2ca72c995c875faa,4.61,USDC:4.6108
0x4fc78bada778fb0181e4f971505323821e85bc0c,4.60,DAI:4.6023
0x4a77c0e62a48416c91482c490daf0da5e521532d,4.60,USDT:4.6000
0x641fa2a6cde7d417e9d9de8127efb032197db42a,4.60,USDC:4.5989
0x2aef86362b1bcdc78a34f05c349c30d8760884e1,4.59,USDC:4.5877
0x95ed1d413488ba3d61cccb8f51128bbcfa10498e,4.58,USDC:4.5756
0x0e4cb1ca39313a34b92ce39ba78748f7edd71e15,4.54,ARB:50.0000
0x2204ec7c111270d69533c6802c9bbba58da08434,4.54,ARB:50.0000
0x58dc30fcdb48d2348fd0ad5e98f930e2972e9d36,4.54,ARB:50.0000
0xda2ec6b508b06edb673918a1aa2d432cf4b5b04c,4.54,ARB:50.0000
0x53c7936f8fc30d8489dee872dcbf1966ebb68241,4.51,USDC:4.5133
0x750129c21c7846cfe0ce2c966d84c0bca5658497,4.51,ARB:49.6576
0x97e4eb7f19bc672805707c851ff15d5423149947,4.51,USDT:4.5080
0xed7d2932a027b51c04bfb582dbf2843a40e6888c,4.51,USDT:4.5064
0x515ffea5dd984eefedeaecb36dcf190a8386e922,4.50,USDC:4.5012
0x662456e3090185ddaa914be5dbcc7dd70490951e,4.49,USDC:4.4881
0x4be3970d9dde23120ff580978bce23d2ba3bc0e5,4.48,USDC.e:4.4811
0xaa7618ca1ef07a107c67ca6f8d94d06176ba5417,4.48,USDC.e:4.4804
0x6877654e79119a7f9a8182bb2389e797ca421d24,4.46,DAI:0.0000;wstETH:0.0015
0x2f2e475b89629edffc19f7d2284620e47ccfa8c2,4.46,ARB:49.1079
0x0bc7428d690b66b5530826b1673171100b57ee66,4.46,USDC.e:4.4599
0xe569d3f2f7d7f251be4d9f2ecf702e4520618e85,4.45,DAI:4.4495
0x8e1af997806024f43c6471f9011ee18a2954095f,4.42,USDC:4.4194
0xc59a0ca431216f10cd5c11831b9628182fa3ac3e,4.40,USDT:4.4031
0xdcd1f2b121f13c8cf5b1aaacaefa2d2a416a9fc5,4.40,USDC.e:4.3980
0x33132d7ac22dbe6fe3623df24dc948448521809c,4.36,USDC:4.3650
0x6500f461c1f9fa106d841b23b12cf8b5116cb091,4.35,USDC:4.3477
0x8e93d523f286ede482cbbaf01c8009ebc31910fb,4.33,USDC.e:4.3304
0x36ae534f82ea6c6e6ce33830557065c9bc2f2e8c,4.32,ARB:47.5348
0x0794a504f78f5d80b0b46dace93c593fc8219d53,4.31,USDC.e:4.3086
0x9d4af90dee8f5c8bdb3c50a684c37228df419ec1,4.27,USDC:4.2684
0x9432b9dad172f8cdb5501e6e60386a89bc712b4b,4.27,USDC:4.2670
0x1b5abe83cd6ff9a0fbb3b8b0eebd9d96a764b937,4.25,USDT:4.2506
0xda93df9eb5229e7dd1aabe2bca8c04406adc5f13,4.24,USDC:4.1825;USDC.e:0.0500;DAI:0.0100
0x58f296189330d59454e9c6ce80cc0abe60514e6b,4.24,USDC:4.2403
0x51545bf4e91c331c1b67350785aff1daddff1927,4.24,USDC:4.2383
0x1be6dfca1e2bc6cdac5ace8611e4deaeb841dfb8,4.23,USDC:4.2294
0x9d2f13406d84eed1f24cd6994659af3af59a0195,4.22,USDC:4.2215
0x1e49515f9233e5c5865453f0dff9d346dcc3b261,4.22,USDC:3.2219;USDT:0.9997
0x7b0acdc511f0d4727143139f64d86128ac304592,4.18,DAI:4.1769
0x2398434645b1f303136e8f3d36ca45aaaec169cb,4.14,ARB:45.5454
0xfe9181b2f1148b68b677ba7175828ffc2bb34e2c,4.14,USDC.e:4.1360
0x14e7ea4814899080a6074022b2a594f2ce9f107c,4.12,USDT:4.1200
0x0c3513de0e39035e1e985e4ff84f293a534c8ea6,4.10,USDC:4.0974
0xea1fe80eee2c7d91bc661882d56988946ba7995e,4.09,USDC:4.0952
0x648e5156f7c3d2af1d1c401e52e2f244fbbc96da,4.08,USDT:4.0800
0x47da3a1169e2db17267c107eaa740c6adeb90b4b,4.07,USDC:4.0708
0x51fa6a54e891d5e6e602afe0967a1d568340f74a,4.06,ARB:44.7489
0x143fa08889f274c2c6f8514bb7ac61ee7ccc8e62,4.06,USDT:4.0635
0x059f9b3eaeb183feb097a71a861b35ae6f22afde,4.06,USDC.e:3.0000;ARB:11.6827
0x7e46796beef510cfd3fc830e30d56b427f9a4518,4.05,USDC.e:4.0502
0x911bd522c708a076b4abbfa3f532497f567142f2,4.03,USDC.e:4.0281
0x3c2b38d3b738b74a09ba2d29b95eee2c6758e23c,4.02,USDC:4.0231
0x59333bd7f7f79065eb81652ddb511074b44c4d2a,4.02,USDC:4.0216
0x76eae4e7987889a64f6bbccb47c8ab2201901c47,4.02,USDC:4.0194
0x6ef1d3a5d86c514a0f12aa19f5a837d9cec96085,4.01,USDC.e:4.0096
0xb7183377dea350f39998bbd6167bb90ff6e50180,4.00,USDC:4.0000
0xd75eb7c3e5cd26f9aca1d6a840510a9cfff23efb,4.00,USDC:4.0000
0x29d87af330f8fb079971f2ccba82f0f3c049a042,4.00,DAI:4.0000
0x44ee9a9a4058511253142bcf4a90add50c0f3697,4.00,DAI:4.0000
0x6710c13fddae7a2ad314ce46f7c58ac9e0c9d556,4.00,USDT:4.0000
0xa3d87338b634f3b5ee3070dbb432aa9ca2df0f21,4.00,USDT:4.0000
0xe6b9aba69c6a85a48b779c40bf6ac45eb56fd09c,4.00,USDC:3.9983
0xe84dd4a79583e24ee485a89f2ae21f3c97a77cc0,4.00,USDC.e:3.9973
0x11e694912ef68ad68ae9b3dff7c76f23a5578337,3.99,USDT:3.9910
0x7b6203685d5a57fb2e62734497151fb4accb93f3,3.99,USDT:3.9906
0xecd3ab44942dc8d1ffc8b5b86cfbfda79d770d2f,3.99,USDC:3.9887
0x1166398fdb744e168abc8328d0195cac331cf60d,3.98,USDC:3.9813
0x772e7fdbcfc4290944ed7c4a10e22f190553dd8e,3.96,WBTC:0.0001
0x3e0be99468809c757ff97450066195f6428d9360,3.96,USDC:3.9555
0xd09db263096fb0bdd2e466d14ae68ec43a1a7282,3.95,USDC.e:3.9538
0xf70f61ea713216a1a42041b94bc3dba7d15af97a,3.94,USDC.e:3.9451
0xffe09f6cce831f595e6f5257fbbe2eb64fd94e55,3.93,USDC:0.0061;ARB:43.2156
0xaf09af1e0d7371bbae3cad0b36d5fcfdc5a9a72a,3.93,USDC:3.9302
0x3e148a0ba133376724bc52fde5babdb695fa3b69,3.92,USDT:3.9200
0x5bb3ee4a6189534bac4405e7017cb5753a26abd9,3.92,USDT:3.9200
0x36cc5e19ddba2ceac8ed9350328409f3768b2716,3.92,USDC:3.9167
0x6a78218da49ceb863a0423c6aefae71c04b0a2d7,3.91,USDT:3.9080
0x221f2e57b394de8b14305bc720e406f4886240a9,3.91,USDC:3.9066
0xde876927cde6fbb5b99bb92e0993b983dd5eb4f7,3.90,USDT:3.9040
0xbf9a5c7b163bcc003ed4fb0770fac5f18f2578fd,3.90,USDT:3.9000
0x3cef67792aa0e7dec64e70b68737b2dd2b71a875,3.89,USDC:3.8920
0x38ee5c5a8dd6eb4245102dd677b8f6f6a602c97e,3.85,USDT:3.8519
0x38cf1d1b943d2970a1a8b65f58f0f4a5e789a9dd,3.85,USDC:3.8240;ARB:0.2741
0x50d5a4ec7231b3c5e5bd5c3bbb2da8c00623663e,3.84,USDT:3.8434
0xbe2fb936b7aa014829608dce682da104da96bf4d,3.82,USDC.e:3.8210
0xa247a7c0a040cb3d106fe3395fbe26abc3ed51ec,3.80,USDC.e:3.8008
0x25e296145a29e34ca8a6ebe87de6493bc5fb902b,3.80,USDT:3.8000
0xaed7cb46169a0d0668b48cb03b62edca9624e969,3.79,USDT:3.7951
0xa41f88bddcd25963bbbbc864c60d64e436fa0b70,3.77,USDT:3.7688
0xd456af6c73c17b3fec6c336bcdf7c55227538902,3.76,DAI:3.7597
0x4341d88e8b4af27b35f0d1a39c002562739a12d8,3.75,ARB:41.3281
0x8a10f345767283b0fa1f865dc9b860f819470397,3.74,USDC.e:3.7451
0xab209e237bef32afc8c02abeb6ea79250ed7a102,3.73,USDC.e:3.7339
0x25bce3517cebb9bf90bd7b19575037d3e224c65d,3.68,ARB:40.5155
0x2e3e0702ac4fa7d848d32e345300e92dff810f10,3.67,USDC:3.6719
0xc9797bc50cc5f043cf1f6c11e86d2eff17c64c54,3.65,USDT:3.6503
0x7e0ed071d150ad0c5b9cfc015929589d1bba8be8,3.63,USDC:3.6318
0xdfc6da6e8477f3389c605b6436fa4b7de8f5810d,3.63,USDC.e:3.6266
0x5b78f06123ee99dc8b21d4e1ef51afe08059d5ec,3.62,USDC:3.6168
0xfad6983c3b3a8242604af96422eb2a8175e4626e,3.61,USDC:3.6094
0x24abc16556009f1455185818b3ce72f053f24273,3.60,USDT:3.5992
0x1ecc29e09fd12ba16d9eb2edd413190489945fe8,3.59,USDC:3.5904
0xb9df1366f6e01bd2d761a8af1c61a1d4b1cfc08b,3.58,ARB:39.4183
0x862c4c2dc134d59b5351ed52eaa5d15442245748,3.58,USDT:3.5775
0x9fd73b19c502a503d84989c8dfc8849a0de06656,3.57,USDC.e:3.5692
0xe0b7b5e02dc976c3fcdc240f2c61c4b7193baa98,3.57,USDC:3.5673
0x5db5ca78eb35897d24c2febba1a23f8af5562c9e,3.55,USDC:3.5552
0x44da7dcd75b9e628865ce607a7474f095e6a8d09,3.54,DAI:3.5432
0x86f462f427e3032ebc469a289805b78b184cf6f2,3.54,ARB:39.0000
0x41ce93d80bc418dd2584e34ec479d347a456127c,3.52,USDT:3.5255
0xf3abc6cd23ce9401aca6d63a8f8db77b4978e47f,3.51,DAI:3.5082
0x8758c9151bbb62dceb0c59adbfeb50f8474f7d7a,3.50,USDC:3.5000
0x1ddbc1b8f5f9c6e60071310f73cc03b98140fd7a,3.49,WBTC:0.0000
0xdc264ca6d1c759bef5ba74799ff699f13f8bb8d2,3.49,DAI:3.4916
0xfc6112201368cba389d9bf4ab399567232ad8700,3.49,USDC:3.2972;ARB:2.0995
0x9b7b0db55af5329ca9a8b3ba72f5231495e74ca1,3.45,USDC.e:3.4513
0x10caaec62794c1fa8b9753711a58fe67064f61ed,3.44,USDC:3.4360
0x5255a34d98e84ae71fba212d7819ace872b0e453,3.43,ARB:37.8039
0xf8afc0e552f9ed854e94d61e9a57ca94daed6f45,3.42,USDC.e:3.4249
0xf055cf793c51613416a1a5d25b493d49c20b4495,3.41,USDT:3.4141
0xf2c1850f0074cc015c74f0588a75742b51aa0690,3.41,USDC.e:3.4065
0x6109f356d5218e2890fbe08d281791fc87143881,3.39,USDC.e:3.3913
0x13bb31bd57134f5a20f55810c1f4d893c7d67be2,3.38,USDC.e:3.3784
0xf26a86642d72a898f9e2ac8461e5cb0f833df712,3.38,USDC.e:3.3777
0xbb432cc848a06c6f302675013f328cb0ba8478dd,3.37,USDT:3.3705
0xf25c98586a72bf0dae04998bb4d8ce089a2b9013,3.36,USDC:3.3648
0xf509784e43c9e5bd2db7772c7853d49b0df9b526,3.35,USDC.e:3.3552
0x3046516ba9d56d9766e80b33d336872889277a99,3.35,USDC.e:3.3507
0x978c32bfbec0f8c356bc0714835b2b51267a56f7,3.34,USDC:3.3357
0xe315d1d10391d6444746333dd66b5084a00842da,3.33,USDT:0.0021;USDC.e:3.3244
0x1b0053f42dab4128b0582f104d92747b1570c8c2,3.32,USDC.e:3.3254
0xe3ab3d44321ab3d140f7ad8853ab594f5d068004,3.31,USDC:3.3150
0x601828e7efca776fbd4a92200f740cc901f073f8,3.29,USDC.e:3.2897
0x3e676bebb8b9bbffe1e552b077678e002c08ae5a,3.29,USDC:3.2884
0xf4058c6d3d71a6be19061bb87d5c57c9646aedba,3.28,ARB:36.1704
0xd26d6b1d03c35b08d58aa40db19b9d29913073b8,3.27,USDC:3.2741
0x34779a18428175b475fafaa16ba09a3a3548ae8f,3.26,WBTC:0.0000;wstETH:0.0004
0x7c73bad722e699ccabd3737980c0e04c1907d14a,3.26,USDC:3.2571
0x5558ac2c3e751870608da7e4d348cfce3df0fb49,3.23,USDC:3.2314
0x902724557dbc6b826926ec7350bebd89e830971a,3.23,ARB:35.5579
0x2aab340134e5a146dc9670f09b63e596a2c1b4d2,3.22,USDC:3.2235
0xda4ef52613bf27da593098972215da7325a4080a,3.20,USDC:3.1980
0x95ba089f76b36147506dfcb671786afd22fba13d,3.20,USDT:3.1970
0xe9f0a9d6b011993e17b503dda1b5d5f4e89a5135,3.19,USDC:3.1941
0xedf96722aee3a29027e14c0c9fcf5282550b5605,3.19,USDC:3.1456;USDT:0.0411
0x413dd3c8aae8b406a6baa3e0aa77abb01b3258fd,3.17,USDC.e:3.1728
0x71655399da58feb1796383a85edf0fefdea7274e,3.13,USDC.e:3.1347
0x2db5fbbff0ca6e87e5951a0fcee8060992771f2e,3.13,USDC:3.1334
0xbeebbc368eca672821e698045fef795e2dc5bb73,3.12,USDC.e:3.1156
0xf9344061881a5df17bc1bba38423c10bf13760b6,3.11,ARB:34.2918
0x5aa943321f5b22bcf7a7d09c7eab8137aa1b72f8,3.10,USDC:0.9900;USDT:0.8900;DAI:1.2245
0x879967cce21f2cbe32a361736555987e26984d03,3.10,USDC:3.1028
0xe143fbffda59ece865f4ee3a141513a03eb017b8,3.10,USDC.e:3.1017
0x215cc8815e4acb3510690c06ac75e0f9c2723f93,3.10,USDT:3.0986
0x5d7af0ea0f1cb524422c44e262045a863482c70f,3.09,USDC:3.0522;ARB:0.4202
0x6e89216b6d5c8fbed5cdb21b7838b801b9a9ca52,3.07,USDC.e:3.0676
0x0c4f7f96e70cedd9d10cecf56e88855cb8472dad,3.06,USDT:3.0616
0xdd742fd30defbe03b0c6d86846558e038a882e6f,3.04,USDT:3.0381
0xb017d431fd2fd6bb7a36040bf2ef4cea07751dc9,3.04,USDC.e:3.0362
0x4b7e35f43ad7f39f99dbc7f3a8a0828632a835c8,3.03,USDT:3.0349
0xba04f91807dcb266d0976f70c6685b63a2e862d7,3.03,USDT:3.0332
0xe05d2c0fbcf5716a108b1f15116e91f584b24d51,3.00,USDC:3.0009
0x395b228211a5c7378734f1636d6dcd6ff3cf1f11,3.00,USDT:2.0006;USDC.e:1.0002
0x3264e2331aa010f52f3dc5d1fdac64870af0605b,3.00,USDC:3.0000
0x80695b25bb0f97b07aecf33a4f95ecdfe90fadb5,3.00,USDC:3.0000
0xf1bffd0e76ff652cb6d88d168d75439f5427efcb,3.00,USDC:3.0000
0x1cf69c9895b7a1bcb6a14a4e5778cc26f4b2e0b9,3.00,USDC.e:3.0000
0x68e746d75e22cd38e5286e83187c49ba5ec19f76,3.00,USDC.e:3.0000
0x69509364652015dd60dfe20a1dbfbe548d70e68d,3.00,USDC.e:3.0000
0xfbe6d806eb1dfb9f7f619f13ac22bce1bde5c42b,3.00,USDC.e:3.0000
0x44d51cb17e8df4f13120472beb772a7d1832324e,3.00,USDT:3.0000
0x7ca5f05bea3bebeefadafd0e55684bcc62abaae4,3.00,USDT:0.8200;USDC.e:2.0376;ARB:1.5431
0x6be78f6fa8bba876a26e1cef979ed2760101cf65,3.00,USDT:2.9970
0xec28d6f2bf8a379c4dede7202406843960c9c3e5,2.99,USDT:2.9932
0x7fe6c7acb185e6eafda2ebecb9240d9cfa24477a,2.96,USDC:2.9612
0x8d69f0d352f7b40b8434b3200b85b1feec696941,2.96,USDC:2.9556
0xd0040a452a9c2678c57ede5084812691f0d0aca6,2.94,USDC.e:2.9377
0x5d3790db5c960c765fa5d3d65741b44a4a971bcb,2.94,USDC:2.4829;ARB:5.0000
0x91a325380d8e42f502aa8f1bd589f73f9c5067dc,2.94,USDC:2.9364
0xa9563dd56d819f2a2d1d7a82657c874a1d9081ba,2.93,USDC:2.9318
0x5d3e491526a37e996e5adb79ee939850851c38c5,2.92,USDT:2.9233
0xa0612ee0522254bb64a5686ca07770de465c3813,2.92,USDC.e:2.9169
0xac74aa11a1dcbd5968ea2c05b37061a6fff11712,2.90,USDC:2.9043
0xbc0a4e163d6e9a825b491747c55b7af3a7c4f2cc,2.90,USDC:2.9042
0xdc79900027c25a1b475febb533a5baf636de4436,2.90,USDC:2.9018
0x7c633fbbfc792f9c9a89d80634bf811eadb2cb79,2.90,USDT:1.3249;USDC.e:1.5754
0x2aad0f02471c2b7b6d57ce6ddb2c5e0f970cad92,2.90,wstETH:0.0010
0x4b83029dca8a8b962b11d906f45054a7898c41a1,2.90,wstETH:0.0010
0xedeea493cec8fc2389b9753a0b3ab3ef9f7bbc80,2.90,wstETH:0.0010
0xb94ce019f2f26696c28ea30380579d51f24f8002,2.89,WBTC:0.0000
0x2f90a0976e852fa701739094c6307b854ad24ed1,2.89,USDC:2.8855
0xe36881a872a0313f510ec449b102876e77c166e1,2.87,USDC:2.8675
0xb4052d7ceb25effcfaa0ca456317632164961ae7,2.86,USDC:2.8593
0x6bd40c16aaad7acf0f5b4eed952cb8151e16964a,2.85,DAI:2.8487
0x34b270eec5fea4bcbf9205eeb268582f44fa23f2,2.84,USDC:0.0938;WBTC:0.0000
0x890217f486ef6ff90071fae436045b64e96df080,2.83,USDC.e:2.8309
0x07be8caad26827cf0e6489826b029cac20c90c15,2.82,DAI:2.8230
0xca1175d2f4eff896a52a7db256ff669f6f45c09a,2.82,USDC.e:2.8210
0x1a1e7e3340497aa27b7a8d662155f8f037f2d33e,2.81,DAI:2.8138
0xdea11717fc6848e1732b1577a87183d6dbfba10a,2.81,USDC.e:2.8124
0xc21763e3031e20d7aabb7f2a8f7251901412f38f,2.81,USDC:2.8083;USDC.e:0.0024
0xd08fd3e6c865842bfe6533bba2d8680a7424d1a8,2.80,ARB:30.7992
0xee16a15db5a649470d860be4c7ceacbae4265979,2.79,USDC:2.7888
0x56cf82b970d3cdb8475a59a4f7a8292be30e178f,2.77,USDC:2.7734
0xf078b3364a9fcd9e8a2d2c4c45610421837db20d,2.77,USDC:2.7692
0x05bbfdd9ea045f775ae7e01ed7da332684fcc601,2.76,ARB:30.4101
0xf40d5eca82090a07b69d593ce4095c801066b73e,2.74,ARB:30.1835
0xa76a3b66f8d0284a22ad2cb0bda48b7c7d78b744,2.73,USDC:2.7298
0x78db10929409834823f21ab33fff71c1b1d65740,2.72,ARB:30.0000
0x9bed4e22ef6237e06462af9e31974ebc7b2aa9dd,2.72,USDT:0.3591;USDC.e:2.3600
0xde841c8f40c7a51183fde9156f242bc649e7780a,2.72,USDC:2.7181
0x498586df89971335cda0dc7f1e66afcf51e1a937,2.71,USDC:2.7087
0x32682c271a3aeadcdaada02d26c83f71797da599,2.70,WBTC:0.0000
0x7956ee41495ac17752d00533e084b56bf2281f3f,2.69,USDT:2.6897
0x8beae4a9043dc7c63503d40701d61e10b3b8c094,2.69,ARB:29.6008
0x742f7e70b256aa278279ed97606d0e3d655ad521,2.68,USDT:2.6854
0x5b6a8f901c880fef03f1f4345be0a69c13d18cbd,2.67,ARB:29.4413
0x5e18280bb4bf7d4c1934d413fbe3fe4dd2e6e419,2.66,USDC.e:2.6648
0x7677c044ebbdf50eab032c030d4b737a3f3f4c31,2.66,USDC.e:2.6567
0x979be1483bb773a40205cc4ef7e640429d06b625,2.65,USDC:2.6526
0xec307ee870830d77b452e48b07aeef5eda607a14,2.65,USDT:2.6487
0x22f4fcd12d96425019719c44332b9f770228efa8,2.65,USDC:2.6464
0x097116627fe9d707b1c571a7a1313ceaa99f11a4,2.62,ARB:28.8583
0x7e9463a9505bf728359d7d5498dea59d03b96a69,2.61,USDC.e:2.6145
0xc964d6abaf8648642d984fb70c295b8e49bb4af6,2.61,USDC:2.6100
0x0dfbb88fbbc97746384039a0832e91c35862f385,2.61,USDC.e:2.6071
0xdd6a88ff98ed557c9030b804db0dfa8730656625,2.58,USDC:2.5793
0x63952c884950e2b4f84cf0635cd9886b0e461038,2.58,ARB:1.9197;DAI:2.4018
0xcc2de0b9035747805934f905fc09e6f31f344ffb,2.57,USDC.e:2.5692
0x3858baf4c16be74bfd134dd7af9761236a16f3fe,2.57,USDT:2.5674
0x165cd8acdb659257e82ecd1ba280efb69f4593fd,2.56,USDC:2.5577
0x382bdf9aa5eb51dac1095033cc4a53f38ba06a1d,2.55,USDT:2.5534
0xa5c9cfa4636ea23589c0b013dba9fdca4e057a6d,2.55,USDC:2.5456
0x15eeaadbf2a9b16bbc070f282491e09d68e40c84,2.54,USDC:2.5406
0x37633c9f778c44e852914c7056cbbbf75323dfd6,2.54,ARB:27.9341
0x1837654e1ec47ef44579c3ecbad6bf1b91d68fdc,2.52,ARB:27.7790
0x5b6004da03380df94f2a8233e46e79591356bbd0,2.51,USDC.e:2.5063
0x8c495abf775a10fbaac28223380a252a51c510e6,2.50,USDC.e:2.5013
0x20e9def892b9937f64246e0fd32f838bf8ae8c99,2.50,USDC:2.5000
0x0e1a190d40c630b8f71997593d0b4ca3dd92a537,2.50,USDC.e:2.5000
0x9cf31f1fb4f68bc832e211b0b2a04b4bd6572552,2.50,USDC.e:2.5000
0xa4ff537bf32fca2f8983b7e72e45479c496c173c,2.50,USDC.e:2.5000
0x821b9e725f75959e4ea31467a85794749396e848,2.50,USDT:2.5000
0xa7ad10a0b615c91579795ed148d2d0573e0929a6,2.50,USDC.e:2.4992
0x89259c77e1866ae8365303190326d95c0555ec53,2.49,USDT:0.0000;DAI:2.4859
0x7b983b4e1597eabfbe8fb3c4bbce961c0fe79242,2.47,USDC:2.4665
0x2bcb69595160c3fd49bcc731fd5d47c37c83bf54,2.46,USDC:2.4614
0xfaf3daa1737e5b0dc732baaae34656f21540fe46,2.46,USDC:2.4600
0x65453cec606db653dff105b5ae0cfacbe99f3ccd,2.45,USDT:2.4514
0xc8b283430710b85e0d914e06a392ff5a33b2f79d,2.44,USDC:0.0014;USDC.e:2.4425
0x17b3e4e89ade6289ab02a2bc92dd8e6a76159d92,2.44,USDC:1.7492;ARB:7.5612
0xda13b4b712b7fe4536d5bc5d2d5c7d5971c56af5,2.43,USDC.e:2.4300
0x864a6469dbc7b35c91a829e66649f7389c2ce816,2.43,USDC:2.4285
0x95f1c7c8fcbecb3ee5749f4c207e517ddbb25d8c,2.43,USDC:2.4276
0x47fd4087a953b0d0681a63e6664fbf7eda227ef7,2.42,USDT:2.4228
0xd9278f2251d1b849f336aa581600667a2229e73d,2.42,USDC:2.4177
0xca74fa17e3bbe8c2f96ce694d92eb0df091d8584,2.41,USDT:2.4121
0x51bc8e21b63ce7165ca580997a699a3f8ce53129,2.40,USDC.e:2.3988
0x7410b0c8b8da7c5dfbccf029732821bbc9673bf7,2.40,USDC.e:2.3988
0x83093f774be94a4c00669af6d01fde4f0fafd089,2.40,USDC.e:2.3988
0x920c9b00377dc4f4c3553dfff0ee3541649e06a8,2.40,USDC.e:2.3988
0x9fb44397c09c7b45b487c36278322d94eee3f036,2.40,USDC.e:2.3988
0x9fdded77389530340a9c68a6cb36f25985bec5d0,2.40,USDC.e:2.3988
0xaa337a7c1440632eed08ae3b75a2448b2e005c7d,2.40,USDC.e:2.3988
0xac106964d74e0e332d1873ad382dec7c5029c3dc,2.40,USDC.e:2.3988
0xc81656c472e3114618cbc55081f70d1079ae18a3,2.40,USDC.e:2.3988
0xef7feb15b0e5b2d4b6fcd666ceb6de97aa55ad56,2.40,USDC.e:2.3988
0x582ef39fffc3f65c7f25b706ee205e12456e547d,2.40,USDC.e:2.3963
0x50129d18faa28e7b6327501d716d4d8038e6d671,2.39,USDC:2.3933
0x955f3f8a503f8e0b3eebda4e8b6cc395fb881429,2.39,USDC:2.3892
0x4675eae5cc7fa12b8ad0040ade59e64f0485c7d9,2.39,USDC:2.3882
0x10e9087d4e2495f3115ad27d438cdad885682c1c,2.38,WBTC:0.0000
0x31ed7cb3c7d30d7f614fa4a42b8e4f1bca328e08,2.37,USDC:2.3742
0xf80c2b2dfe86de07a2e4f73eddca3bb7037bae9b,2.37,USDC:2.3663
0x00d7e92153a9b35fedfede04d19c7dc5583082a9,2.36,ARB:26.0283
0x00680258d5357a43458560ac0c8b41df2aefceda,2.36,USDC:2.3582
0x5ab5fc93c8f74cd29acf58eec27844ec019bdbc4,2.35,DAI:2.3546
0x83d84143f6beb43c5ad6df053f9bc7a8f12a1ee9,2.35,DAI:2.3511
0xcaea99183a384fc1e8dffafe0bac367322fe1cd8,2.35,USDC:2.3476
0x4c9db1df8ca7c979f3340b9d3b08e2c4d7e17b2e,2.35,USDC.e:2.3475
0x672203473614685d29e870463d6a9e531f977221,2.33,USDT:1.3056;WBTC:0.0000;DAI:0.0005
0xdda0afe1d59d270ae2110ecef800e0008f011e13,2.33,USDT:2.3271
0xca5451322a8101dab8fd557ed5271f7e67996034,2.32,USDC.e:2.3227
0x726e186185761e477cb1296f1eb08326e5fa694b,2.31,USDT:2.3080
0x11caec191c1d6448034acb238fd85b571bd7178e,2.30,USDC:2.2998
0x43cba353eaad68d7c2a27824aaffffe0eb18510c,2.30,USDC.e:2.2974
0xbb071cf6cceea8172ffc5bcfc6fff2b350fd08c5,2.29,USDC:2.2950
0xd4dfbfc9c2a74356c2e0ed1c0e67674ccfded79b,2.29,USDC.e:2.2930
0x9b1f4ae624430b4a8ebc0fb39101bdd8f41320a4,2.29,ARB:25.2412
0xe00bf13be44c7b91a9ecd247b3c3cae66bd734f8,2.29,ARB:25.2033
0x6e8426eb526436a266a80475b8ab546b264076b8,2.29,ARB:25.2023
0xe7b7884e3323c50d9fafff82fff9451399faeab1,2.28,USDC.e:2.2848
0x075362b50e2a7078e99c037986ef2419eda154d0,2.28,USDC:2.2256;DAI:0.0567
0xccc5bff6c2afa3a691625b1f7fa282a9edfce699,2.26,USDC:2.2637
0xbba92e0cfaef8145d72c96b1d56fc1bf6aa63f8f,2.26,USDC:2.2560
0xaa475f4083ce0258b1587fefe59d583263eee8c8,2.25,USDC:2.2545
0x366a67e1218b7025d007af91469e3fdd46599e07,2.25,USDC.e:2.2530
0xe665e9c2fb6309bf0db80b80cf9230e31a0bd491,2.25,USDC.e:2.2519
0xe7d6703c7c76d6021018ab0889e40dd77a6ee0a9,2.25,ARB:24.7781
0xc72dd8e30988bbe0237b97d0aa888bf3bb876ebd,2.25,USDC:2.2487
0xd4604d8b566eaedc4c4d159d5cd22009b1b4742d,2.24,DAI:2.2432
0xdcff20d8a007872da1bdfa8841f81dae18b13bae,2.24,USDC.e:2.2413
0x1030bf8144463e219d16dae2110fa2c023b35d89,2.24,USDC:2.2362
0x981c6f55fd33e3e0c09a27f3699ca9cc9543c95f,2.23,USDT:1.4954;DAI:0.7303
0x7aa13de5a753f08288cfbf65da76bcf7113ff147,2.22,USDC.e:2.2231
0x034d6ce667956091d6a809687fae51d6959d0499,2.22,USDT:0.9093;ARB:6.8627;DAI:0.0833;wstETH:0.0002
0x24177ac0c02f45c65d83aa313ec0f1051e90017b,2.22,USDC:2.2163
0x7ba1067aa135b0d1a87e04934e8be4ce8dc3e8ea,2.21,DAI:2.2116
0xd81be0078505c850488339447d515e0a2cdbbb2e,2.21,USDC:2.2074
0x84bb5c9e3be75d310dc5c8ecbcfa8b0ae7fd3da2,2.21,USDC.e:2.2074
0xdc5b23a5001f5659abda1faa307afa7369b3cfb3,2.20,USDC.e:2.1990
0x63294f76dd7e0dd78fb3c430281b2dae494ec926,2.19,USDC:2.1939
0x068e585a9b1f6d06f5d0bb5dcaca95e5dcb093fe,2.19,USDC:2.1931
0x7ac0a28f5db88a1bca31995def6f3b3e8e4fec67,2.19,USDC.e:2.1915
0x2d662d034a4c78833bcf4742126f31fdb0ea1f03,2.19,USDC:2.1878
0xdd0206010ca82ff22303b58863b3a6f3006c86c4,2.18,ARB:24.0050
0x7b40db94e58319f6ab8a9f9985161b5b87cc1072,2.18,USDC:2.1761
0x4fe836b6da0f8a01388c66ec76ff690767437087,2.17,USDC:2.1747
0x04dee9c3bff460d30da22233bd4eecef311222b0,2.17,USDC:2.1716
0x91271375ae26099e4b1c89ff3892a1915edf581a,2.16,USDC:2.1605
0x9dff1e3f479447fba360a0200531c80e26d99c8a,2.16,USDC:2.1576
0x721da5c9cb8daac32b0dbb2751421dffbc0b27d9,2.15,USDC:2.1515
0xb3fdf90a8241c7816e68c5658b855383277b7c2f,2.15,USDC:2.1460
0xfa48e1e16972f5a0b5682bc36c2613c897ef929c,2.11,USDC:2.1138
0x816ff5d3661a85cdd162d516b42897453de6c913,2.11,USDC:2.1117
0x8ee38d02c84bbc380d6342c695dbbb7dc3c4a31e,2.11,USDC.e:2.1064
0x4e0a463dd176424057b743c7196a25a1cef74fd2,2.10,USDT:2.1052
0x46ba949a620882e196d37bbd421a2b9baf910a2b,2.10,USDC:2.1017
0x7031e064ba469c06fbf9a040b01774d3d2b9235c,2.10,USDC.e:2.0973
0x4688b6f3c384c3cffe95c92f599213de4a9fa9ca,2.10,USDT:2.0972
0xc08b36ea21b7c4e37910d3558008542672e95da8,2.10,USDT:2.0965
0x60deac72497b6fb179f736b8057df0ec19b7f79d,2.09,USDC:2.0940
0xe4a84a7b1473b51a8c1e17f263cbe8cb48e3aff1,2.08,USDC:2.0840
0x5e2e2666a8ff60733a92266d743206f4b02c194a,2.08,USDT:2.0837
0xa4eb13834f23110eda247a286318b0ec9c159520,2.08,USDC:2.0833
0x16630dd31c1575d28f6c3c8e65b31ab8ca4b8202,2.08,DAI:2.0794
0xcd34746eac14e60f666e3cee9d7991d045bbf761,2.07,USDT:2.0725
0xbae8e5f877e15df0a1ec36bfa6a9903b837d003a,2.07,USDT:2.0671
0x128dc31e70ff86103ca74786222f9fb4ff8b57e5,2.06,USDC:2.0639
0xd4b659e6edfd872659f98ae2d0a6c00a363deda7,2.06,USDC:2.0591
0xbc952e98db1ce3bea73abffd52f926922f1b117c,2.05,DAI:2.0545
0xc237db93696b4e7ec0aac3e8d773a717dcf7b272,2.05,USDC:2.0485
0x60a68d8dd5e41ff6a51b448f113d59f756568f34,2.05,USDC:2.0465
0x610bc32eb5d368876812d25032470ea7a965fbab,2.04,USDC:0.0072;ARB:22.3790
0x379f29c017ec33e145d1fe721971cc1b50a31253,2.03,USDT:2.0313
0xb965bfc6d6917aadf4f13b9119b84717a796f80e,2.03,USDC:2.0286
0x9a7a4961890bb343e76489d7981b5237e4f7ac11,2.03,USDC:2.0282
0x45ff046a825f9c727291a8c73ccbe1dfa26f4471,2.02,USDC.e:1.1993;ARB:9.0780
0x2e1e6ddb2f8f3b427134a7fb7abc8380ac242d36,2.02,USDC.e:2.0229
0x090e34107dba3be83d27e1674c47944f3db1948c,2.02,USDC.e:2.0173
0x0e0d710aee2104a28d7ef21cb8695a3eb7133840,2.02,ARB:22.2060
0x49f2317f530138ae33b1cc55d944849c676c5b55,2.01,USDT:2.0128
0x6bee464106e53c8c091e4f170c9e2d01835fc468,2.01,ARB:0.0286;wstETH:0.0007
0xb8a59acb4f8181469fcfed92fa345a7706389b3a,2.01,USDC.e:2.0115
0x2893ef8c17726934c6b6a9fa51620bafb46a35d2,2.01,USDC.e:2.0094
0x491e2f7f59cccf27788a9bc114ad68b71d88903c,2.01,USDC:2.0090
0xb2459e3a8cce088c6c68efad96e4bbbe43ce4633,2.00,USDC:2.0052
0xf0c9841c6520b1926cee45a2aa2a25355fd93f69,2.00,USDC.e:2.0046
0x401eb34fb48176ebaa88f56597f6c7ac68abc740,2.00,USDC:2.0000
0x6c48248c4afd2f093defb5d4c5a3b8ec73e4b58b,2.00,USDC:2.0000
0xb3eb833853b3d7b4bdad7defb1e869372a2c6767,2.00,USDC:2.0000
0x9afc6bc070e37edb37e97b8b2f8a2e29cd5426a9,2.00,USDC:2.0000
0x1a7831aec49f0eec8bc103c85f1085b1054bcb14,2.00,DAI:2.0000
0x3b729f7d75481c011659f7732b3c603b31b99c0c,2.00,DAI:2.0000
0x17827631b3de2c610ef9f03f5fe13dd2d8f12eab,2.00,USDC.e:2.0000
0x89053b2028bd638f2ee07d923695fe86f36dc93c,2.00,USDC.e:2.0000
0x9b992a24cb2b2268405250e152aebf59b127e8bc,2.00,USDC.e:2.0000
0xf58a702446fadd550868d8faa3e7494d661466fe,2.00,USDC.e:2.0000
0x49bec2556d7e84f57cc600029c4714a34db778fa,2.00,USDT:2.0000
0x5ab6650d0cdeb3679775c509700ec4497f2c5042,2.00,USDT:2.0000
0x5ea6a20389154698192e6a9f2f30e50101b60778,2.00,USDT:2.0000
0x7e5a3dc9f9e2958572825d7d58dc1e59ca5450a5,2.00,USDT:2.0000
0xaeab924ae345cec6c83b94fb61d20f8dfee0bbcb,2.00,USDT:2.0000
0xb68ac0c19559bb4bd30195b89f84c345ed58ef23,2.00,USDT:2.0000
0xcdda07797a47069c4dae0f8ec955d5f35734d3f7,2.00,USDT:2.0000
0xefd0922d81811761a902f00f6c774d1340fbcb32,2.00,USDT:2.0000
0x4f18df9bae252e1ab50fd151fad622eec6435a4a,2.00,USDT:2.0000
0x80748c68e7768a1538b14f4fed701cbdd2cf6295,2.00,DAI:1.9994
0x76c0e9cbec684da2ac78381219d79851e8afba40,2.00,USDC:1.9990
0x1376d6f68d990c4b49df97277696f420adb66f77,2.00,USDC:1.9987
0x22031a5e341a217f58e6f061f03155370ccf1684,1.99,USDC:1.9929
0xb6f62459cd66bc93beae52970dbe92732a883c3a,1.99,USDT:1.9900
0xef2004087a06945e0602bb943c76e25826084c80,1.99,DAI:1.9871
0x429c1f19d931ff860092a409fa2393663d2deee6,1.99,USDC:1.9856
0xece616cedbc04cea82c1c3f02fcb3a06bd961108,1.98,USDC.e:1.9848
0xb66de295af880515f00f81e7ad168778cc51ef00,1.98,USDC.e:1.9805
0x6cc24056d1f27e079982168d08e2301836f716c9,1.98,USDC:1.9791
0x7154beb7667e8a76687d860e08b347d7241b9466,1.98,ARB:21.7888
0x05333e75085e93f23f89a057ade4a3a97016e189,1.98,DAI:1.9787
0x0fc9d2996f9cacc271c51042d13c138b28f6f4e1,1.98,DAI:1.9784
0xe8f194d5e1f59226c6f77028e82ab5564213f946,1.97,USDT:1.9731
0xf231b20c78ef74a51df4b69fecb8e26b125c9d32,1.97,USDC:1.9663
0xe5725dfc8696ca4b2840b9d431d32b0b1fcee5e1,1.97,DAI:1.9660
0x74457e915d3fbe2c3b97b08d96fbd898a1330398,1.96,USDT:1.9627
0x7d0d3ded62a1685815dc525e0e7d874feb22009f,1.96,USDC.e:1.9624
0x8cb49bcc33e5f0a7e72225a7639f7b9e6e98cca3,1.96,USDC.e:1.9623
0xc913b8d3a9b87fd59f8eb4a5f3b3324b2d1946a6,1.96,USDT:1.9603
0xb73650f876ff477a91809c29e2c45940c072cda5,1.95,USDC:1.9518
0xbe84b59e4f91dc7acb9155bcc39ad23f15b6028f,1.95,USDC.e:1.9457
0x7bef88dc6f1d091460b60b43a037f5385c7d8e26,1.94,USDC.e:1.9417
0x6888096a54d82e4422b406af54cce8c9d4fab913,1.94,USDT:1.9415
0x0a6223e1e1460d8c5fbb7bcd01bfed8dda75210c,1.94,USDC:1.9395
0xb46f66def3a9e4228959261dae0635d055509438,1.94,USDC.e:1.9390
0x1cd2a171ddefbb0c902322ef70722276e54d3b48,1.93,USDC.e:1.9344
0x4340c63aec36fefa738c374c4d8b833542e8fd06,1.93,ARB:21.2454
0x37c446343ea247242e81f7105c84497dbb7e83af,1.92,USDC.e:1.9192
0x0e8e682f6160733e466272b97cf930276a59320c,1.92,USDT:1.9191
0xab8dfa410844877f6ce74788d3d344934d52bfc1,1.91,USDT:1.9149
0xc44d7d9c6cb148d8621328fc1f5d3893126e6968,1.91,USDT:1.9138
0x37b982e5b802d77a37f6e11b29f0a66cef587f68,1.91,USDC:1.9095
0xa4c4141637eac06d6ad22d9e354058eabdca684a,1.91,USDC:1.9088
0x0eb7105ef973ecd2b56b7e499cccb836c1479494,1.91,USDT:1.9064
0x708ea3cfcfe3235386290d5423a36c9368adbff6,1.90,USDC.e:1.9037
0x09b694647d597e45cb6d5ea062406bc805398d67,1.90,USDT:1.9027
0xbb2c8277a4a41dff3972e33b2ef52562915a558c,1.90,USDC:1.9000
0xcbf9fd96c81823bf23e3e2f51caba189f29104f3,1.90,USDT:1.9000
0x6f561b343d39059a636092b424650bdcbb6dc51c,1.90,USDT:1.8980
0xeff935bf285b85122b53ae864a6f08e7a62976b7,1.90,USDC.e:1.8963
0x7ccb9d8bce193e6a5bae1fdc3c1b10cebae0a208,1.89,USDC:1.8949
0xea0157df4f35ec24d872ed4f6346a0f4bd6e728e,1.89,USDC:1.8939
0x76308773615e98a533ae548e5bf1fd6647edf94d,1.89,USDT:1.8924
0x6e26ce68304a0373e3a137225bc4db04de05cf89,1.89,USDC.e:1.8875
0x1e6dca97d06df8e139a07dbf597712883a73f51a,1.89,ARB:20.7634
0x8d1cec58e3be48109d9ecf49f593cfe1f306c00f,1.88,USDC:1.8835
0xac4cd8e0c096564d1bf5b2494c66b510a8e91223,1.88,USDT:1.8800
0x9ca85fb535f667fa5271b8cf449ebdfcb1bb2102,1.87,USDC.e:1.8720
0x6dc88b231cd04dd1b1e525161162993f47140006,1.87,ARB:20.5993
0x4937353ba93a2f2c9095d1ad63657ee076af76b5,1.87,USDC:1.8694
0x9572864be6fc131adbd4eed7a39c0767dcd299f6,1.87,USDC.e:1.8686
0x9aa8cc57ef8793975f60e23611af8804070a4f22,1.87,WBTC:0.0000
0x21a9f18119205171d9f4b49c2e8d884eda0e1158,1.86,USDT:1.8653
0x04ef8957787f3ba57b437deca86bf2350aa49c1f,1.86,USDC:1.8603
0xd311a17ae5b75c47bad923c7d41501a69d58ba24,1.86,USDC:1.8555
0xc2442976d2d6de1c9588181d60e2bf72fffc472f,1.85,USDC:1.8538
0xc9bd65c34ff580d9271c52f41d8d9f732f6177fe,1.85,USDC.e:1.8518
0x673042e4ec736391b9d6e20e83d00a71a28cea59,1.85,USDC:1.8501
0x18328bdcd574cadd1bb80634093b7deee2d5cc9a,1.85,USDC.e:1.8482
0x5b67f01ce3a8d557939978acae9d9d62c260a1e1,1.84,WBTC:0.0000
0x52503ccbd743414fdd4cb3ba42599f8cc486b363,1.84,USDC.e:1.8439
0x5a28fbaf5404fd2d2686e146cbc7e8f26021d960,1.84,USDC:1.8429
0xe2c782d1fd4b48bb2a1d71f79153b9da55a9bdc8,1.83,USDC:1.8344
0xc120ab7977bdda3b57f191dbf41a1af7da794baa,1.82,USDT:1.8255
0xa5fa57608c5698120a7c3c9d50ec346bb3980223,1.82,USDC.e:1.8252
0x2a1696f13023c6ae1e844c57d3c997ea0b8e71a6,1.82,USDC.e:1.8242
0x5b24db616927fde4a93e45cd9068252b5f899320,1.82,USDT:1.8207
0x16df7c1c7951d1dfcee115f8f46afe5124fe7fee,1.82,ARB:20.0000
0x1e61967d0e0141069071c73ae1213dc4da1d8469,1.82,ARB:20.0000
0xf037b57c197418e3bb5282d502726848f46ef474,1.82,USDT:1.8164
0xadfa2ee83333d299045765143da3ad969c55090f,1.81,USDC:1.8147
0x45d9c3e69efc4eefaf02c03dec0859257811f39f,1.81,DAI:1.8109
0xf051f414fd5b095af0c042d762266ef8fdb65e17,1.81,USDT:1.8106
0xfad3bbf485f2fb125a9272d733e9713753000f70,1.81,USDC:1.8100
0x78daf5e246543de1d791eaf96bf447f8714d3642,1.81,USDT:1.8078
0xbbc65eccc96bc71a01040754478ccaf9033d83b5,1.80,ARB:19.8000
0x598e16584d0a4e3346c4d6c9f90f7b895749d7d7,1.79,DAI:1.7947
0x9c8c3b1b792bf1ac99f98043cb01f82386470232,1.79,USDC:1.7926
0xa97763c99cd35b9c7efde6f60f30e1aa2cf11555,1.79,ARB:0.9947;DAI:1.7000
0x6de68efb35813785f0cfaccd7b81a18ccf402305,1.79,USDC:1.7902
0xb5fb0f4e71e3377bc469d90995994025708d2f38,1.79,USDC:0.8000;USDT:0.9900
0x3101fd37e072ae647bfef06237a5ea7af61768c3,1.79,USDC:1.7885
0xab93a9e5c951534a8a70f9893438f9df4d1d64cd,1.79,USDC.e:1.7865
0xe714024fe7e3b8c442ff58836d0db04c87c4b99e,1.78,USDC:1.7846
0x9650f07d986243e31ddecab29892dfc6dede5c00,1.78,USDC.e:1.7840
0x539c8a4b72ae9f3f524bbdb602939cc03fa1e0e8,1.78,USDT:1.7839
0xab4b3f3b2767245783c8c99ac6a66c32ebd789d1,1.78,USDT:1.7763
0x3754b43ff451896ea4d77e6e9f79ff6af3944995,1.78,USDC.e:1.7754
0x2394381ba5bff2646717cb6e167aabaa8ad97e12,1.77,USDC.e:1.7744
0xe192e90d551e83d91cc7e9e7284832a05d0bf973,1.77,USDC:1.7675
0x703e50af7e055c6c9ac83d72255caacd62400bca,1.77,ARB:19.4484
0x58fa8de4ec7e240b75ebb52bb59adaad58502b89,1.76,USDT:1.7652
0xf3cd3c07dfba501e801a478189351b17b4f8dbcb,1.76,USDC.e:1.7638
0x172484f3a0a21e023fd25203525d8a98fc204cca,1.76,USDC:1.6700;ARB:1.0100
0x06922d0973aed9c83d16ba7ac061c148b8024d02,1.76,USDC.e:1.7594
0x23dd7afc61f7be0883d632b6520a90dad6197952,1.76,ARB:19.3715
0x72e2c103fbe3644bb7d46838be82275da796ded9,1.75,USDT:1.7500
0x7f255b184ac959826c4193e92076ed416911b090,1.75,USDC:1.7486
0x22139696bbe7d50507c48ef5b289ca74098c9934,1.75,USDC:1.7479
0xa9a4fbb7da516cd9902ec69f759910fd2a68df99,1.75,ARB:19.2186
0x86857c0890b6c551f5c8c25a21485dcbaa8df53a,1.74,USDT:1.7423
0xf05d258f1232a7b722434a99374cede8feb810ae,1.74,USDC:1.7415
0x514da60dd1206726ed3fc64d945852a119e2c4f6,1.74,USDT:1.7416
0xfda98f7743182088efa9db372a67d0a27ea2a4a5,1.74,USDT:1.7411
0x94e48ce802a4427edc759a99047ca072026353c9,1.74,USDC:1.7402
0xa5eb218046f16316b2bd9c39dd8ef444167ca8c1,1.74,USDT:1.7403
0xa967a8903197d9e2d426d56fadc0b072476144be,1.74,USDT:1.7393
0x4d9e42ed7f2d0024909b1d01983f0c5ae77d4cb4,1.74,USDC:1.7388
0xc11d801192ddd541ac8d14b263f018f0836bd810,1.74,USDT:1.7365
0x513fa920b3594ffc67ea4452f0c7bfd42be9b9f2,1.73,USDT:1.7312
0xf03589d5bae05816fb656ad909d2f304e47209c6,1.73,USDC.e:1.7280
0x0633c7a0ac60e5a3652508397ef202aea5642e8c,1.72,USDT:1.7243
0xa1f3b4195a66df484c6d12ff1f7c883b4709865f,1.72,USDC.e:1.7229
0x9f11809d79e323ffc187fded48965ad0ba139eed,1.71,USDC:1.7117
0xfbd9d3ee50fd2d08a256eaac1dfd6bfa92f6e766,1.71,USDT:1.7076
0x3b76fbc3e1c44eb8ecf4b711ced5160042dba80c,1.71,USDC.e:1.7053
0x35eaa1db8103f5105f2a2a756ac68df87b1f5da2,1.70,USDC.e:1.7051
0x95859e938c26630d7ab52af10c6a026cd03f58ce,1.70,USDC:1.7026
0xea44d8ee456addca2752acd91b509bd41a3eb192,1.70,DAI:1.7000
0x18ca073fe6d80ac1429d028f67d2506173ba8951,1.70,USDT:1.7000
0xf7e1c6194a0dc58e43e2b3c84a1c4ad82fe84603,1.70,ARB:18.6841
0x5e3b4dc6de1af4cceb883420c09e0b2cc9191d03,1.70,USDC:1.5396;ARB:1.7306
0x25817174e3bc0abe3ab09358905558881b722f96,1.69,USDC:1.6921
0x9c4044a747ce75805be80a55153da2d406757e16,1.69,USDC.e:1.6900
0x205dd15b03e65a3da4a9d9184c302b2223ddcfae,1.69,USDC.e:1.6897
0x34195496f7426f952b2e1972f9f5ded4fa106c7c,1.68,USDC.e:1.6807
0x7da6c8eec3257289e8919131744661ba20b8181a,1.68,USDC:1.6772
0xb9dece0d21d6288fc5c6c94567433cea3f7f815b,1.67,USDC:1.6743
0x22bbfa114315234f8b1e436b2658119ddbc45365,1.67,USDT:1.6672
0xb24ca5372c5eaac3c65092435b51348341a009b6,1.66,USDC.e:1.6633
0xbb8a46b546a2ee96f70857ee7ee149e40cac674e,1.66,USDC:1.6596
0x50942b3eed330e94514ffc33711baea0fe3af4ba,1.66,DAI:1.6593
0x4923921ca6dbeaab57c93461a44a801a3f092115,1.66,USDC.e:1.6574
0xc0b3d5f3fa47eb1720baf2d4756b5e32f201a54a,1.66,WBTC:0.0000
0xeb03bfe7156f216953dd5e033b954e90a26636ff,1.65,USDC:1.6494
0xee21d91375eca7e90b61ff83925996c0dc898950,1.65,USDC.e:1.6462
0x9cbfe5ce50ece332b2e709dbc9286426759cd4a1,1.64,DAI:1.6391
0x1346b04bd30354323801a5fb2ecd958db12fc133,1.64,ARB:18.0105
0x9b75dedc991e833e7fb13d9da2916a4a01adb65d,1.63,USDC:1.6343
0x7926c7888a87c99c32c9c7d548eb27a8d14e9587,1.63,ARB:17.9509
0x590329ffa248875d09f036dbfcffdec70d72004a,1.63,USDC:1.6300
0xb6a1d704c79b4fdedfd65f0a0eacb9b740af25d0,1.63,USDC:1.6284
0x486091a4f37912437103572b9aa8e008c25ca1cb,1.63,USDC.e:1.6271
0x4659d7096aec98fba34c48a5ffdb641d5db3d6f5,1.63,USDC:1.6262
0x949e6d6d899653a201046bec8c481fc66751b7a3,1.62,USDC.e:1.6218
0x00c3244765651ec23328947b7f16e46ce496dcf3,1.62,USDC:1.6197
0xf2b23a46c1bf85351991cd3eb70e1fe2f03539cd,1.61,USDC.e:1.6144
0xed6b0ea8ead721e5faa9e0384a843f497e8900fa,1.61,USDC.e:1.6063
0xdc78aa9435193273552ec19f2bb2a9cb4d70e437,1.60,USDC.e:1.6014
0x83599dae4b0c99b4b39355e3088f04466c428d43,1.60,USDT:1.6009
0xa0d931270e2f93c99131a279ae139fc8e71c6436,1.60,USDC:1.5985
0xc4a8ffae9ae7db436c965f64f621798dc32b4e91,1.59,USDC:1.5935
0x54b4396b1b51aff2bd82dd77c529ada7a2b8ffd5,1.59,USDC.e:1.5915
0xc2d6af0242400a005731f59c8830ef52a911fd0e,1.59,USDC.e:1.5904
0x39fa26f832bdd79028536e2f5e092812b7eadaf5,1.59,USDC.e:1.5864
0x6c5d585e720cc8445d122b51030191a374359acf,1.58,ARB:17.4008
0x707a50570c63018bf6c7c6025f81f96ba6902645,1.58,USDT:1.5783
0x53d2d0d8ffc625bec40a1cccfdccf5ea6f471281,1.58,USDC:1.5765
0x06def639045e0acc26eae895aef38dd737d670d6,1.57,USDC:1.5724
0xd959004b2dbe9225be5ce84419de990e177e9169,1.57,USDC.e:1.5713
0xfc432c906d703341c08c7e06bc94c5be8a2305fe,1.57,USDC:1.5662
0x6d1cc68da62556bb72b688fb2b3d1ccf06c2f93e,1.57,USDT:0.0593;USDC.e:1.5066
0xd0b97ecf884f93b028688f3c972681c6f3c27c34,1.56,USDC.e:1.5632
0x2631edf1f25c40d487cbc08780be0f62078f2706,1.56,USDC.e:1.5630
0x9be2cad29240b1518f7875480433254a01ab9a08,1.56,USDC:1.5621
0x9f3b689039644a1a4aa192edd736ed27685ad5d2,1.56,USDC.e:1.5596
0x982ecde6dcb2646a1b949177f6711dac1122b441,1.56,USDC.e:1.5589
0x3589eaf4191c9db3f93b78479eb3a47760c7a462,1.56,USDC:1.5585
0xba0f558151c27dd587b69e6425a1be27876f4944,1.56,ARB:16.8568;DAI:0.0254
0x8ed3e9cfb668f9901b11f48b8520544509d7f287,1.56,USDT:1.5561
0xd6956a5ab0bdbf94968653c9ffbcdf24f2b52c2f,1.56,USDC.e:1.5557
0x40c3848d6577cba368a097096dfb958de4c51969,1.55,USDT:1.5547
0x68f46b14fd45e4064111cfc39f7ef1a72f989e69,1.55,DAI:1.5543
0x9d1be9f73eccb70c494e4c827adc6e72475c6312,1.55,USDC:1.5529
0x11219be74018e03f6f7b69d91447a8ed17ecdff1,1.55,USDC:1.5501
0x8a1abb7fae871b52a98be7c59dbb3c142df313eb,1.55,USDC.e:1.5454
0x041ce75b1beb35afeda01f47bff2d3fe5edf84a2,1.54,USDC.e:1.5443
0xfb0f3c34ceb5abacea90a52da0fff7d91b85dc46,1.53,ARB:16.8282
0x0e6e268fbc49b41a3bdfcb448599dadeb2c33901,1.53,USDC:1.5268
0xc2e0bc3e80c17ed8edb58395286322f65ce45421,1.52,USDC.e:1.5219
0xa7c88fb6ad08d2be4eda8e8822b7c2792c450cdd,1.52,DAI:1.5197
0x5709b73c5ee72d7eafd84a5c4199724c3c546ac0,1.52,ARB:16.7256
0xe3230f86ee8300b730b48de125dc753db7421464,1.51,USDC.e:1.5128
0x13833b52d39a1df10978f1fb272829a2b2120b9c,1.51,USDC.e:1.5105
0x57e631edc5e5e3e0c5e752557ebf1238c1527b0a,1.51,USDC.e:1.1947;DAI:0.3146
0xafc90468ba6bdbebc0410cfc830cf23c6995f4e6,1.51,USDC.e:1.5063
0x7f366a12df49bffcbc235e7f12f50be8ba9abcda,1.51,USDC:1.5059
0x7e58d72153d2434773fcf14430de253b6fe9a2f5,1.50,DAI:1.5002
0xfa2d40edfa4ab9ae42f4c20434b94ab6ddfe07ec,1.50,USDC:1.5000
0x4f53e7812b9a845b4f1a834b523f4363a7e0cb77,1.50,USDC.e:1.5000
0x5375d7ebaeee4e05468da9ab1c155140baa497ff,1.50,USDC.e:1.5000
0xb4a15a7c96882772ea9dafd50cdb90b8ef668a12,1.50,USDC.e:1.5000
0xf0e7d7862aa28071332e9926bd99e4c236bb7774,1.50,USDC.e:1.5000
0x591f2dcb528dc7fd848e6aed3d0c1450143ec316,1.50,DAI:1.4994
0x8c7fc4c47c3d6398b303ee551cb698384822d3d1,1.50,USDC.e:1.4971
0x9103c20558ca663fd702f0a105ab17ffb2d11750,1.50,USDC:1.4969
0xdb81e0d8031e653469883980a7dd7e2a5cb8df39,1.50,USDC.e:1.4969
0x5d9d2a6ead541df325a63b1f46a8928f73c58cb5,1.49,ARB:16.4013
0x1d49c417c392f8e83b663128adf7ac8482e7fef2,1.49,USDC.e:1.4891
0x08d95add32386c525251530c92c974956ca77a5c,1.49,USDC.e:1.4877
0x2e43bf47d89d8fbad379b74b3344fc01a5c19351,1.49,USDC:1.4871
0xdf1d22c2a11d2f40d378b3683a8b0a321c5d0d25,1.49,USDC.e:1.4865
0x1d5d623aeadadee108e5f2b9949dc04140ce782b,1.48,USDC.e:1.4836
0x66fcbaf258c91f2a0c42204088810adde348ba74,1.48,USDT:1.4831
0x32eacc083ea4204937b99e6af8118cfaa1388163,1.48,USDC.e:1.4816
0xcd469d4c383b661e8c0ef37b762312090beaa722,1.48,USDC.e:1.4800
0xdccab3ac8e3f33add155f508cdaafaa7dcbb8cd8,1.47,USDC:1.4748
0xb618c04604649ea0cd32d6e9fc7fb631e171b84e,1.47,USDC.e:1.4704
0x13554a6bcb8e6647f8f8f1abd59f88d5ca9840f0,1.47,USDC.e:1.4696
0x956c112485fc66de0172d1b139ef6ce3c53bc66d,1.47,USDC.e:1.4652
0x8e1b45f82626daadb9de1bd1f81cb8d9de476a55,1.46,USDC.e:1.4640
0xe222efb15bba97579c31fa5e3c3385d4315dc126,1.46,USDT:1.4600
0x4bf379d888b3a388412ea4ac7531e59c0ac2bdf4,1.46,USDT:1.4595
0x80c2219dcfa24f6ead4fa35123200cdc2fc47cb1,1.45,USDC:1.4521
0x4b2c2e01d013a545805c0a9c89ab91eb86e32171,1.45,USDC:1.4500
0xc1df47e137f7a84ca11da67ba690c06e917a38c4,1.45,USDC:1.4495
0xb51bc46ab43ae1c9f452d76eedf233fa166e5d7b,1.45,USDC:0.4481;USDC.e:1.0000
0xa92e5ac4becc188c92e80e5422f0cc257824829d,1.45,USDC.e:1.4463
0xc3e0fabbe13cbd9329f6a6d8d73543a8cefcff8c,1.44,ARB:15.9068
0x233eb8b7c66acb80f52a62047e8c680447f82ebd,1.44,USDT:1.4395
0xf326a6675f133690c68ff8b7946fda8833843ae8,1.43,USDC.e:1.4341
0x93336f666a3f3a6a83d13ab313ba103d3217fdde,1.43,USDC.e:1.4300
0xdd92502b82118f70869a5a1a240b006fedc82062,1.43,USDC:1.4266
0x6f6084badf65bfb727c45a293012b9def058d845,1.43,USDC.e:1.4263
0xa2e4e362307bff8355a906f39afa3091ebc9d89b,1.42,USDT:1.4160
0xd0e05fbdb20b986c10ee5b2b503735fc527cb3ca,1.42,USDC:1.4153
0x6b5d9a424c11d04ca4bd7af8e76b9b02c4228fcd,1.41,DAI:0.0283;wstETH:0.0005
0xa8cd58ca4fbd9b658aa2049fe6cd83682aef348b,1.41,USDC:1.4057
0x730930a16fbdfe79d1c6e17764b1bffa769f2481,1.40,USDC:1.4042
0xea9d7f3f3006fb4ccc621f48d1b2a281b0fd75c4,1.40,USDC:1.4021
0xebd4434699c7fa50c06facd57cc8cf0c27f0c136,1.40,USDC.e:1.4015
0x86f5550db0ea57c8b5119efed6ee85a5e4933f50,1.40,USDC:1.4000
0x9c4014a0aaf5991c0b7babe74887fce59709de26,1.40,USDC:1.4000
0x193269b489e26989344a948e03ebcba53ec7fe15,1.40,USDC.e:1.4000
0x773f1c5faa3c15fd668d9f714eab099976391e2c,1.40,USDT:0.6443;ARB:0.2158;WBTC:0.0000
0xb0ea5ec77ee743974e75a5a2110e3d93c0be1f0e,1.40,DAI:1.3989
0xdd758e0c0ef9b73cd8fd6451b9a29b4572f92162,1.40,ARB:15.3962
0xb102f2cbebd05d53f63f02516a37e0927df9c532,1.40,ARB:15.3831
0xbc18ab506c42f6d690369d93853834b3cc7de5bc,1.39,USDT:1.3952
0x1b2c8f9fcfc03eb3d65e065c15be854d314e7c22,1.39,ARB:15.3557
0xb6aa4d7d446eff33a20b5d519f08a2fc50313903,1.39,USDC:1.3943
0x9b8d24578e345c2c70d014b57cc7c913762126a5,1.39,ARB:15.3400
0x9a8237eee3cf79e9b3c4836870048a41d67c7edf,1.39,USDC.e:1.3908
0x09042b312cf580c88f89d7215199d2c8fd798e11,1.39,USDC:1.3901
0x077a9befb9eac681e1e4823dbdb9db228aafb2fb,1.39,ARB:15.3021
0x4a4beb68c2f53ed89d02cdadbc2de59513e3cc15,1.39,USDC:1.3865
0x265d55c46663ed3b616fc57bce63723842f809b9,1.38,USDC.e:0.8988;DAI:0.4809
0xcf24ec341138ed726a9e57c204b758be8da543b4,1.38,USDC:1.3752
0x2f19a5e7d9be199439683d0d4526eac1cc6eb7d4,1.37,USDC:1.3736
0x60db35acca04f4691951bd8c82d6abbd5e1f0562,1.37,USDC:1.3734
0xd2d408a90b54ba4fa2b11b26715c689c230e3e95,1.37,ARB:15.0944
0x34bfd5904ed122e5c7881ed0bdf239f07705760e,1.37,USDC.e:1.3695
0x1fcdfc4c9236d0f62abf3cdca1a5a29fd3d54bff,1.37,USDC:1.3687
0xa6b7432a152c21df97a8ba4a1f6c649f69f0cdd6,1.37,ARB:15.0572
0x670999da32918ad49af02beb00a338a3a740364a,1.36,USDC:1.3626
0x1e6127d4716c3ac3b3a2b005631c1c541c13d120,1.36,ARB:15.0025
0x0b312c51b6ee233e24fb10b9978aa377466aae2f,1.36,USDC:1.3600
0x081cfe582a44d6da24175ccc4f2650164ab2dcd0,1.36,USDC:1.3600
0xcc6ab1c9f7609df647932a14b5d5fb06e760b3e7,1.36,USDC.e:1.3578
0x1819884b2451f5e1b11dcfe6ca0eea026372985c,1.35,USDC:1.3550
0x360efa6867c7a3b8f8a41681561f1f20536419ed,1.35,USDC:1.3514
0x0e9af99e38b92096fbc782d3aaaecf4656f1c76b,1.35,USDC:1.3462
0x7a99748f1a20b3cbc505223cbf68387be4a5fa07,1.34,USDC:1.3441
0x85a39ce6339d96786d8c99cd098d351c5b29c210,1.34,DAI:1.3406
0x319a77ac4c54657b0273e497490f182133ceaf8d,1.34,USDC:1.3368
0xbb7e0e8b120a89895bbd34889416a073f765e9c6,1.34,USDC:1.3364
0x7d1564854e8ba39472848df1855f3caa135e48cf,1.34,USDT:1.3362
0x7da962acfc30a233d8046dae223a4caa6fdbf43c,1.34,USDC:1.3353
0x505e5ea6b384ea9c18e2313f2cf13c28af576e0a,1.33,ARB:14.6979
0xeda0ac490fd73d93d2b60336cff624a20a61f74f,1.33,USDC:1.3320
0xd324f5b84a69677c22429ec2c40da3789fb9264a,1.33,DAI:1.3299
0x20581b3c927e3f521a680e80725a33878f4cfb1c,1.33,USDC.e:1.3295
0xec4434b98d3f95a2ac64f0cdbd876855b8ccffbb,1.33,ARB:14.6247
0x3ba8e8402631557e7a93e3132b89e33f1cb7b0d5,1.33,USDT:0.3823;USDC.e:0.9450
0x83bdf3a8af703ad1b28793729b2b6bab28486c5e,1.33,USDC.e:1.3263
0xf392a7ff43eb29e9acb107a5cf82d4e081c17069,1.33,USDC.e:1.3252
0xe55fd81c8ee0c835915926fc657ae8e997cae2c5,1.32,USDC.e:1.3242
0xbff92979fef9dab0acf2c2cecebea41a677e96e9,1.32,ARB:14.5806
0x0bfddd733c2b8a623c5ea9891ec9a58bffbc0521,1.32,USDC:1.3213
0x3db972fb2e669a5f2abfa828f746f36786c8ea45,1.32,USDT:0.0000;USDC.e:1.3209
0x5e684fc16360451a449982aac3253bb2a10d05c5,1.32,USDC:1.3197
0x1a8615458db219bd6179b488ba47e7efec4680d0,1.32,USDC:1.3192
0x0a725f3617f1262453a829632819f43d5d5d55fc,1.31,USDC.e:1.3110
0x30b237ca9b43783ef0661728ae37f4d429aec319,1.31,USDC.e:1.3107
0x52a9a43daa90f2b6f09e3fe1fb293876ab498360,1.31,USDC:1.3081
0x6c8acc7ece36bdbe0b3edb98f781eec3105b98e5,1.31,USDC:1.3075
0x84e86799a25f92f62d624d67603afa4d8fac3955,1.31,USDC:1.3068
0xfee67e980f7ce5356f359d97b8be8aac60d3fee4,1.30,USDC.e:1.3046
0xc33d95627685d3015d83816000fa5f5b3e96612b,1.30,USDC.e:1.3023
0x6bcc673c5204b05c2bdffd9021e4cc9dabb48b3e,1.30,USDC:1.3022
0xa1a153cdf49b83f8beaf6afed7a27b7d0a37174e,1.30,ARB:14.3233
0x20b20d6818c46f0440fcde486ff744f762377b7b,1.30,ARB:14.3071
0x54fbe4cddfbc7a0eaac2ad19a681071ccfa0fdb4,1.30,USDC.e:1.2986
0x8b98e8703b2f0bad132246eacd3accecce2a0208,1.30,USDC.e:1.2971
0xf4f0a626456974e9e63e994566c91428997f8ce8,1.30,wstETH:0.0004
0x5ecea38f6b7239339ab526085eae0c54cd4df4d9,1.29,DAI:1.2940
0x04b2bb25743c63afe25bbd163d346a028e061584,1.29,USDC:1.2939
0x56ee2e4609aa721f25020309cee8b0d2a08e5555,1.29,USDC:1.2934
0x324210824cd90d4b8e32766c628c513cb6b9973f,1.29,USDC:1.2929
0x048699723da9529806789c834b5b70501a65453f,1.29,USDC:1.2903
0xb7db6e3d667a184d73dd187776e3c027f8900a4b,1.29,USDC:1.2886
0xd35f1fcbc2217833275617c780fae5ad542b3453,1.29,DAI:1.2879
0xf42d4c98c0199a12b716622a06e31802fc2c6b6b,1.29,USDC.e:1.2854
0xecdc7e0e533678353cad446de6af8838f1ff8019,1.28,ARB:14.1318
0xa88968f868a8d082caf18e4141f14e74c4bd1d55,1.28,USDC:1.2823
0x0705bf4eeeca4196778c858f5f0bf405922481aa,1.28,USDC.e:1.2823
0x8f2eb78f0895bc4f93b6e65462cb2458035ee817,1.28,USDC:1.2771
0x552094d7e604c4dfce7938e620d581f1f58df854,1.27,USDC:1.2726
0x2422e1bc61e16d166e71c4951ab6f789a0148493,1.27,ARB:14.0038
0x5353d57398a1d5cc3f715df0a365d4b5f2a4044b,1.27,USDC.e:1.2717
0x3e099686dc59028362208d1289a333c25e9cb091,1.27,ARB:14.0000
0x70ed2b76841e4f80568b0b1994842e51b9675a2c,1.27,USDC:1.2708
0xe3b6a6d31b0fc2d97596b3adf0ae75f2f0ceef32,1.27,ARB:13.9377
0x1f6932b8276cc0080a928710d3cde7e87f1b8a94,1.26,USDC:1.2555
0x4ffdd05635abff9a35fd1e08309e6ee2e59fc67d,1.25,USDT:0.0004;USDC.e:1.2460
0xd840593835a2512bfc9c2bf4c98eb62056dfa125,1.25,USDC:1.2462
0x1bb37ce51e175e7c68420724589f3875ff2ca577,1.25,USDC:1.2452
0x592f51b2fec309caa0a217c73955d0ac56de755f,1.24,USDC.e:1.2444
0xaa095eea6ad652ae77ac50ac187971600cdcaf08,1.24,USDC:1.2427
0x54926703e36ae36704d661f82e39d168ec1133d6,1.24,USDC.e:1.2410
0xdc8dec3c2fadb8a38e5acf42cbaac6e9b91ff2f7,1.24,USDC.e:1.2397
0x62e219eccaf795658b652aa42d5965e9e01f5bc7,1.24,USDC:1.2384
0xf7c85465dc56422f3d10bb2b450abad29825a10c,1.24,USDC:1.2358
0xbde1747c0dc37b2265793be1cbb71bb3db142b44,1.24,USDC:1.2356
0x57a9db134b249a17e79e509557812f8023fbdc5d,1.23,USDC:1.2348
0x2b2f5d931bd8284a9ebd9ab3f3ce26d3466517af,1.23,weETH:0.0005
0xe4c07f2ca3bc3282820b8785555bcedd4429e7de,1.23,USDC:1.2302
0xc8aba7e9425a1acd8c2332d8be9e8e027401d704,1.23,USDC.e:1.2279
0xc69c6651e613d147ccbae8f0a8b31566c52e292d,1.23,USDC.e:1.2257
0x76efd9e612027584c706c89976431619c6f0a90e,1.22,DAI:1.2240
0x7c6f487bf74e614802c4e9facf472e9873c7ce9e,1.22,USDC.e:1.2225
0x606f217248e7d71e5b7efac2014af1a97796e194,1.22,USDC:0.0042;USDT:0.9997;ARB:2.3911
0xec6c0c6d236a4fe5a08dde92a9052493faf630ae,1.22,USDC.e:1.2188
0x99c4d9ec01e80a7d06d1e9da0de2946e7aaf872b,1.22,USDC:1.2179
0xb8f7cec2e6ae2b91b41c1cb19a72b96a79c8a18d,1.22,USDC.e:1.2155
0xf9f3e297f41bf718b774d5d6667ca5b543179cbb,1.21,ARB:13.3784
0x13e937052a810f33d72cd132e982df952329139a,1.21,USDC.e:1.2127
0xaa17a4f9320a6df89e6db7997da220b263f93321,1.21,ARB:13.3489
0xb76c0b88f4f40d9f52cd10a727726a92b20a8ee3,1.21,ARB:13.3343
0x86e9c2b89b59d500b15901defc533482eb037091,1.21,wstETH:0.0004
0xaa64cf3a53ffceb4ce88170fcbfbffcecc3f4770,1.21,USDC:1.2085
0xf96e720a5f4dfc074e8805a21315bbb05b90a807,1.21,USDT:1.2081
0xabd1edc129622306f2afe792bd45c36e686e7b8b,1.21,USDC.e:1.2076
0xe54e95707db9e78fce8a826f946417b89ec2c5a4,1.21,USDC.e:1.2071
0x4cf3cd620a6aa7950aa26ef8634638c060c24c3e,1.21,USDC:1.2069
0x6902d1b4b5f1f7e5f63331c68f76c5efff45e89b,1.21,DAI:1.2065
0xbd9f7ff503f3c1fd8ddcd16164d7236e38a1ddf8,1.21,USDC.e:1.2059
0xa8d51eb384bf31ea0b4db844a3b741e679c34ed2,1.20,WBTC:0.0000
0x2d651c5ff14afe5720564771aec0413f7761e4d7,1.20,USDC.e:1.2030
0x1aaad7ff48444283c1766b318611db8b4e9cf60a,1.20,USDT:1.2028
0xc6ce099bc8308dccde969e1c0c53a5dcc0aa77c4,1.20,USDC.e:1.2015
0xe8bf46f1365b828bbed31418f806369172cb427f,1.20,USDC.e:1.1981
0x346cd4c6b0c8f4d66fcc17c8611a52849984b61d,1.20,wstETH:0.0004
0x35b7366160933919e6531e4c9330e82e1ac7150f,1.20,USDC.e:0.2369;ARB:2.4878;DAI:0.7324
0x81524c63d0352604691e7a605a3c36a789aafbcd,1.19,USDT:1.1951
0xf2fd86f60ce56a8a32fd049bdcabe909451d12b4,1.19,USDT:1.1931
0x503b12bbf49e1d53ff175b4cafe7a97222608697,1.19,ARB:13.1275
0x3382082aa95ba5a61a58a663270f5df3cd9bbbbd,1.19,USDC.e:1.1919
0x325a581ec05e3d3bc68c0927af7978d5311f445d,1.19,USDC:1.1907
0x7e3a70e7bb66843dc97b761b281c3b763ead2c67,1.19,USDC.e:1.1907
0x83591962ba77001905cc3b95fc1f83ae815a1e2f,1.19,USDT:1.1867
0xdb0a4091c3fbbbc75fd81fcae91fed083b2e9e78,1.18,USDT:1.1843
0xd95345a1b3489eb586cbac242c3ead57ecf368e1,1.18,USDC.e:1.1831
0x30886eeb8e5c1870045f60c6fd68b95a58400a68,1.18,USDC.e:1.1828
0x95c57485d3a630f078f4785eb04aab0edf3d2c4e,1.18,USDC:1.1819
0xfd505176ff74db6d29f7eeba6366cad304d99275,1.18,USDT:1.1812
0x1cb9d877502f71edf18c80ddbbdb025774098f8f,1.18,USDT:1.1802
0x51e9060165fcd9d90eae95f2234f51bd89a38015,1.18,USDC.e:1.1800
0x5583e62639a9ba326656a7c2839176eee2ad566b,1.18,ARB:12.9477
0x5e545db7fa1fe0b5520d0eb42717ac16683e819c,1.18,USDC.e:1.1754
0x2ace54cf4a56abb8ef1578dfbc7cd70ad360829c,1.17,USDC.e:1.1751
0x280b7d2af7876b556005fd09e4d2fdea59d5b245,1.17,USDC:1.1739
0x74574ed07182ea1d2d1fe1c85e6d33188e32c170,1.17,USDC.e:1.1726
0xaa419d1331d6932ba23188c40ebf039aba931d96,1.17,USDC:1.1719
0x5b160689b7e6a760cc1014fa9734d57353b46017,1.17,USDC:1.1714
0x175c5315fbd4509f850d3634125540b0254a6302,1.17,USDC:1.1661
0xfd250767dcbe59683187ebf8936f6c072952bf72,1.16,USDT:1.1638
0x2c8024218ea8b06d9724942347466a15a5c31eb1,1.16,USDC.e:1.1624
0xb59cb2fa2aae9796975916f33f55a8f5e217c5b0,1.16,ARB:12.7831
0xeb7d123faf7652b0b2de0a486c001d259f6a3822,1.16,USDC.e:1.1602
0xb4c4b39f787c0335b65d5d380c64a0c904f55c9e,1.16,USDC:1.1600
0x34eb7a06795e5b755a6f79cc510d0181926b1cb0,1.16,USDC.e:1.1596
0xcb9b8a7c89fe03765da28b26da360845f0706dbf,1.16,USDC.e:1.1587
0xc15152a333c91d0e0f033bcb7b563e80fb01e25b,1.16,USDC.e:1.1587
0x5248bcc12ab7f4efc5f809aa1efd1ffb6a43e82d,1.16,USDC.e:1.1575
0x4561c0ca53a7f4867b07f9c3ead27f161cd049b1,1.16,USDC.e:1.1569
0xe2c9d28a2ab69e487426f1c63148ef482964c249,1.16,USDC:1.1563
0x7a7f81968e6d55daba4911fb1130fb3ae61a2080,1.15,USDC.e:1.1533
0x7d887945d43de6e0e53f86d4eb2dec5ed1699791,1.15,USDC:1.1515
0x2db721cbb3d38533dbc558176548cdfac71527a9,1.15,USDC.e:1.1505
0xe3945d3f07139e63131ac1394487ca3464615454,1.15,USDC.e:1.1491
0x3c3221b832b7eba7835b7f76ecdc7dc82ff5f29b,1.15,USDC:1.1482
0x5cfebdf993d3a8e77bdc247cb78d81789bbc8243,1.15,USDT:1.1483
0x896b6122ce7ac0199fce07523ed9bc3862b72299,1.15,USDC.e:1.1468
0x4ff28ca71a88f7f4924a5bb21dbcf9a7992eb991,1.15,ARB:12.6243
0x05bd8ee915a58ea9bd5d1d64a15bc1e462d555bf,1.15,USDC:0.9500;USDT:0.1058;ARB:0.9900;DAI:0.0001
0x2209ae5287eb7749962e818ff80592eeb3d2c9b0,1.14,USDC:0.8046;ARB:0.0000;DAI:0.3393
0xf0dec3e7c4e941e75b0eb92f5dad4f4eb680c29e,1.14,ARB:12.5930
0xdcc063ac20710250d11ad7a9f286e351fffb437e,1.14,USDC.e:1.1424
0x27fd5a92a59b73e476352b94c6b5851c413aa4ad,1.14,ARB:12.5679
0xafe4c34247e2fab3849a3fe19c973d54914c735c,1.14,USDC.e:1.1390
0x54d2e6e361d72655e25a0892e6b847d643ac1d5b,1.14,USDC:0.9884;USDT:0.1482
0xe66a757b4c908cb307d77fa5dfe370cd2ca10b3e,1.13,USDC.e:1.1351
0x85c153aae1f101af08151863306d9e0b823ea1b5,1.13,USDC:1.1344
0xeeb2c866da324efcbd77afdd0697bde2b6883c3e,1.13,ARB:12.4843
0x868581ff4540f5322b3243ef99e7cf638771612d,1.13,USDC:1.1321
0x6ba99d1e000e19495625ae16c6c9dd173dcf0888,1.12,USDC.e:1.1236
0x74be7b88724b1065c637c93fded8b37947c5f640,1.12,ARB:12.3621
0x68f4617167e42a7ca4ad3821c5e0208c353e979d,1.12,USDC:1.1209
0x745f3430ee27310872a5646dd98a66374a5f0812,1.12,USDT:1.1209
0x79f64778a112656f43bb1a7626f2e5ef9ac33750,1.12,USDC.e:1.1200
0xcd7703ac09c4225316e738a704f3f35d9df99dea,1.12,USDC.e:1.1156
0xb6698d380d5a35a5525b2d53f1d5000e7addb7cc,1.11,USDC.e:1.1132
0xca3aab51eea2d1d14f7757d575b4b51206e3c2f2,1.11,USDC:1.1131
0x1dd2daef6b8f573c0d2ef7758ec03380bdd3954d,1.11,USDT:1.1131
0x1b5b33607d05057e6e0d28f89515f481e134ee8b,1.11,USDC.e:1.1117
0x38f94d95151fc5d91af463d10523177b8b681ee6,1.11,USDC:1.1069
0x8e00b12a6dfba2243a70a5c7631e5a446937a645,1.11,USDC.e:1.1068
0xe1a08b8e8de5a82522f237da859bf29bea996e88,1.11,ARB:12.1737
0xe7218ab9717c5c77a6476a81fada3f81abcea333,1.10,USDC:0.3332;USDC.e:0.7703
0x99a3af06e191ecbce1bafb124d32fa7ad301a466,1.10,USDC:1.1030
0x9c7712c84a4d751813965ea875ad88fd7b0acd05,1.10,ARB:12.1253
0x1abe8c12fcf2c38546f4d515e43c99f2d2c698fa,1.10,USDC:1.1003
0xf284dcaa709a272cd8688e748562d02e145f11d3,1.10,DAI:1.1000
0xa00ecbff4e4e80dec867d374bb382e2c81795bbe,1.10,USDC:1.0999
0x378d18d4f0486831204de5e5a504b357bf1e5eed,1.10,USDC.e:1.0992
0x334b04f0c12dedae61440a5792fec20d38026291,1.10,USDC.e:1.0970
0x9ef7a8ce73f084863f335435ada66620123e8bd3,1.09,USDC.e:1.0949
0xbe482a1fc378328c2f6a4fa56cb9181f41e27b5a,1.09,USDC.e:1.0945
0xa0d167d0b43157104d7d645672ea39e2862c6de1,1.09,USDC.e:1.0940
0xc5cf7c451499150a67c6dac1058da08c5e44d5cd,1.09,USDC:1.0934
0xeaec68bbb06e487ffa97df8ca88cfa93fc597eaf,1.09,USDC.e:1.0924
0x2e43673870d8854e843d4fbc10d1f37afc82e0f4,1.09,ARB:12.0245
0xb5ccaeabf97e32916016c33efe5f4f147a1bdc79,1.09,USDC:1.0917
0x786694b02f1d331be540e727f1f2a697c45b57e4,1.09,ARB:11.9911
0xf01ce01d1535c4346bbb6d2c0fadb736414689cd,1.09,USDC:1.0868
0xafb852e4deecf224775ebc4fc7d18acf3f9c141e,1.09,USDC:1.0860
0x88c1e4c59f4e2ee0b347b601fcf51e54478e7531,1.08,USDC.e:1.0843
0x4e1f8e6c95a11121180c7187e318cd69dffc06f5,1.08,USDC:1.0840
0xe25228663899f736ad40674db472d5ddbf63baca,1.08,USDC.e:1.0839
0x173818dbdc14d8b59aedb057c8d2b0cb99b43515,1.08,USDC:1.0826
0x06fbe7991d1bf936b9e98eff24dbd9782216e482,1.08,USDC.e:1.0810
0x577f7bda60bf5adaaa923f9df8533a193c9546b1,1.08,USDC:1.0775
0x58606c3b221ea3ac4b1c6a576aa32cc9f0871cc8,1.08,USDC.e:1.0771
0xfb0540adab0266b69cbcb4254579749c6d11aef4,1.08,USDC:1.0753
0xe798879d05b7e21ff53a17e23b92babe553107f0,1.08,USDC.e:1.0752
0x1020ce44365d7052b715bfe59019c96de8ccee3b,1.07,ARB:11.8057
0xe7793690f212b5b67082eeefe52730346a497ae4,1.07,USDC:1.0714
0x78f032d05ac547e6f9f1e9a1d43e2db2ba60d340,1.07,USDT:1.0690
0x85d9e2b47ed3de5acabb79c43377c43553b55cba,1.07,USDC.e:1.0669
0x393fbfc9931068acd41a1e85c0e9c1d367926f43,1.07,USDC.e:1.0664
0x47b8574a53ece33fac20ef8136dd6baa0c3ca740,1.07,USDC.e:1.0654
0x0311f12b05a8160b9d3c2f0078747c9cfe3687f4,1.07,USDC:1.0651
0xfb870ed720cfe71a12061dc03d4928ae0a3e94b1,1.06,ARB:11.7134
0x74245fbe682ef3c4470131992424b89392f7bbf7,1.06,ARB:11.7132
0x447275e5e6762dc36c08ce0993005afa63d31525,1.06,USDC.e:1.0637
0xd377a2f0e3b591c5a226c5d366f6fb6cd4c5f0b8,1.06,USDC:1.0631
0x5c9bd90ec8b0739b03d2092841021b11b697c8c7,1.06,USDC:0.8778;ARB:2.0149
0xb2043c543bb60fb7aa7265cdca359a35c4bc09fa,1.06,USDC.e:0.0000;ARB:11.6586
0x21b9561fb63afeab2f1bf8a460e05b5aa3d175c7,1.06,USDC:1.0575
0xb1b2199acf4669df4fa11841a3b7709124fd7f04,1.06,USDC:1.0570
0xc5c43cefc0484b5662e5744e7086ff1b70e3ecd8,1.06,USDC:1.0561
0x99736ec1301ed0d6f68506e22797f14f41270f3b,1.06,ARB:11.6190
0x619df86ebe51d7149e881bfeefc6339d5afb36ff,1.05,USDC.e:1.0541
0x17646797cab7c17189db0b861df3a85296c0c395,1.05,USDC:1.0520
0x9c68be44ebd3c6676c069071b2c3a4e87ef1fe45,1.05,USDC.e:1.0508
0x168a5221351abf8af4c591341b2cefaae5285f98,1.05,USDC.e:1.0489
0x17b1e998c94349b093d1aa4cd7bc10ab6a214045,1.05,USDC:1.0487
0x69d54a1cd31a3dbbc86f6d1dd64071a45b2d5fb3,1.05,USDC.e:1.0481
0x02dc858dd97f2afffd478f24576259ce929fef6d,1.05,USDC.e:1.0478
0xfe1384e4010b889c23cfe71ff03ec336e1356dd7,1.05,USDC.e:1.0478
0xc0636d44119ae0520b8241767389c1d07c4f0ecd,1.05,ARB:11.5361
0xd56efc857c629eda1601e33907533f019def5a85,1.05,ARB:11.5327
0xc1a700f3b49710b2bcec6b935ce288fae93ce486,1.05,USDC.e:1.0456
0xac58f7aa2400483c5e4b89d456836efc9cab4638,1.04,USDC.e:1.0421
0x1a7b95c8ff8ae330f404749e202a76955603ce59,1.04,USDT:1.0413
0xc9a23c4d381b6510f501ff7c3513a28d88e84e76,1.04,USDC:1.0408
0x1f2b25a01d0b1d565abdc059ff2b54c4479a6bca,1.04,DAI:1.0401
0xf8107ea435a6aecfd5e607c47a7ba2e59140b7d0,1.04,USDC.e:1.0381
0xe20cede6edade8084b068aea4bfce7b1614e527b,1.04,USDC.e:1.0364
0xb6407132c507753101838eb6b0a9b20af1aa95d7,1.03,USDC:0.2369;USDC.e:0.7968
0x366aadae3765508e112a7cb513a34f692bd5a81d,1.03,USDC.e:1.0304
0x4bd49374bcbe3704c7b482173049b1002eed3b2e,1.03,USDC.e:1.0303
0x7c82d8b652a30ae109df7aed5958ef9f46947cd3,1.03,USDT:1.0290
0xd4bce840ce94d871ef14eaef8798b3c27bd6e5a1,1.03,USDC.e:1.0287
0x57bd3848a4095be99db125251b1e6115d6195818,1.03,USDT:1.0282
0x7b4928e6b77b4dd3854789de249541a1a156198f,1.03,USDC.e:1.0275
0x8de9437ddb8e68b154a3fc23069aeee760168173,1.03,USDC.e:1.0274
0x2cae8f9f07098f2faa6e23d7d1cda2b88f2afef9,1.03,USDC:1.0262
0x1c9730c3c0590ac56a3850b04b35e9a7d62fcecc,1.03,USDC:1.0261
0x63745fc88a36a62db6efe7144d0b094029062d99,1.02,USDC:1.0244
0xe6ce4da72ddaae13147778891024a9e76aff7fd0,1.02,USDC:1.0237
0x2c135d9a00ad4d9465c7d6943484dfd2bd3924bb,1.02,ARB:11.2699
0x25d80e221e27798a4d9478f954e4361aed3be498,1.02,USDC.e:1.0234
0x069e1ada570e659451ec2a035317220cd1c9a552,1.02,USDC:1.0030;ARB:0.2127
0x92dbd9d5261bb3bf746a78833143aabe724180a7,1.02,DAI:1.0221
0xc165ab475437ab91b8840e827c9b16e4d7dee52a,1.02,USDC:1.0216
0xd12bb0b3d6a95b262866b196cc86310eed578eda,1.02,USDC.e:1.0193
0x81acd09bc5e1115abd1bbac2344d34a2bcc8026b,1.02,USDC:1.0192
0xec026474cf5f633e00e6d78b29d205339a06af9d,1.02,USDC:1.0178
0xe534c1ad479c41551448937b25b2becdd184dd8d,1.02,USDC:1.0177
0x2f21d79099644a9ac8243f2cee5ff95825ff4a11,1.02,USDT:1.0170
0x4092024340e3d0899199b99855f51e2bcd0bbda1,1.02,USDT:1.0166
0x09482c24865b3a0e1b63992dc4be92013a4fde05,1.02,USDC:1.0161
0x24c0bad397b1ce89d3cad051c9e7117efd7337a9,1.01,USDC.e:1.0149
0x7cd3dbfcdf64147fa0f23ce6c030a0e58518cdbb,1.01,USDC:1.0147
0x02164c173b2043edc72d4a72e88f661a4da3c779,1.01,USDC:1.0147
0x101487ab8dbc8e3f9091f342577ab59110e49968,1.01,USDC:1.0126
0x9b66632db4560a91dc0aedd00c84f8dbca289205,1.01,USDC.e:1.0117
0x17aae7ca1fbe305577a7e62c01ae7448c3b2f22a,1.01,USDC:1.0112
0x12e6cc56a058e2f48ce1e398f52d33981f83188f,1.01,ARB:11.1278
0xfcd76b9daa27eed89f164e07132f84f4e168fe39,1.01,WBTC:0.0000
0xc77244121eff3e768992143a17821cec6021a681,1.01,USDC:1.0093
0xd12f9b2e824156f970e9671276c3f7ea6b184789,1.01,USDC:1.0092
0xfeb44396ac19839c3d518fa91977901756efa9ca,1.01,USDC:1.0090
0x268a7476e5fbd81588fcac24e3fe27b9b41f721b,1.01,DAI:1.0086
0x0d9395a7e46d61005ade65236016adbb00e27487,1.01,USDT:1.0084
0x48d5763800dfa1195a9dbedc0ae7dc3f8045b87d,1.01,USDC.e:1.0076
0x8aa3a5898ed699e6d822170cd0524f41ec6f58e3,1.01,USDC:1.0072
0xb4b900266754a7311dd05f6644a85847bd17f5f4,1.01,USDC.e:1.0062
0x02ee663daf3bd6ab80be2e8b0f54abc8721b7d68,1.00,USDT:1.0053
0x1108bc4b8c57cf7f86df4a24da069bb1f16ecb62,1.00,USDC:1.0048
0xbd3dca1041e8a449f982e650586434e6aa675236,1.00,USDC:1.0038
0x95b9852a24235b158b0ed29ee8652f565683e1b1,1.00,USDC.e:1.0038
0x10e26c84008289ba86201f325c0808d3524534d9,1.00,USDC:1.0037
0x2afd8df00efea4634e65205905a8c9fabc3efa49,1.00,DAI:1.0034
0xae3fa647c9edb0797df2ae23a294461f163cb0c1,1.00,USDC:1.0028
0xcc514ad59d84728fe7e3e3fd1d03c3c7ccfec449,1.00,USDC.e:1.0028
0xc088a9553a7c0aa3ac87af9aea4cd958581441b7,1.00,WBTC:0.0000
0x4d6ce3f8444b0b65d4ba1cefad3c159bb87cfdfc,1.00,USDC.e:1.0006
0x7013bdb8b2423ec73daff0fb258efc1a91107c53,1.00,USDT:1.0006
0x6d19fa5c9773773c581753c622b0a6703e58f279,1.00,DAI:1.0005
0x3e04bb411c838e1966fd21561bf91fe49cbdd85b,1.00,USDC:1.0000
0x05290e2507a710b4f1e99669eab1c5c939b37561,1.00,USDC:1.0000
0x070a5bdca680efc6d0e2feb0608b7da869d148ad,1.00,USDC:1.0000
0x0e4c34ddd798bf06837a9b8bf7d37e31e75b598d,1.00,USDC:1.0000
0x19fea661b6a55ca552880a71036f0a36f2c25b7e,1.00,USDC:1.0000
0x1d4c04af46cb2fd6d6de95a0270d659f6e258c9d,1.00,USDC:1.0000
0x200a9e9e71d4742a74c5819d295dfc5d315789ac,1.00,USDC:1.0000
0x36e505d9d1775cfa6ee772840e6ed8b78437548a,1.00,USDC:1.0000
0x4311afa07127b72992c80166b6ec950aa2549a12,1.00,USDC:1.0000
0x48f00625947f3e00b2911f92533289a2e67e33a5,1.00,USDC:1.0000
0x5e5850f87c5067de470fec505173edae359331ab,1.00,USDC:1.0000
0x63ed99a9404e9b6e2e999916e2fd9e53943cc7bb,1.00,USDC:1.0000
0x6767c4dfc8ff80b537aec83981db4339932b7b4b,1.00,USDC:1.0000
0x6e032b1e6c1b3a5d8f0d6c0edc704eae9a7b711f,1.00,USDC:1.0000
0x72f262f3b6cfef1c17989e73f9adad4602e4faf6,1.00,USDC:1.0000
0x7a3ec4dd8bdf5bd1258a3139a9a023ca60077d97,1.00,USDC:1.0000
0x7fe35e8327b15912524bb850990046cdaf7fe5e3,1.00,USDC:1.0000
0x8c55854b5fca0b953cef647286169d69d5b01cbc,1.00,USDC:1.0000
0xa2ce7221985bbdfe0bc32cd9640f8500185b9d92,1.00,USDC:1.0000
0xa2fc1f0cec140fc39ebdac91fa20fb95deb56486,1.00,USDC:1.0000
0xcf781c96177eaaf0b458dfff74da1c4b4c2cf745,1.00,USDC:1.0000
0xf54936f346fe4c7688a6e783a9b8237afe01cad6,1.00,USDC:1.0000
0xf81557c97c00cf7b290245704eb0675e2cefc7a6,1.00,USDC:1.0000
0xf8f969b9aa3a09d2f7c64a940da2d34bd4021884,1.00,USDC:1.0000
0x4b31863091de5a0daad638c477e9a9788c60a8b1,1.00,USDC:1.0000
0x04c36b3c0c5bb2a77c99928725682881e449a2ac,1.00,DAI:1.0000
0x0c621596c97f0daac86842c8e74cc324984d4c33,1.00,DAI:1.0000
0x1a1450d1138b4f9c39ece0ec64084e57a2d810a9,1.00,DAI:1.0000
0x3b4f6496f981facb68fb42cbcb0c23ec1504b491,1.00,DAI:1.0000
0x408bcc04d5234699de68852fe377d36e3ebf59bd,1.00,DAI:1.0000
0xd71ba3678985379f5089212b4626093b9110e3e6,1.00,DAI:1.0000
0x2d4547e5bf1458f8e8faab0b5f54290302491386,1.00,USDC:1.0000
0x6419a021aed8146566cddfbba04d43b0140942eb,1.00,USDC.e:1.0000
0x87556be66dff899804528477adb7c768aee112e5,1.00,USDC.e:1.0000
0x9f52aa2079a1c88f4762d943ce36c7b62c7efa4c,1.00,USDC.e:1.0000
0xf9e5e26e38532e5631c3d5f06fd114c0fc046da4,1.00,USDC.e:1.0000
0xbf67402c56e0014ac68e1080aea162960a1756da,1.00,USDC.e:1.0000
0x082acffb521180d9244246c9f16438f8215b7917,1.00,USDC.e:1.0000
0x09628fc09580140e722bea485cc6f10d155ddf2b,1.00,USDC.e:1.0000
0x18d2b7be3e385d4600fed132b7e66bea44388ae8,1.00,USDC.e:1.0000
0x28679ca691ca05acb35f3d93099ca8c11010f4dd,1.00,USDC.e:1.0000
0x2ca2ae8455063f0759f4f6ebdd9808db0ed1299b,1.00,USDC.e:1.0000
0x362378c982de75251608efe89a82333e3ec96040,1.00,USDC.e:1.0000
0x3bfc0b688933481af2cc7903fd54d46ffb65d771,1.00,USDC.e:1.0000
0x4397394f4962a2979c545b801b298fc426f28c07,1.00,USDC.e:1.0000
0x47d59c72fcd2473d6d3edeb8ea607cdf58f41c05,1.00,USDC.e:1.0000
0x4de1fd7f5904866bd75f68bc7d5ecb266e311264,1.00,USDC.e:1.0000
0x532f63eeffcfbc8ffb165f90afcc62192e90d948,1.00,USDC.e:1.0000
0x56af9983504b9c8e59aad2b4a6de470506c10f93,1.00,USDC.e:1.0000
0x570585464d563d618b688f60f4d200badf6a7ef6,1.00,USDC.e:1.0000
0x578672c151c6ebc87020fd2a4d4b06508997e1d7,1.00,USDC.e:1.0000
0x5cfaea829fb753e6ccbc59aa39536ab62ecc5a80,1.00,USDC.e:1.0000
0x62eb947ae0789018c08189be06267f0dc64c5603,1.00,USDC.e:1.0000
0x649794981e749c10692685fd2cf1bfceab145210,1.00,USDC.e:1.0000
0x64afa9f50a3243f2d72cd154e94fbc9ddccc3144,1.00,USDC.e:1.0000
0x6a300b03fbde4dec20edaa8fa5afec7ca848e133,1.00,USDC.e:1.0000
0x774f5023cb7643a6cb9095d12dc798691fca3762,1.00,USDC.e:1.0000
0x79f1c7922d3f2fd83df36bf4d422a49f55940e53,1.00,USDC.e:1.0000
0x842ed2ebeac0c4c179785ff50b3e30a2ddaf1024,1.00,USDC.e:1.0000
0x963dbb84269b4647bb447db50ae3a4c940cde054,1.00,USDC.e:1.0000
0xa6d060bc597a9eafc27de489ac7ad8fb5af57bfd,1.00,USDC.e:1.0000
0xa87c9d73f7e3b7c92c0a579337c7f2f09c8c18a9,1.00,USDC.e:1.0000
0xa9cd6541a3fd3d447239b907bd3892ac5266a238,1.00,USDC.e:1.0000
0xb65325ba6b07b257278e646c0aebefea9a9b3ff2,1.00,USDC.e:1.0000
0xc6c32eed8a95128859085b59baf4e5771f905cc2,1.00,USDC.e:1.0000
0xd8d7eb9dcdaed5fc7754056676f85d03371b3cd5,1.00,USDC.e:1.0000
0xfbe663d7c2dfd70bc5444f70759838f08e8c124d,1.00,USDC.e:1.0000
0x524f95cd288a0c706089104041b648e6d79fccf2,1.00,USDC.e:1.0000
0xab3101c12d8104b4bfb282c6b94e93422d6003a2,1.00,USDC.e:1.0000
0x588030c85d88aa2a6596ba6bdfe5360c54f2cc5d,1.00,DAI:0.9999
0x2e2f5a27b67aef7096eac62dd2294860916ab6aa,1.00,USDC:0.9999
0x5cc1ec6730d43e2fa7ec0c9fc4ff0d132f70eb2e,1.00,USDC:0.9999
0x9c640c665d081e3fe8cc47aabebc015b8325f4ae,1.00,USDC:0.9999
0xb9b7862cf007f2ec749f50eef88008fa999d0e91,1.00,USDC:0.9999
0xfa6ab74e49bc08e22a18b28fda4bbefd363ad0e1,1.00,USDC:0.9999
0xde8fc9656d4fb1f3ed1dc51d8731c90662e00080,1.00,DAI:0.9999
0x0391e2247dab993c9c703a2e6b2b755bbdbdd16c,1.00,USDT:1.0000
0x08d9a459aef0859b814195f3ce6ce748b1f80edd,1.00,USDT:1.0000
0x1b98ab2552bd12aa2b00bab1599b869f8d232bff,1.00,USDT:1.0000
0x4f47d7dafcd054d4e2eec746b9099eeb8206b73b,1.00,USDT:1.0000
0x58695798fb0d886f8128831c37cb825af67c1c0e,1.00,USDT:1.0000
0x60fab15363b96e094e9f76f0dc61f871fda2716a,1.00,USDT:1.0000
0x6512a1c7d144aca84ff06df1e70b84cd8186a949,1.00,USDT:1.0000
0x692f075f5fdf74ac5a01b726c8f8ae048d0b0dbb,1.00,USDT:1.0000
0x8edac55ca538ebe00bfb9b3af342daa1412fea9f,1.00,USDT:1.0000
0x9910d31b4935ca0fedd5e1792d3fe3661321e154,1.00,USDT:1.0000
0xabdf9b75166a5b647b6dbd1bca1b23407d02fc60,1.00,USDT:1.0000
0xba25dcb2119092f6498c8833de1c1ec250ebfe8b,1.00,USDT:1.0000
0xc94adae4217262e32ada377b5acc6b9b6b6e5535,1.00,USDT:1.0000
0xd6269bde78af3cbb21b63499b61a2df97e9caad9,1.00,USDT:1.0000
0xef42cead27a7b715720f1e37e3b218cb9f71a0e1,1.00,USDT:1.0000
0x2b4046b353789e86cb6cb50cba4c17e2c6587d4a,1.00,USDT:1.0000
0xbfd88ce2b8daea483d96cb60491ce1099a61520d,1.00,USDT:1.0000
0xc845347c00b3c557187883fdd635540a772d6eea,1.00,USDC:0.9998
0x3b02012e53466f49d425ef0bae2bc3efbc5ae173,1.00,USDT:1.0000
0x2811034b8b10067f3a6e24402268d7e1609457ca,1.00,USDT:1.0000
0x27328f8dc329079f1860780d43ffaca96a0ea0d8,1.00,USDC:0.9998
0x3e3fea6ed80bc4f5804b86e1720b67c472f99710,1.00,USDC:0.9998
0xf03c07e4f21442f237951573bee9e56ed72a2d1a,1.00,USDC:0.9998
0x563f80c67933fedc629d01a8697bb1c6e9bdab13,1.00,USDC:0.9994;USDC.e:0.0000
0x9b15b39d442ebc7c8b15e969e2641ae9f2982db1,1.00,USDC.e:0.9994
0x5f9a0b24eca058bf2673e73b1ff157fa6fdee8d0,1.00,USDT:0.9994
0x22e3384e03cd5b257ace52d1f84d79840956accc,1.00,USDC:0.9992
0x4542c017c9c6cf1bffabafea46f35a572af3249c,1.00,USDC:0.9990
0xd6a44e59385ce1877882c543af9d6d0bc1311e3d,1.00,USDC.e:0.9988
0x71934bb9d226693a89a8fc822da5cc7780d691af,1.00,USDC:0.9984
0x4115548ebae2d26e72b509cdb4a54ee143d83f21,1.00,DAI:0.9982
0x4d2371a37432fb82bf0311927e73dbdcf29d67bb,1.00,USDC:0.9980
0xfb304896014a9b9393281b2d6da281843015cd14,1.00,DAI:0.9980
0x17ebc7569312dc620d1563899c3bf5b1d10e807d,1.00,USDC:0.9978
0x3d01bddf57969b92a2c769657adedf8cc9e36768,1.00,USDC.e:0.9977
0x6fcf072b5c667c34880c3dac4c1755d59bd678af,1.00,USDT:0.9976
0x80f37b0cece034b36a1170477c2e5d321d5f2ee5,1.00,USDC:0.9972
0x4b4af35206a4d1647df326aa74c90ab79e8d46b9,1.00,USDC.e:0.9970
0x41bb7b03903d7d691017906cb15e52966e28a504,1.00,USDT:0.9969
0x10c97aecc7d4c141076cd67704509d6277b5c23b,1.00,USDC:0.9958
0x7cae116407f421cdfd15ed00e2a94d0bcee991c8,1.00,USDC:0.8120;USDT:0.1837
0x57a366e5782e419293ac61d8c096f27dcfb43c33,1.00,USDC:0.9954
0xe72afecbd2a624bcbdbe23f22c94626d13bd78fb,0.99,ARB:10.9403
0x9bd1bc36fb7cc5e66406ad6c02c6744052332f62,0.99,USDT:0.9935
0xa8de7d7b257ef0ced79fbb48c624ba92941788af,0.99,USDC.e:0.9932
0x1cdbd8b8ef6b139b65bd8ec9cf20058f2e8548a6,0.99,USDT:0.9910
0x39fed2eda89c989290a397c65817ad79178edf29,0.99,USDC.e:0.9900
0x079fbccd9f57c38060bfd02ff17ccc7be53c23cd,0.99,USDC:0.9900
0x2254132c305917aa339801a96107c565829d6066,0.99,USDC:0.9900
0x53aa6e8dbd29d4329a10959fa615070136d3349b,0.99,USDC:0.9900
0x55de352b415dff247ba83cca50ff3a028e7bb455,0.99,USDC:0.9900
0x609b3c476cd9a49307f60664382baec051ede3db,0.99,USDC:0.9900
0xb81e594cf546360dbcca737c2ca01ff9b3f3461b,0.99,USDC:0.9900
0xfc3b43ae038ca5a1acd820473f7da4a506188859,0.99,USDC:0.9900
0x5172baabccd82883d7f517f8723bf83edacbeccd,0.99,DAI:0.9898
0xaf7f02473ccf235cfbe59dfd9ee6947e29ba0168,0.99,USDT:0.9846;USDC.e:0.0052
0x8364b65ca33b1952d9feb090141d7cd4d900588f,0.99,USDC:0.9894
0x26a4f1dc78688dc72d6959625e77cc09102687a0,0.99,ARB:10.8900
0x753e463a4a48a9e3e49c0104aa83c4db54ee1693,0.99,USDC:0.9889
0xf4df676f9702265a3805be34366ebaee0912f4d2,0.99,USDC:0.9887
0xf5f4c88bd5c795cde6c3b80f255740d675e8843d,0.99,USDC:0.9866
0x3a53c4d69942be0d49e871e515c602bcf98b3aa1,0.99,USDC:0.4000;USDC.e:0.5863
0x1929711a67499019160e7448ef3d5fa78c4c219e,0.99,DAI:0.9860
0x02f8ad14fc8570a240dfe595a83aeb3234f8abf5,0.98,USDC:0.9832
0xd804788b43d4fcbd37c66b35d7900b2c467ba401,0.98,ARB:10.8147
0x9eeea793983f10f1b15188e101606e97e8e5ba41,0.98,USDT:0.9800
0x790444e73082a62d6827e435150f8cdcfc462a43,0.98,DAI:0.9796
0x82ffe9f8933e83ef6f95ea95ebb7160abf8723ab,0.98,USDC.e:0.9795
0xa4531c25d1f36639e32275bcfabd916e8905d4b1,0.98,USDC:0.9790
0xe9e591bf82988e8843487922133791cbed4a248b,0.98,USDC.e:0.9783
0xa08476972c3ce49c91640349a4001c722a73abf9,0.98,USDC:0.9767
0xde3ad99c13c9cf026a11b639dd3d9aab938e0375,0.98,USDT:0.9766
0xd391f35ba1b9cbc876ca00179068e6eea2882d2b,0.97,USDT:0.9747
0x48538a4804593e9e3996065083280f9b43d8daad,0.97,USDC:0.9736
0x433bbac9d07234580ac95616decfbb3b44c1d35c,0.97,USDT:0.9730
0x981d4346b2c26871b738a51c979b61497aa0f4a5,0.97,ARB:10.7119
0x9c69cc30ee62b0a629d524de2188db823323dc01,0.97,ARB:10.6900
0x718547817ff78ce3dc3c80558442002b292f22df,0.97,USDC:0.9700
0xa5e25016dd68afd53bf20b58dc78d68de2905b1d,0.97,USDC:0.9700
0xd426b3b22f207e447fd40337addffad6afcb66dd,0.97,USDC.e:0.9700
0x87a8f8936b14ab6b9d2d924aa85f6d9306ef6695,0.97,USDC:0.9696
0x9e079f2d390d21afc02892a596117434624aa222,0.97,USDC.e:0.9695
0x00f547a7294876edf49cf5a1db5a78a1eb902e01,0.97,USDC:0.9690
0x34d027cf9f6ed5dbf0007f755d99ad68c46b5695,0.97,USDC:0.9689
0x4d47e37e8e726a85293e7e4fbd5b110df2731ac6,0.97,USDC:0.9676
0x8ab17a06961db0c65fc535aa81e0f2c03d660ab9,0.96,DAI:0.9651
0x649756efaf3e57549a1b241fd608cf93d8d09c4f,0.96,USDC:0.9641
0x29f1847bb6ddf5cac5d074f22efac9f6a0b104ea,0.96,ARB:10.5961
0x9beaee291949514e711efd7c4a33928ee04447d2,0.96,ARB:10.5960
0xba50488ac0dfd8996ca057c72bdf3cbf3003458b,0.96,USDC:0.9617
0x0dedae014d7d41d536c8b6c9e439d0ecbc950789,0.96,USDC.e:0.9612
0xbaf1c5bc464ed8445762daaeb58734e158649668,0.96,USDT:0.9611
0x4a1be696ef4001c07cffedcb4ba45d22e9843841,0.96,USDC:0.9595
0xcc075496e4820658df3c38eaf43dcf7d348ad699,0.96,USDC:0.9590
0xbf3ebd44cf1fc43e7459a3e1e52e738836bb94ff,0.96,USDC:0.9588
0x2444f24d9e05d406c90400f9e1b9a7fc4c95fe31,0.96,USDC:0.9586
0xa9d8515730a1b33f0f68b49d6d8d0173e11205b6,0.96,USDT:0.9585
0xe0cbd7a2b7f240a5c04acd83d9cfd5f88c442c2d,0.96,USDC:0.9567
0x06f87582e8609d034c2dcc86c84939b3fab2c79c,0.96,ARB:10.5340
0xeca649f0f9f95d89fa6d730d3264915329026cf2,0.96,ARB:10.5169
0x92b449a7bcbd316834464f03c209301d22c8ad81,0.95,DAI:0.9547
0xd7c6aa9bc474a0e3f1b4c7b49471aa1709b6929d,0.95,USDC:0.9546
0x482b4a4b4ee32c37e898ca8406cc955849526434,0.95,USDC.e:0.9530
0xf7645a8a2a6f7a1bdfbf6646e180cf499c08dafd,0.95,ARB:10.4900
0xaa695a6577702153b62bdc4347d13cf3fa6c398b,0.95,ARB:10.4827
0xed2561b3fbe9b6cf27b8d33e1bcf317a570741e1,0.95,DAI:0.9509
0x6768390d08ba031b35af1b8b59d470392eae2a75,0.95,USDC:0.9506
0xbc70505a26ce82248578bb3c939c4071ad68003c,0.95,USDC.e:0.9503
0x829e700d8b49e467d63197a9ce6021ffe82fc24f,0.95,USDC:0.9500
0xac972f4e519efe8a29935db8dcd7f5ce2ce64e77,0.95,USDC:0.9500
0xdf7ec139755a64594c59c54f7ff550141b3b4968,0.95,USDC:0.9500
0x894743404527450a5b9f1ea0c539b1ccf966e37f,0.95,USDC:0.9500
0x8b5cc6f5c943bd08242b2aaae6eaad68f381dca1,0.95,USDT:0.9477
0xc28c97675e56a78a9beb974b02086da6e8832fda,0.95,USDC:0.9461
0x3f53f3239aeb5e4b9829b218705598d4f37b5935,0.95,USDT:0.9460
0x999073cb9b7a67c11528759b10df38a807ef8194,0.94,USDC:0.9450
0x3e36e13584e3815b72d4dbdecef77f1c3649205a,0.94,USDC:0.9446
0x4911ca03b6cd8fc96b46808d7d970cc61d519ca1,0.94,DAI:0.9436
0x88819186cd7d2f23b8a2cf539422306b0203a723,0.94,USDT:0.9433
0xa1e7c5c0b3c86bacddb71f17799eccd047802f27,0.94,USDT:0.9410
0xa698b01e5cd8344ace36bdc11b9c825eb0183bca,0.94,USDC.e:0.9406
0x1549d599343296aa7d3bad7349eb906cd176b150,0.94,USDT:0.9403
0xb43bb6a6674c77b35519fc3bcbb5f5d941712f6a,0.94,DAI:0.9400
0x8205f6f0ee398b585bc270fbb8182b4460162aa8,0.94,USDT:0.0002;ARB:10.3278
0x8ddcb0b10de8cf175456a627d6d09eaca175c2b6,0.94,USDC:0.9369
0x3fd034d3dff3df4ab78f7fbe8302194623f9d61e,0.94,USDT:0.9366
0x0d2369695fa93e13951707ebda33cb11e8188845,0.94,USDT:0.9358
0x5876f6da0adfa6e9cdaca1f1551544692ecaacb2,0.94,USDT:0.9355
0x2630ca178dbc548e985d8009bb07297cf0cb1a85,0.93,WBTC:0.0000;DAI:0.0500;wstETH:0.0002
0x79a184bc561beef1da06528876952659c33f5e58,0.93,USDC:0.9332
0x5f7fd7cb84a90a1799c61deefe194b4fc778fff5,0.93,DAI:0.9329
0xe6e4d92009406d08851c2e65ce6dd324ad76a87e,0.93,ARB:10.2609
0xc072892b578e3a51b2d994c4f3fa9df5b3199713,0.93,USDC:0.9299
0x0cfabe9883ebfd36ac51d6a247d038165f10c48c,0.93,USDC.e:0.9291
0x1ccb144b700ec726d37db38c617e154de6d9c0d0,0.93,USDC:0.9264
0xc66b4c9ae73c29584b2608dbd65d27e91f071a84,0.93,USDC:0.9260
0xca1a9157e85608b219f197fceac77a859617f6d4,0.92,USDC.e:0.9250
0x09a7a3e93e6dd1fef6661dd0e60a261454f54298,0.92,USDT:0.9236
0xba9e3f1f2984b72e108ddee0e41d568e3a37c986,0.92,USDC:0.9229
0x02f13757bd45618e37a4f6a1689c33b250f288aa,0.92,USDC:0.9216
0xec6d3d35c5d407f305b1d1a340508f1fbb4e1269,0.92,USDC:0.9211
0xd1495b1a255faf5205e3c1ee50c545a7ac53d7ef,0.92,USDC:0.9200
0x0feee7b3c55881c1380edd8bc4f4d4e42da31deb,0.92,USDC:0.9100;ARB:0.1000
0x18b69c81b1cf983e30891e8e1f4d7723492bb64a,0.92,USDT:0.9170
0x81e86e1731c2fa05433e7d1452e8afa4cd4e6220,0.92,USDC:0.9168
0x215a8bfbf08e3ed53d89a72be2921b9abc8d35b2,0.91,ARB:10.0593
0x48124faef010b3816a51a8508f70830ff7745459,0.91,USDC:0.9129
0xd3b4b1ff5794864aa7bada45a5432445b9d0ba87,0.91,USDC:0.9102
0x275dca1b2425b185b769f70a263a2a5d3d377182,0.91,DAI:0.9098
0xa297bb9a7aa2aec77f62dcd93ea6db256d8643db,0.91,USDC:0.7338;weETH:0.0001
0x5254d3e4d60e546463c468100c6727dcabccab55,0.91,USDC:0.9087
0x7cb9bed9bdfe2cf26e827205f6af49507219256a,0.91,USDC:0.9084
0x02cb509f288c742532e17a0051675aaaee81b61d,0.91,ARB:10.0000
0x0c3a4ea49abc06a6220a8664292e71b0d2c44e3c,0.91,ARB:10.0000
0x14afc818def59832b06790a8dfc7c834a36e3847,0.91,ARB:10.0000
0x20a1eca2341e70ae4cd9dfdea895d85b65a85301,0.91,ARB:10.0000
0x2d1b0f2a41db388b8ff0f6118b27d089f47e5119,0.91,ARB:10.0000
0x4012c578fcf13a01a082ba910dc54fbf39db9ee1,0.91,ARB:10.0000
0x45d9c9a97dd42c91e5cefb950e7b4032ca9ed693,0.91,ARB:10.0000
0x7dbe1741295e4ec99770ca120d31d4f774d59ac4,0.91,ARB:10.0000
0xb2285bc9703b4b20a13d9960ad93e10cff9c3e4c,0.91,ARB:10.0000
0xecdc54495c11847672178775aa7bd5c64bcf4321,0.91,ARB:10.0000
0xc0d5d23813d6531f144dc16a0d1aca530427cdb4,0.91,ARB:10.0000
0x73de24c69059c0233f2fb0ffb0d43bac3c4e3a65,0.91,ARB:9.9990
0x4cec5c095ccccb0c515ff0a8b2759ca98d749dde,0.91,ARB:9.9892
0xf2e09e4e0558d8ce260e39c697f324cb30bda561,0.91,USDC:0.9065
0x9d0870e65416c0727cf733704069d9fea5a66be4,0.91,USDC:0.9063
0x4fc8e78d5cfae054e12f05b6932ff9c6f4cf5c54,0.91,USDC.e:0.9058
0x8a8469edcce5ad9ea1439baba93b433087523757,0.91,USDC:0.9055
0xf8e7a39735f829a29434b426647e25e9dda0e87e,0.90,USDC:0.9042
0xafeddbbd5df868c76cdb89161aeb6f46f005ca2d,0.90,USDC.e:0.9041
0xd1f8b259a7e0566220ac56563b6e8a838e59ab61,0.90,DAI:0.9041
0x89f3507f413126a12bf759c0402f5378c1a7c068,0.90,USDT:0.9029
0x2271139267cd20aa58b1b43e93fa799791addb14,0.90,USDC:0.9020
0x65ffeabfba025414ea08df38e93fee63b3d0fee5,0.90,USDC:0.9009
0x057cd858644988e7f39a0d96972d19adfa2eb677,0.90,USDC:0.9000
0x4dbbd7c120963ee862b2fc7000f4577ee6bcc1e5,0.90,USDC:0.9000
0x6a5fb847f5a7607eda80b3b8c1e09b24706948b6,0.90,USDC:0.9000
0x7b527bb3a5d54d0f95d7f0f66cc1d54bc62e50f0,0.90,USDC:0.9000
0x9877b73bde017dd6bf7ccb903cbdb51dba913420,0.90,USDC:0.9000
0x446b3829013f94ea309318e294d8ed7825950e09,0.90,DAI:0.9000
0x873c3772af86ec38221f36f8e683b4e2e22b491a,0.90,USDC.e:0.9000
0x8eb11081bfd570043ae62bc4a01e1999ec616c1c,0.90,USDC.e:0.9000
0x1d35738c8229f7f0c2cc84aefc412e2f03f2f7e0,0.90,USDT:0.9000
0x86b34e94e0307d049ac361c841ca187812f2bef2,0.90,USDT:0.9000
0x701cc7c44f31a5a3ae9aacd5c5617b687faca5cf,0.90,USDC:0.8996
0xaf4cbf9254dcaab542b340ddceb8abb0cf2dc09a,0.90,ARB:9.8900
0xff558b1a25745563b9f2381daa8cbe843eb906fa,0.90,USDC:0.8974
0x1935640acddb58651617b3ecf02973f67609b6eb,0.90,USDC:0.8972
0xb970df834f589b269af9be54386e42ea890f0bfe,0.90,ARB:9.8687
0x7b9f77291b1eba6e7163c4206de82c61dbba948b,0.90,USDC.e:0.8952
0xf700cfc190c228b76440ab62281c277b9e844c29,0.89,USDC.e:0.8945
0x9eb13d0abf36ebb1f6b8d5ebd7a89b4156841a87,0.89,USDT:0.8939
0x689b4f1a0b1fa45fe51b0f5be83dd93e186e32b9,0.89,USDC:0.8932
0xba0b141198a9d01504f73de6326107ee5f63a41a,0.89,USDC:0.8921
0x1c3f34c3f03a1b54251d24d4d663eb53857c0172,0.89,USDC:0.8912
0xbd912b022dfbd0daf1088d811346b0ac5ee04816,0.89,USDC:0.8912
0x41b3e1800dc307760ad60febe887137af4fc468a,0.89,USDC:0.8908
0xddb73443198ef131aff440347409004bbe0869a7,0.89,USDT:0.8900
0xe3d39d095d006bb7aadf15b20093e40755aaf0bf,0.89,USDT:0.8900
0xd51be729978e0bcf6dcb1a8fd7d3d83323534d80,0.89,USDC.e:0.8890
0x34cb551b74c1218c5c79c3491f78a7c39eee83de,0.89,ARB:9.7854
0xffd68d3afdc0907f7c44256aa545d7f4bb091295,0.89,USDC:0.8877
0x0c6fcabe76ed2e275c4152860cb2bdec391cb587,0.88,USDC.e:0.8844
0xaca1d09129cc091063418a430aa49fface8c7650,0.88,USDC:0.8841
0xbf7d34eb0403a3f3181cac1efee50bb0fdcb5929,0.88,USDC:0.8839
0x4479eab75e66f0a4f2c41ae696641fc8b44cf701,0.88,USDT:0.8828
0x60d3182feb9b0874e8bfd97da40669b6f7745a09,0.88,USDC:0.8824
0x44ce604a2b09b68312813dfb3aebd5c65920c35e,0.88,USDC.e:0.8810
0x3fc03a480e8047cab0f62b99c479b440360dfc4e,0.88,ARB:9.6998
0x7c513e45db766064adc5fa800f8266dd8b54283a,0.88,USDC.e:0.8805
0x8eae4044d3da689995b278e27dcc382cb75645e3,0.88,USDC:0.8801
0xba8d196f75d5f94a8d01ea42eceadf504a405c92,0.88,USDC:0.8800
0x8a0ccf2b8fd950665c228c02d53ded73e79baa13,0.88,USDC.e:0.8800
0x6d13f263f055d5c9cc77db6805470cd8c99cc05b,0.88,USDC:0.8798
0xecdf6792275269348fc566c175f45bbfc7593e78,0.88,USDC:0.8795
0x75b23aa76077cf87010848017a65f498b95d0ca9,0.88,ARB:9.6768
0xa19281cb5df6536d7d06f607205fc4a5264015b8,0.88,USDC:0.8772
0xe436e109480a9fbf8020dfdbc7c6eb6013ee7e9a,0.88,USDT:0.8771
0xffb30ccc852324c8f886fb97334569beab53350f,0.88,USDC.e:0.8762
0x59a431efd6c54ab2a66d171a5322eb0e4562c241,0.88,USDT:0.8755
0xa3ca787cace6f342eaf082e23edbe3d9754b6ef8,0.87,ARB:9.6335
0x75ea77614b0047f242f9b5ea4cd5645fff6cdd2a,0.87,USDT:0.8741
0x8beb2fcf5a8dfebe4d76819a449a73962744e8f6,0.87,ARB:9.6156
0x0c71de0cf6b3947edd6f09bb77e346e24d7c0fd0,0.87,USDC.e:0.8724
0x318f6612e66361ed9236a9b5dcd495009700094f,0.87,ARB:9.6009
0x645d15e494111a631cd06774054468ff118b444f,0.87,DAI:0.8715
0xf413fb9fd584996dbbb61b91cbbf4d950c715203,0.87,USDC.e:0.8710
0x8ee0a6600d51d0bcef8f944e35121c1f41d4a686,0.87,USDC.e:0.8700
0x7eb282f1701fd71c3d387ec96815c401bd851b8b,0.87,ARB:9.5741
0x5de6d390f0f5f647bc4e6f6615b2890a9c7e04dd,0.87,USDT:0.8691
0xfef8598b4e6837c1ad14c34adc1b98b9bbbfe3e0,0.87,USDC:0.8682
0x2e7eb70244013eb3abf129c818afe00a003663d7,0.87,ARB:9.5535
0xdfd3e9d0557545a3160be9fad5f73d59d965b9b2,0.87,USDC.e:0.8673
0x42427b7d44725dd1d579bd7083afdeab445ffc1b,0.87,DAI:0.8667
0x76227a041f7a5f532d71df3aae25f027ffa5e6d3,0.87,USDC:0.8652
0x37b8b40cfd9ee7e9a383c4b34403c4928bd6ce2f,0.86,USDC:0.8647
0x0f74c4bca57a27aa30b65c0431e564360ce1743f,0.86,DAI:0.8642
0x31b181e279e2e42c632c5578d6a2aa4ab940723c,0.86,USDC:0.8641
0xb64da8de9776810a565543b7058368f9193faf42,0.86,USDC:0.8637
0x8a6a930aed9fff5493c6d0604a6a2027af6634d3,0.86,USDC:0.8632
0x89f8e993691614aaa15bdd68e270d4b736f72c9c,0.86,USDC:0.8626
0x520df36f4ade8f7163ca137ea8375838aa7b057b,0.86,USDC.e:0.8586
0xe9c0bdf8b38a9b1f6477882f7c995408ada066af,0.85,USDC.e:0.8550
0xfb34310f94abb2ae405a3275f8fa19d12ec0a0fc,0.85,USDT:0.1034;USDC.e:0.7507
0x4953ef19db29d2d5f61c01b3384f41cc51926c90,0.85,USDC.e:0.8537
0xf5fae8f1ad3ce0c1fc6cd090d60531eb59cad1b9,0.85,USDC.e:0.8533
0x5ab557426d333a03f679740bc4217e32bbb773cf,0.85,USDC:0.8502
0x058a78ba1a90af2ec128f2c59915392513411851,0.85,USDC.e:0.8500
0x678e9f609eaebca388f3b45fbf37c2ebd9345596,0.85,ARB:2.9285;DAI:0.5838
0x3bbb0f7459f191cbdd6a14086444669b144cc249,0.85,USDC:0.4465;USDC.e:0.4014
0x26f7fbf87b431b5bbf091da550cc94a1e654b233,0.85,USDC.e:0.8473
0x5b6b5d0cfbe56b81d76cd76d16f24c2845fe1a60,0.85,DAI:0.8472
0x3872bb8eacb9034a9dd07049ce8b56daa06836e8,0.85,USDC.e:0.8470
0xf7a8808a5508f9e04f66046508ce7af482cb22ea,0.84,ARB:9.2501
0x772c5acd65d45d2e93223fe6ba1c702180507058,0.84,USDC:0.8400
0x426dd7189937faaacb6b9b75d631c65ff39a2fc1,0.84,USDC.e:0.8377
0x81e65d933f310ebf5c07ef5880732b7316480dca,0.84,USDC.e:0.8358
0xe622c62a4f7a7e37c952f46dd2a3c39fc56447bf,0.84,DAI:0.8353
0x48ca486079392a3435f97f9ccf9c72e77cf49282,0.83,USDC.e:0.8343
0x8893f2356b9aa8d1b4d78f29063c10f40bac9cd6,0.83,USDC.e:0.8342
0xba29992576fcede93a8df88d2874edc06cc8a044,0.83,USDC.e:0.8335
0x1a6de43958479d66fa40513943dfe8bf18fc7073,0.83,DAI:0.8334
0xd5596dc42a6ec252a82a95de637edad8ed6a35c1,0.83,USDC:0.8330
0x8f27df96f48dccae8dfd487427f94089c26d262c,0.83,ARB:9.1673
0x8b44ecb6550808b57c03a93f07ad58dc2d7e3f84,0.83,USDT:0.8321
0x03aa0bd3e460e6c49c011d5d090b166cefaebb18,0.83,USDC.e:0.8314
0xf56c12e6373c134a79bdd3bb3d736f22da506126,0.83,USDC.e:0.8312
0xce13f156cc8c74fa78387d2e8f9bae130688a6a3,0.83,USDC.e:0.8304
0xad32128e2e5823e260471f69c3e73c6ed75c731b,0.83,USDC:0.8300
0x8ca999cd655e8b42b0256bd3b2dc5c4bacea6e01,0.83,USDC.e:0.8295
0xebba09ab07c5fb1b152167b05bf2ef06a8eec945,0.83,ARB:2.0000;DAI:0.6456
0x396b563ab74e555cdfa6bfe16eacb22c4383c04b,0.83,DAI:0.8270
0xbdb05ad001f19fe1a4098d86815a26d913d361ed,0.83,USDC.e:0.8262
0xa5ee717fde5a843b0f9134dadb98cb421b5180c2,0.82,USDC:0.8239
0x2050652be73bc1845d89a7e9e17ea8c13b238269,0.82,USDC:0.8227
0xdb40b5defb1032b5e23f9dc55adf1cdd2a2d2b2a,0.82,USDC.e:0.8224
0xfc528b40c622fb9fe4a59d560a224e4726e5bfc7,0.82,USDC:0.8194
0x16df54b90365e60c1b3e3d3f0d3445a081c5f8d8,0.82,ARB:9.0182
0x46d72f43d4eba398eb1293fa3ff7212ba1fdd0bf,0.82,USDT:0.8176
0x1d01a6b30dc08f5ff6abeafdc4a902a733d947b3,0.82,ARB:9.0000
0x7e8aba5515832c61e4d241e2fe6e4f1cf14260c5,0.82,ARB:9.0000
0xac82754bc94eb72d0a52628d0da6314711d6b0e9,0.82,ARB:9.0000
0x949e0cc1b760776e1f0eb333c2eb2f0eb126f266,0.82,USDC.e:0.8163
0x0b540dc49a9ef0dddc4c369573846cab18e2490a,0.82,ARB:8.9861
0x2b30fa02b7c71c70ad03b62be41211a3b7ed9f0f,0.81,USDC:0.8146
0x0c4edf2acfc2b49b18285cdd7962a28422b53eec,0.81,USDC.e:0.8133
0xdc02707452f2419ac0219e475ee3b0e39c92525f,0.81,USDC:0.8110
0x60999a9ea1d1413855dd7045e94ec56b974b2688,0.81,ARB:8.8929
0x45914dd3e40b4da6f512eb5d79f9c6ec709743f1,0.80,ARB:8.8617
0xd7cd7560f95ef8f725b89729e808c73270fe739d,0.80,USDT:0.8046
0x3b1c5f083a2855330efb76127cf3c58b65adc89f,0.80,USDC:0.8010
0xd8126a79bf55e311a5a77613dab4074c815eb742,0.80,ARB:8.8200
0xf617d8c7acdb46f0a1ac319fb52bcf0a1ded9f21,0.80,USDC.e:0.8003
0x19385aaba14e7248a1014c222919a2b3d0177dd0,0.80,USDT:0.8002
0x3cd05d556f40ae4e8fd4f2fccaa31f893eaf069c,0.80,USDC:0.8000
0xc992ada77e5f26f362db9a4fe65a48cacc48f886,0.80,USDC:0.8000
0x7129e5045b087fd9c52389a59f55bd63867cb129,0.80,USDT:0.8000
0xc953c079f7b6bde7829dba19569765f7389b6008,0.80,USDT:0.8000
0xbf9a7d52ac0c2e609edaa628f7ee08eb7dec80de,0.80,USDT:0.8000
0x7f8fe4af53acfe9d8f57b8a0a77a0850665dee6c,0.80,USDT:0.7979
0x36f2045710ffacf92861b9d29412d4a63aea195d,0.80,USDC:0.7971
0xdb1d92376ea57edc5c361b9c5dc5dbcef5302ae2,0.80,USDT:0.7967
0x28f2d37c2aceb938775c4c6a6d82fd50d20b8de4,0.79,USDC:0.7916
0xdb41171af6c39ad4785cad0e683f9a61a2129e8c,0.79,USDC.e:0.7913
0x2fe60d1294d789e5a64bcdb00f21c1a2c28f9847,0.79,USDC:0.7889
0x069f91a63057536e3b017dfcdde2cf832b23b1c9,0.79,USDC:0.7886
0x2fd4123bf60ace7d82d4e09f07070748c67eae1d,0.79,USDC.e:0.7880
0xce2e67709418b452d8fcd36a502af27bde7d4d56,0.79,ARB:8.6745
0x80efdd4e52aee99ba0e64c73f6cabed28d72610c,0.79,USDC.e:0.7875
0xbb7ecb9ff655ad741234227a632bfc93366fc45a,0.79,USDC:0.7870
0xf1d679c38bea536706da81f0f0769a70c59f8fc3,0.79,DAI:0.7860
0xcb9507156b19cb353991a0529758ffc49a5b4e4e,0.78,USDC:0.7851
0x39ca14b389e7dd3e1fe1fa7a2420d1393cfd7a4b,0.78,USDC:0.7820
0x56b796d18acd2a2ceba05344179580922ec016a6,0.78,ARB:8.6087
0x54167572640b7601568fa87bb70cc245d125520c,0.78,USDC:0.0000;ARB:8.6037
0x6ec6add7e729599161f7ee0939d0b482f1b5e8d2,0.78,USDC:0.7810
0x413050ba36bce92e5ce59076b99a728657d443cf,0.78,USDT:0.7810
0x6556fc8ac956775dc2221da661c4ee2312da5eb0,0.78,USDC:0.7807
0x23ff41fa5c0bba4eb18cc1c65b128ac8d6ec3dbc,0.78,USDT:0.7787
0x61c918fc75fc6cd5a553c5e487a20c6812a8651f,0.78,DAI:0.7765
0x9dafcc9ae17902d90f3acafbdb66b3ce5e9801d4,0.78,USDC:0.7765
0x2e39250c39bb78b02d1182f46e309633fc3901b3,0.77,ARB:8.5155
0x7cfb74f77cfb7af9b0c9f2ae6c46249c92ee75c9,0.77,wstETH:0.0003
0xe943bf3b811b644be1a1999254060a12dc739f26,0.77,USDC:0.7728
0x362343ed4db78b26632413f2f0768c688cfef4bc,0.77,DAI:0.7720
0x89ae7de6198c830038248cd3abcdf7e0af8f8c46,0.77,USDC.e:0.7694
0x18a72ccfe2158c2838ba4fd92fd98c46c735282b,0.77,USDC:0.7689
0x299cf86d836becba00e908dd30fa4973502b1787,0.76,ARB:8.4200
0xbd4ee1ee13fd5821b950d392843b6df8e45be1c3,0.76,USDC:0.7638
0x3b2c0d63f2c04acae936c0ed6eb4073e7677adb7,0.76,USDC:0.7636
0x14ac44463930890f7eaecd6bde10d9459ef98843,0.76,ARB:8.4000
0x267adba82ee93ac8714e7f1693645dec3857d896,0.76,ARB:8.3978
0x7eaaf53210929bc952b7e2ea2d83f07c1cf2fb53,0.76,USDC.e:0.7586
0x56a355a1188b7d13690f3ce1484bdd881903fdbf,0.76,USDC:0.7583
0xc342cb772dcc8b7d90648998f47ce121bc924062,0.76,USDC:0.5009;USDC.e:0.0076;DAI:0.2490
0x806cdb42ac4216ba434635f95946c2aa0f0e8a37,0.76,USDC:0.7571
0x45a26b99d4ed51e59e52d28c7ad04a8be0d1dfef,0.76,USDC:0.7565
0x74bff9bfaf4da7c46ecb7f5e553cbdb20b2e0823,0.76,USDT:0.7564
0x335f02194093387140b613bb2bb016334d47ff3b,0.75,wstETH:0.0003
0x5f3c227d6f08d8e678d3595ada1c1aba9c2227d1,0.75,USDC:0.7547
0x9e3f49ee60e19da11a33e5d977094ead0b8d7fea,0.75,DAI:0.7547
0x709f1bad037b1cc649d984fbf235d167e66a9913,0.75,DAI:0.7535
0x1233d45017d270d7ecc07494cb86d3e8dda643a0,0.75,WBTC:0.0000
0x340728f588ac6f55aa56a82bf58c4e092ffb0d5b,0.75,USDC.e:0.7529
0xe693567aa3c53d86ac5fb2604d95b48c807c7a0e,0.75,USDC:0.7513
0xd561e4536e17ebcb6fc2f4ff6446c1ee3e6cf779,0.75,USDC.e:0.0000;ARB:8.2720
0x225e6158c488e5b6b7c3743cb8603e9bfd91f06d,0.75,USDC.e:0.7500
0xc5becdf9ff97c35f2817e9ff22dd9653719475b6,0.75,USDT:0.7500
0x04ae41df0196307f145035e0d7becbaaf7676506,0.75,ARB:8.2474
0x453d71751e4a612cad3ed6dd6d5637129bb51997,0.75,USDC:0.7484
0x76e3e1d917646104ea9bd2d8173ee36ce8eed10f,0.75,USDC:0.7484
0x41740442da5fbf61eeb51bd3009766b54f9452ab,0.75,USDT:0.7475
0x9c1ae87cc108d72c9ab2b063c2e4fe63550f8231,0.75,USDC.e:0.7461
0x39fbf24a3666f4cf82bf6062f8a545300be409fb,0.75,USDC:0.7455
0x2796fd293062f08e8759f6dadd489d491b1a6967,0.74,USDT:0.7452
0x32378668a9616a8b4bc22c3e2618da26103b74af,0.74,USDC.e:0.7451
0x0907b8d5f57d89292cbdfbd8488c44fc68882509,0.74,USDC:0.7448
0x5d1164b0c1c4f5827f0313d13b80476b19767379,0.74,USDC:0.7444
0xf715e028892efaabbd3430a8ad5243740006a7b0,0.74,USDT:0.7446
0x725127d3fb67d920c785293de4edadb62723a2b5,0.74,ARB:8.1868
0xd339deba98e1ff83db99d404acf160f0da39e5b3,0.74,USDC:0.7409
0x38db52d222329b65099f58d883e3c54acb5fd597,0.74,USDT:0.7400
0xa1766a9d10527140a23bc378900f450081b659d0,0.74,USDC:0.7398
0x8279f3be74f1a7159cbd14e97392b76589cee6a4,0.74,ARB:8.1430
0x14d1b3dd3d492e0b53da7dd19d6c6ce066e56145,0.74,USDC:0.7358
0x88caa47eb89149516470dd344aa2a605c198ced5,0.73,ARB:8.0935
0xda8ae1bb0370e02e942e6f66bd5e1f709e6c25bf,0.73,USDC:0.5759;ARB:1.7511
0x2ee3300306c156948947a9c63959e89d9d60824f,0.73,USDC:0.7344
0xefad4323bac4d32fd5fc6c65886ea88239d9dcdb,0.73,USDT:0.7333
0xd6ed8d26cce565bea2e2ba91b85d17e953ef7caf,0.73,USDC.e:0.7331
0x2d9c146486646d5d48ed493ac659a48ce5c18785,0.73,USDC:0.7321
0x2f1459e5339addbf368d5c714d96beab0d8e2746,0.73,ARB:8.0546
0x30e70ec201927d42b753373a20d3f22eeb039cec,0.73,USDT:0.7306
0x34d3f42c49426b16c4dcc82e2521cac4a8dab2b4,0.73,USDC:0.7300
0x8472801d482a85a4c4e0e11ea9578b4a12d68edd,0.73,ARB:8.0000
0xbb4463a404e360f24a8facb12cda772b27f5ad9f,0.73,ARB:8.0000
0xaffba2db42131bd8f0bd793beea962a7dd3553bf,0.73,USDC:0.7256
0x675aef94f1128bd4c5ab43d69ef78d44fb68b93c,0.72,USDC.e:0.5975;ARB:1.4000
0xd94df5582c832dfe444a3e80bbeab1bab3cd3b8b,0.72,USDC:0.7237
0x4dc98ffcfeea277e761933dfed5847b925d9e422,0.72,ARB:7.9587
0x28cb1f2d7e14233ab239995dfe008d884ffc60e5,0.72,ARB:7.9409
0x9f872161aef6d2774737c38de363e35e654c7fab,0.72,USDC:0.7211
0xb50a020d9de417c6b3e33ed67b9bec4bd6d3b695,0.72,USDC:0.7209
0x384b913e34709edafcc8976f2dec2de2edaabaf8,0.72,USDC:0.7206
0x6e3196f73a45dc023a9da316403371e28616a7cf,0.72,wstETH:0.0002
0x69ca67a9a604935eff588f29ee6c6d74178772b8,0.72,ARB:7.9179
0x702a53ec5dae62674e1aaf70fe11aa23248f9fe1,0.72,USDC.e:0.7189
0xa87572efdc28e7f9ddb88b247ea0b5e86db484fe,0.72,USDC:0.7188
0xf9c433a298f1b2da3a31d33737023bcf343c69ba,0.72,USDC.e:0.7160
0xe465e25592f2af8ce448661060feabb73a89cb91,0.71,ARB:7.8608
0xfa20fb8e0753015b6a9114b8014c3d19ed7f1e57,0.71,USDC:0.7139
0x419bc1a0db45d312cccd9be581a31c7057960584,0.71,ARB:7.8596
0xab1781c224c0299580a5e91ef254941483ef47e7,0.71,USDC.e:0.7125
0xd66043ebda80bbadae2796476ef0f3bc6a9299a2,0.71,USDC:0.7119
0x1a812ed00b004c719c937ec874d6e6a059e67a45,0.71,USDC.e:0.7113
0x434a1803a63ef1b9235d713b9ab1092f7fb8b4f4,0.71,USDC.e:0.7085
0x4f27ffae84a8b6c7de778c8ed86ea79f65575ecc,0.71,USDC:0.7077
0x5562ec0349888e5aceb873752a4b0643a3c9e58d,0.71,USDC.e:0.7071
0x6ada88b55ce58f9d3d0c2a0a44b30eb66289cb28,0.71,USDC:0.7063
0x7ea12e79e3ab22a0bf939c5d6c0c4e7d2fb3643c,0.71,USDC:0.5940;ARB:1.2280
0x80708cc06021dcfb555e93d685ab70c39630bd2c,0.70,USDC:0.7049
0x4033a71ddcf6ff54b7d0f81270f04dc1be8abc6f,0.70,USDT:0.7049
0x199919ed3157ed218505664406512a3a65ffd57c,0.70,ARB:7.7576
0xddd50a65d6b4d5437bc8f394d0f6b15a51370e13,0.70,USDC:0.7037
0xcb0a66ea57a32c97ff6ecebfad7967ed3c59c317,0.70,USDC:0.7002
0x352056de7f36d4e49979d6ddfe1ee4f47963934c,0.70,USDC.e:0.7000
0x98c17ffd4bcea646d85466e341aedde4a2d7cb30,0.70,USDC.e:0.7000
0xabcd29ca706d817aa623453578f3b4e42ab96ae1,0.70,USDC.e:0.7000
0xc64b0d7461c361a2016550f2369503566d53e03e,0.70,USDC.e:0.7000
0x304060cd68bb8b32f0ec3da87b7067af0c49c718,0.70,USDC:0.6999
0x8c1c2937234cd568b8b93091eac71caaa85beb8e,0.70,USDT:0.7000
0x53879cd16f29f7dce01e287cd242c2c923a2da19,0.70,USDC:0.6993
0x2b1a7c62558549b54edcfbd03de940eeb16fcfc2,0.70,USDC:0.6987
0x2fd68b16274478788da19299c480c1093ae021fe,0.70,USDC:0.6983
0xa2a3fd7ce8322ae5d3debc37023fae11ce900d5d,0.70,DAI:0.6974
0xcdbadd16369c162311f9b15128c8703463e7988d,0.70,USDC:0.6955
0xd17a7349be5e16c46c21e8acb3d2948b4246c682,0.69,USDC:0.6947
0xd4303887a97c27dbdfc54355c51aec32ddb6c4ae,0.69,USDC:0.4491;ARB:2.7040
0x328c9f1517df08702470aaef67fc784b5fb3f886,0.69,USDC:0.6942
0x1dcd1cb417f11fb817daa73e797fcc886b324519,0.69,USDC:0.6942
0x5427801413afad1e13d7918a61593d02202c308c,0.69,ARB:7.6066
0x23eb31283d107685cc1ebce7e214f0d466e7e2aa,0.69,USDC:0.6906
0x80ae402ac0984d84c232e61bc13f066df590bde0,0.69,USDT:0.6853;ARB:0.0598
0x250aff98fbf1c660dd2e6931990e55a94788a8f8,0.69,ARB:7.5892
0x178146c78d9383aa316569c423ef7f0f559d777b,0.69,ARB:7.5783
0x8052d6d2b42ea009381b8c3461009237ecc81c9d,0.69,DAI:0.6864
0x623e4b67bc648415ff0f43aabb685e5257705eb1,0.69,USDC.e:0.6862
0x4c68b4f0e11621059f8a3af43056329ed8dc45aa,0.69,ARB:7.5530
0x3a93f6830f76b62ab9182b97f702e61d04bf7600,0.68,USDC:0.6843
0x2d83a8902d36037951ba4bb55a936ecd328e4741,0.68,USDC.e:0.6837
0x680b4478405c8442580d1f1bfd98081ea2514920,0.68,USDC:0.6835
0x1479ff1ab4009b175b7ab88a8544b91ca4acc2ff,0.68,USDC:0.6831
0x882280bae502e08342429f7192886a586f238b02,0.68,ARB:7.5200
0x894740526d04071b5bc4227a174a9230e4d7f44b,0.68,USDC:0.6827
0xb3268c88671b47676f7380e20634a4fb6bfc8295,0.68,USDC:0.6806
0x93a95def8ebe910eda001b88a0074bcaded7767c,0.68,DAI:0.6800
0x4074b52db63aea26318d1153a628444709948b46,0.68,USDC:0.6794
0x4f37bc721e36e7d4d3599878548adfa4224835ee,0.68,USDC.e:0.6780
0x8cb4c14f678092ad9beaae0b74883ab1c536f493,0.68,ARB:7.4351
0xd8ba1a39902ee313c44d620aef83fff3b902a6bd,0.67,USDC.e:0.6749
0xe952b42b8fb20127b54003594a134fb08b84f50a,0.67,ARB:7.4257
0x9150e6754fe77fba3ec6c1c953e0eaef499ca0d6,0.67,USDC:0.6744
0xa97ca3d40f51f9c7e59f73f4f4d30c3929718d16,0.67,USDC.e:0.6739
0x49c7fe58d69b5dbac3b0078b402667319487fb49,0.67,DAI:0.6704
0x63830d4c1a1b8986e9432f6826a8956e5cf5aa84,0.67,USDC.e:0.6700
0xd63f481cab22f7baaacf4fdd5499a4e721e98d0a,0.67,DAI:0.6692
0xbac8e2183e413a31cc49702eee4c96e34ee1da62,0.66,USDC:0.6650
0xa1acbdb5773549da43adb904d5d03947811c19df,0.66,USDT:0.6637
0x2e920a897250c4acede0bf92cc34ea360fd8334c,0.66,USDC.e:0.6632
0xa631221a76657a28fb0964bba94f4229fe33e3cb,0.66,USDC:0.6618
0x9000582e0a3baf8386dffdb8a3d4a928e75f1080,0.66,WBTC:0.0000
0x122dc1f7beee826ae65adf93e5b567f4ae576c95,0.66,USDT:0.6596
0xbd65cfa4c5d2ee33b92e90aea4a70843f03afc94,0.66,USDC.e:0.6570
0x54ec29e9ca7b3d817f7cb135a306cc6257f3bd08,0.66,USDC.e:0.6564
0xc86397a345aa9b899ff4267e2f44ae6484ad08ca,0.66,USDT:0.6562
0x465e334962ad570f84ebf07fb45d7871e132ba65,0.66,USDC.e:0.6560
0x085cb649bf48aa15064811322a5e26f54aeaf0db,0.65,ARB:7.2099
0x8b89db0ba67a1cc06403945bc0819ed11841bac3,0.65,wstETH:0.0002
0xcf4a8ce2f432c041a22b66921553b21d8909b72f,0.65,USDC.e:0.6536
0x9003e6dce5c53027e31e8dec6fa0f930255dbb3a,0.65,USDC.e:0.6534
0x919e83776841f4800cdef70bf91e571863ac46cd,0.65,USDC:0.6526
0xfb9ff4001c63b639f99458c39e94315fc5c84b75,0.65,ARB:7.1833
0x25de4f88a5bb9e93bb6bbd6683cddcae6408be4b,0.65,USDC:0.6505
0x9274d8d4a965bd66aee3d337e91254d344846950,0.65,USDT:0.6500
0x88a289c79777d81df42b5cee28ff5cd901928999,0.65,USDT:0.6496
0x33558f8d02b100961a4ecb52d3e79bc60e05b8ad,0.65,USDC:0.6494
0xbb526a9b29fb83904fc3c1fff5d46a2fcdf1272d,0.65,ARB:7.1223
0x79a5c59deb149fa50d89d97fc7c3466f3bba6357,0.64,USDC:0.6450
0xd6922b04b0de96598e1be1bfff324bb80e41229d,0.64,USDC.e:0.6449
0xc98663f3e60e3113f41aa683a4a8071bf2b07733,0.64,USDC:0.6447
0x3ea6daa7d3d6e15221b7ddbca1b56f600caa3eb7,0.64,USDC:0.6446
0xf7d0676c534fa7180388f6ed6fcc56912fcf913a,0.64,USDC.e:0.6444
0x6858a4d8d7d0297c138b403b6a34cb3b424b7f4a,0.64,ARB:7.0914
0x9e809858a8134b9e445a15bd2c4e5db6b9d242bd,0.64,USDC:0.6428
0x77523bde3128e3862d4e5ef463471cdbea55cc7b,0.64,USDC.e:0.6422
0x81ff40b9b3fddf34765bf2b5d6025c5c1db00a3b,0.64,USDT:0.3498;ARB:3.1965
0x553c9475c2d7d7ad7c5b90d172abc134e38bcb4c,0.64,USDC:0.6399
0x16bfaacf69c0aaeb7f0f829dbf24acb1f85157a2,0.64,USDT:0.6400
0xa080ea24bbd3d34b75b23eeb902ce1664ee408f3,0.64,USDC:0.6395
0x0feceb4471c9ff69bc0dc2e36e6efc680f75e1e1,0.64,USDT:0.6389
0x705b5a56a70a06285469980c99f7a074845ef8ea,0.64,ARB:7.0192
0x1d261e1c0869eaacc1adc7c32e00ea3798128c39,0.64,USDC.e:0.6368
0x5c985903ee5f731183c3e17a76c8bb06a819fd73,0.64,USDC:0.6360
0xbe9338cb19220feed1f21faba31ca2285f037e21,0.64,ARB:7.0012
0x1dbde98dc4dce4e968210088678b895716d038ef,0.64,ARB:7.0000
0x3a9203c7050a943478c0e3748403f31dc4a854ed,0.64,ARB:7.0000
0x9554086515dc9afb915d3956a14e5df54d6ae9a8,0.64,ARB:7.0000
0xca2db112db1080eebb115371dc11c47605f21e29,0.64,ARB:7.0000
0xa1d61dbb768749c49bb049efe2aa2396b49c675e,0.64,USDC.e:0.6355
0x08846c06cb29fdb3432546829048cf5dc8e23bc1,0.63,ARB:1.4960;DAI:0.4988
0x05c0bb5ba0bc44ddd52214332c1cdd51e7799ddb,0.63,USDC.e:0.6338
0x834abdbd711341e14e1f6996977203f6da77ea76,0.63,ARB:6.9668
0x7e07ea37e74a30b912d3a4fcb458cee331347cd7,0.63,USDT:0.6328
0x9522a50215eaee8c1279d837f9709d45911d34af,0.63,USDC:0.5253;USDC.e:0.1056
0xe8f903c530719ca14b9a1f5572f1a2b12868685f,0.63,ARB:6.8969
0xb6c6f7da18e1caf0df42125ca9a0f6e065e90701,0.63,USDC:0.6262
0x990a2cf2072d24c3663f4c9caf5ce7829b1a2d0a,0.63,DAI:0.6258
0xffd61272902316342fdff3d28f836f72d63ae565,0.62,DAI:0.6231
0x2ca70225c89623e90933b407bb588be946e98233,0.62,USDT:0.6218
0x540d97eebf6d787eeab1ac2928103296e3a543c1,0.62,USDC:0.6187
0x7b1bcd2d6230df24857a436b4a66106622644058,0.62,ARB:6.8043
0x7719ab8bc5ad501cfc1d47edc09a94ffc93ced5e,0.62,USDC.e:0.6179
0x00939dbad4c08a85187ec44c0420a03d84ff7236,0.62,USDC.e:0.6178
0x06e784b18b02953a526d5671cfab8f3e804e1f9a,0.62,DAI:0.6155
0x98fac8aa8a6c7a9d0f9894b70d28b0faa485c334,0.61,USDC:0.6137
0xba50d05259ecdaaace5133e7dc17394afef5bc65,0.61,ARB:6.7528
0x9dbf11ba76b3c941968ae49d28786102c986a27c,0.61,USDT:0.6124
0x2a4b80a77123420eb0e940f6f9f7961b1290f308,0.61,USDT:0.6117
0x7d7eb932ae0361933f78b90c4187540d3938d4f4,0.61,USDT:0.6113
0x3bc29a55cab8c3dda3f55dcf1df54bdeeeade334,0.61,ARB:6.7194
0xbae244fad7a9b892e39bea1ab7d2ecdba3ff009e,0.61,USDC:0.6075
0xf32b20ecd71dc574a9969a97f777b07cde6bd437,0.61,ARB:6.6893
0x90a1400efe2639c14b5938a68950b0a9678748c8,0.61,USDC:0.6064
0xc371b50cfc85e88ec0343a1d76f679633d6a87ba,0.60,USDC:0.6048
0x5c05fdeb2011eeb170c4ac9068d16740c89630bc,0.60,USDC:0.6045
0x685bb42e39286e204f72428d5613bd83694bdc13,0.60,USDC:0.3336;ARB:2.6309;DAI:0.0311
0x394c325d3845ca15635a130c90d3ae581a87a7f9,0.60,WBTC:0.0000
0x7ada5d69d22542a06ebba01624fbc9f7d424adb6,0.60,USDC:0.6025
0x46038a72550f615c3971465ff2c66a9238f75116,0.60,USDT:0.6022
0x29d0330feb253693f85928c2b0b130df3b99dd6d,0.60,USDC:0.6013
0x94dcb24f9bb6b12beaf8496ce1c5843588780342,0.60,ARB:6.6117
0x73f113a81590ad579a2b484fe339664a9352b490,0.60,USDC:0.4594;USDC.e:0.1410
0x309ea3b84fce20283511f48ac1577f27073b456a,0.60,USDC:0.6000
0xe18d013b4dce2e1a82d1c24489de9e15dcacc96f,0.60,USDC:0.6000
0x8f07e854a390ac2259aa9f97b80f4e7819a666bb,0.60,USDC.e:0.6000
0xeab069c8a748e5c0eb8df0cbdc921f94be942a08,0.60,USDC.e:0.6000
0x47976def1314b115b9337a046b15af6631ea701c,0.60,USDT:0.6000
0xe6951b5bb3a182785fbe113c0356056e82c33e60,0.60,USDC:0.5978
0x56ea0cfaa30d0b41ea944ec58f06fcdca525a73a,0.60,ARB:6.5705
0xcc6ba50cfbbfb32dab03ca39206a2dfc14842e1a,0.60,USDC.e:0.5967
0x0606e4d7bb4d03497cee3716460c8627f486064b,0.60,USDC:0.5954
0xcea1352d95fde8c7d0f0d8a3b6279e7de926b0d8,0.60,USDC.e:0.5952
0x2e5717d915a47f21c4fb653d225688db6f7cfcb6,0.59,USDC:0.5945
0x0a0b0fb92249dadae669f1f0d5795481ee11babb,0.59,DAI:0.5940
0x5b2f7a3b07dc99686342e1b5c8a3a2cf7d33840a,0.59,USDC:0.5929
0x5bdf819bc8d3daa093391ecbfe1dc32cb125a2c2,0.59,USDC.e:0.5928
0xe9aa27b3e34f97e428a11344d30d2296ce1063ba,0.59,WBTC:0.0000
0xb5c24ead452ae206a025772cd904561990385a7a,0.59,USDC:0.5914
0x1726c027af314da6ae3c2744fd79102ad3476d5f,0.59,ARB:6.5081
0x86d5c96d6171dc7f9e5086652ab75dcd4f416423,0.59,USDC.e:0.5904
0x6dfa669e57ed2fe57505bb567783cbb0711f7bdf,0.59,USDT:0.5904
0xcf2409bb7a2b2576f5661e472d3f9ef931fad880,0.59,DAI:0.5900
0x6576f308183921dcb005051a7fa4eb1099e139dc,0.59,USDC.e:0.5890
0x0fc7d4aa216420d421dd40c8abda8eb604547575,0.59,USDC:0.5886
0x93ec8c7201c950fa195b5fc3ff5f03d624ab7e76,0.59,USDT:0.5886
0x53ef73e5f4110cde5b3de95c7ce95eb66a028e4e,0.59,USDC:0.5880
0x5e72ef1c4c9590eead1c154de5598b8ed1925b7a,0.59,USDC:0.4844;ARB:1.1400
0xa89c1b9e493e6cb06184b16326b425a078acd17c,0.59,USDC:0.5877
0x926d3f691dae574dbcf385fbb0b71bfa500480a2,0.59,USDC:0.5864
0xdf0cc7e4687c055dddcafd7ed62907faba73c378,0.59,USDC:0.5860
0x7aa3a111acd16ac10ac5af8ebe03f28ac2fd3708,0.59,USDC.e:0.5860
0x3492b8815e1820f730f97e4f500bc7385d909c8d,0.58,USDC.e:0.5842
0x61e4962c045ce1b3f869719104f9ae66b551216f,0.58,USDC:0.5839
0x7237f18a1022c46b2b14b41a29e77d4575f1aec4,0.58,USDT:0.5835
0xb51f153b365eb3ce12c2392dc3323a3e98527cb5,0.58,USDC.e:0.5831
0xe4eb58cd446fad397b3cbb43786ac90c81db1d99,0.58,USDC.e:0.5825
0x229761047bc1b947dd4e1d7454ef20c73f5ab597,0.58,USDC:0.5823
0xd0ccf34192255d4dc3430c904ea5f70922f39da3,0.58,ARB:6.4056
0x421b5c5b9bb1909f209de33c095b4509bf3163bc,0.58,USDC:0.5807
0x0121cd4012bdf30496112359adf06dae2b0dda2e,0.58,USDC.e:0.5491;ARB:0.3394
0x89f763bcbcc8bce2956a71c28f11b47ea9f5ccd2,0.58,USDC:0.5797
0x658e6aec2659d2a509f89c9eb311e5e4d142a848,0.58,DAI:0.5790
0x8f2813f94993a5eb96b1606c60ad8c1f992d043e,0.58,USDT:0.2800;USDC.e:0.2976
0x67663715b7cc1a66832d932b42877910ecbdf097,0.58,ARB:6.3390
0xc43b3e84824b3de2c559317e7e35fee420a87b93,0.57,USDC.e:0.5747
0x7720876fae7b3d4fa3812f82b497f5c2270c4e1f,0.57,USDC.e:0.3936;DAI:0.1800
0x931d165cfa585f201e5d22ccccfbe83c15e964d5,0.57,USDC.e:0.5734
0xb0f6d328ae7f6ce26a75541f9927536017483043,0.57,USDC:0.5732
0x0ef732fbacff3f693dbf373956dc1725b7909c63,0.57,USDC:0.5718
0x98b8983c03ca527c9df758cb50fcbcbce68f9f3c,0.57,ARB:6.2929
0xc6d0ff62e0ac66c24d02b275a00715ba489a8968,0.57,USDC.e:0.5681
0x87be5dcae7687dcaf7792c9b815baadf0f12be03,0.57,USDC:0.5681
0xca9c70410ad905d9aafe87b25c99967ee5f14240,0.57,USDT:0.1878;DAI:0.3800
0x6e10c29d7559ef98e317e0a4e35c158d42f5f69f,0.57,ARB:6.2418
0x186825b609bde041f03e0d0c9ab8b025b2f8e0c4,0.57,USDC.e:0.5669
0x53d906a28c5eed2ff74016fd57ae8991c08bfd4f,0.57,USDC:0.5665
0x0f88e2928b795c643d3107ee40f3363a2e3c739f,0.56,USDC:0.5650
0xe0d2211951393e5095b0c626173d5baf75e7678a,0.56,ARB:6.2207
0x3799c0d881ce67117e4cb5e51b6f06d194585c8d,0.56,USDC.e:0.5640
0x10bbb2a8917a529028b10cf250af467d54c0d3df,0.56,ARB:6.2020
0x71cdf5e7e5653173ff2cb29c7b7502be7df174f5,0.56,USDC.e:0.5609
0xb9f15fe5dffd8f43df0e17fc11de7538e8a7752e,0.56,ARB:6.1748
0x96efc03c08241a5c463d914a071334182a53db1e,0.56,USDC:0.5604
0xca274819446d08224ef9b002412cb4e2e5854404,0.56,WBTC:0.0000
0x50ed078be051280de17e724dd06f375a8cb3f020,0.56,ARB:6.1594
0xfd0992427a6bdb391a36d4298900f31ec4210725,0.56,USDC:0.5589
0x3c9d4d261f80a270b7d9b1b1e72b394a616db90e,0.56,ARB:6.1531
0x7eb440a63b72510bb2604adc867a5a8757b3d7f1,0.56,USDT:0.5576
0xde7378f6a1da552d66dbfa49dbb35c9d38734d8e,0.56,DAI:0.5573
0xd360b09b4180988e8f97fb249e9284ff98abfeca,0.56,USDC:0.5567
0xbed751a7c1225a946403b5048be7e81a72023895,0.56,USDC.e:0.5564
0x6c66c5e56c97ccf7ef5db993f92a8a036fe80969,0.56,USDC:0.5562
0xfad74f5b0fc05b39e45a4268fdc7abd23cd1ea8f,0.56,USDT:0.5562
0x6b84388682b23311f3b5859ca3f140123ad77587,0.56,USDC:0.5551
0xe9b04195ea96dbb7553f6a0e3f51eb78ef530293,0.55,ARB:6.1002
0x084d5fa2a48b243732964cb69cf537ad269d82ee,0.55,USDC:0.5536
0xce71d218f955a2b0a90e3b7f5606abae9680d1a4,0.55,USDT:0.0003;ARB:6.0910
0xdd0cdc00dbe59a2ce87434d9796f518a76dcbf7b,0.55,USDC:0.5530
0xdd494635f1736044e39c9d7e1c224adbd5431bec,0.55,USDC:0.5526
0xed330c56c6b8f622bd591d6e6a3bed7b91d6e2f4,0.55,USDC:0.3700;ARB:2.0080
0x186589d670f476ed4b7731afa887087f2b3bff4e,0.55,ARB:6.0787
0xbd20f6626d187ff13dfaeec69718581005c98309,0.55,wstETH:0.0002
0xd16cd5d260bd8b217530f11c9553036b960df306,0.55,USDC:0.4668;ARB:0.5351;WBTC:0.0000
0xc5b3473acbd1356a3212111c66c40c6c425c55ae,0.55,USDC:0.5500
0x7751861e0e2e3768ab77a908bbbdf7938f8b6615,0.55,DAI:0.5500
0xe8318c99f24d81c2e2d5cf18330bb0272166df99,0.55,ARB:6.0543
0xd734dcfd4fe99368840b53856d1fadcc2795ea0f,0.55,USDC:0.5487
0x3e779620bfe4e469b5382b36f62faef9e11bf395,0.55,USDC:0.5480
0x5060306a199eeb448c0122ad307f9db69f9d7761,0.55,USDC:0.5479
0xf12ebc8f5d4a1b55689c486c20c42bea44e56a9d,0.55,ARB:6.0309
0x619db4ba9966f8f6ebdd191002e30840eb801882,0.55,USDC:0.5464
0x89245939874d8373cb60190cb8e91e9fd257e884,0.55,USDC:0.3765;ARB:1.8688
0x24e219ebf46093dc5c5a748cb20b8c83e86bf09d,0.55,WBTC:0.0000
0x37f7439606991a201ad30535134c8f99d12d7f2b,0.55,ARB:0.7238;DAI:0.4804
0xc43590d6ad02152b8280cd3a3099ec17f3bda035,0.55,USDT:0.5461
0x8fb73abb2a6a6b8d6d0eea0b226b89160840fea4,0.55,ARB:6.0114
0x4f80c1ae7bb814c54717f6bb3764ea557ec4960a,0.55,USDC:0.5452
0x53a0982c2636c68776db0ca365a1f193db2f8934,0.54,ARB:6.0000
0x5245b21bfdce58e4ef132c489ed6a73cd206b2a5,0.54,DAI:0.5445
0x492a501fc667ba12dc8ceccb8b5ff6e4e7b46660,0.54,USDC.e:0.5428
0x0fbde627894de55c0a953684b25531a43752cfae,0.54,ARB:5.9744
0x21d396d10fb1e5b0beb3717cd539302305a76d6f,0.54,USDC.e:0.5418
0xeb0e8838f38eabfb530d895e437f4b6087186f51,0.54,ARB:5.9649
0x444bf88703f6f85f78a1dc35c5e826758a12ddfe,0.54,USDC:0.5407
0x2e6d77fcbd5673fb3e25533c4473ea8598e6e9a9,0.54,ARB:5.9496
0xff258aee354ba2d8c5f1c431642d1724d35dde1d,0.54,USDT:0.5396
0x88365049d4043917d8b02ce257b47e9feb6583d2,0.54,USDT:0.5388
0xaab61985422f32ae029a6bb530359b83f038ae0f,0.54,USDC.e:0.5380
0xb1e2aa01880ac1e7025859f0e0bb70941b04c2c1,0.54,USDT:0.5376
0x7c8ceb08fca2cb1ff72dd76ee2d91031f0cec504,0.54,USDT:0.4944;DAI:0.0418
0xd4f16b5332fd576111963d49ea04957e6ab04773,0.54,USDC.e:0.5356
0xd28a1b3a9c3b6843beba49e322fdc0fa2ff6cea6,0.54,USDT:0.5355
0xfd6191b4e32ed22e6fe865a8aa38fc66ab9632a6,0.53,USDC.e:0.5345
0xa86706f81dab4ffc7a76eae6676b507d41087be7,0.53,USDC:0.5344
0x5a18e8124e2611994f742ac19887492443afe529,0.53,USDC:0.5341
0xaf38a34e2e7801ad8a8cfd6a5dbca9255577d89c,0.53,USDC.e:0.5323
0x6546167bf2e0a0a8d7b65a361ad4ed94fb1f0d73,0.53,USDC:0.5321
0x2dee84d469ea2c8bb4af371ecdc95a71a77322a4,0.53,ARB:5.8376
0x82816eecdb3f3cc2822297426db15cdf16148603,0.53,DAI:0.5300
0x87a78919adc0a79303940418a9c35ad7a5f31561,0.53,USDC:0.5299
0x070dd7b81dee74e311ad5510a73baf8eb229b508,0.53,USDC.e:0.5283
0xe16db5c41ae73a0fcad2af7f9b237be3c7f2f357,0.53,DAI:0.5280
0xb8373000fc4f5e1e76a0d13748278e75eb42eeee,0.53,USDC:0.5276
0xc8133cec2f96545f70dfaf49813dbd6aaa76782b,0.53,USDC:0.5271
0xd388fdde50e4614cc968210bb75f2b6453094e70,0.53,USDC:0.5267
0xff90a42428415b0c1b60f9252e3a00cbf4ea81d0,0.52,ARB:5.7760
0xe763a263e7e1e364a4b804252d0657109fd6a45b,0.52,USDC.e:0.5239
0xe221200aa12e990bb9fbc3017c2a040bf7edad0c,0.52,USDC:0.5238
0xa502107ce1393d37ba9e74cfbc70235eb9e8d028,0.52,ARB:0.2492;WBTC:0.0000;DAI:0.2371;wstETH:0.0000
0xafa034e72d86b0d934e467c990e2e5d3ea5694f9,0.52,USDC.e:0.5234
0x5840e680cb4934264cf21bd70ad04da65e69103f,0.52,ARB:5.7367
0x067ec2b4be79d0447bb02ad74d923d1791031dff,0.52,ARB:5.7337
0x8b6c745f39aa171b8e31fbd49ad02251ff0b88ff,0.52,USDC.e:0.5192
0xb5e3bdee23c57d783774c721d7b84a31766166fa,0.52,ARB:5.7128
0xf9baa2c717f8140d6925d8ff1827abeca1906526,0.52,USDC:0.5188
0xc3a47103c62c46faba6aab2ef425942e9fe15608,0.52,USDT:0.5184
0x88c378f87e7a70dfc5d573157c91729db4d2b779,0.52,USDC.e:0.5163
0x657af05d81ddd7d87b7983a7de361c392838c663,0.52,USDT:0.5154
0x61e6122deeff935a8a1b541c773815a9a37aa474,0.51,USDC.e:0.5139
0x0df7f9607053e3894264a8cdb8349894a1188498,0.51,DAI:0.5117
0x86da393c2234eb5f007f9085954b29e00018b716,0.51,USDC.e:0.5110
0x5271ea36854b91fe451d8e7a952df32e6302e89d,0.51,USDC.e:0.5107
0xc3a43add6818073bcc26060ac35ee9b6f6f7031a,0.51,USDC:0.5094
0xc18a877f53961479aebd3bfc8dd4653a32d48523,0.51,ARB:5.6000
0xaffee37039fbcd41a716dc038ecf4d546cfcfb8f,0.51,ARB:5.5861
0x030d849a275aa99774d9275c8a4ed8d5d67698b2,0.51,USDC.e:0.5067
0x406bc478fb1d6626d7c4d84ec9fdaa75751e6db4,0.51,USDC:0.5059
0x89174260a0d67a3d8d8252f2b20ef74aedf474ee,0.51,USDC:0.5059
0x42ee1faf9a833f2ade4cf45eb8eead31c308b823,0.51,USDC:0.5059
0xa6f68ff07b671fa888b187d45d100c2820a8687e,0.50,USDC:0.5050
0xd544dca46fe0f02a56fdcbefabc776f7479bbae0,0.50,USDC:0.5039
0x6d41a58c62d730bcfa670ece6b7120b3bea3c8a9,0.50,USDC:0.5038;ARB:0.0000
0xc6a6ab4e68725d2b3863f663ea652f2e6cb3042e,0.50,ARB:5.5445
0x9679d527fa4bef2dfb5d883a8977fc69a2d054fe,0.50,USDC:0.4826;ARB:0.2000
0xa8b758b6d54a4f8f4074fe2d82e6f30f498777bc,0.50,USDC:0.5001
0x02acdf33e6fb291e5b86d3d66ddef33663a57bcf,0.50,USDC:0.5000
0x0bc02e56b6f2947720100281f9f871136198b8d3,0.50,USDC:0.5000
0x2e613151a82c2bfab197297071594ccab996d100,0.50,USDC:0.5000
0x594168ee62354b3c704380624fafaec869d3c98e,0.50,USDC:0.5000
0x7a8dafa1557fa41dbf0ea06c9c0e65854b1ecbc8,0.50,USDC:0.5000
0x815337f5fc956fdb31468ee84aaa64f868c8aca5,0.50,USDC:0.5000
0x83ba28af279a03fd29208466c2a716405226564a,0.50,USDC:0.5000
0xe1db947db9d4545077b5189ce95e8657d2dec712,0.50,USDC:0.5000
0x0da37a7948f1cca638d0c8b7170b6ad5c97a80f8,0.50,DAI:0.5000
0xe35841be2f8c23aaacf014cb02cfbe3878654197,0.50,DAI:0.5000
0x1fe7d323946a7c3b644528baa42eff13056cd2b4,0.50,USDC.e:0.5000
0x51bc53a48f295689dfe7007f463122355b2c08e2,0.50,USDC.e:0.5000
0x6853e244584b11f6649383dda1da37c44e03b4d3,0.50,USDC.e:0.5000
0xd5c02a39fa5f8e20ab787ce429c4d795ba5e5934,0.50,USDC.e:0.5000
0xdb64a2fb70547f2a68e9e33a83f147c50c2dd688,0.50,USDC.e:0.5000
0xf0bd30561992ba9b9b9744825690938937eda1b0,0.50,USDC.e:0.5000
0x1c2f32fe8dbf79f3b92d5d736f6b4b811dbfd2eb,0.50,USDT:0.5000
0x663ab7824cb46da4c24d6c62acd07d34765268ed,0.50,DAI:0.4998
0xe038d3aef4870a4769a287b3388eb5462c8f5287,0.50,USDC.e:0.4994
0x5c44f58d9df7d0b4a26167b49100a9eac7546f5e,0.50,USDC.e:0.4991
0x7ef65b5c04d54de0225fc6536dbd24c0aa05bce0,0.50,USDC.e:0.4991
0xa8c16d0718e16adf88d564a07f99a3476ea961af,0.50,USDC:0.4990
0x570bb40738be5b614cb5fdb3e36a0633c3a1cce7,0.50,ARB:5.4926
0xa7021bb0de3f97b11b28a225289a3c88d7a2b964,0.50,USDC.e:0.4985
0xc90c49b133662139213a4a16f7c33c272a726c80,0.50,USDC:0.4985
0x3e9604a4199bf21d5bc26db0fcb208b7efe35f4a,0.50,USDC:0.4983
0x1a06904f0b816e6a91b7b05d302b44033a807187,0.50,USDC:0.4981
0xe168cb145a3366574f76d2ddb873fc6c972087bc,0.50,USDC.e:0.4981
0xb35324cb08cd03918ddb8bb9ab1701ad2ae98abb,0.50,USDC.e:0.4978
0xf3ac896e928cfb828a3a3ffc91982a4514d57d63,0.50,ARB:5.4766
0xf5c6c34517fac674df2a701c2e7c6da78b253053,0.50,USDC.e:0.4959
0xaa0476ca4cb519dd964811a09f3f766f3957ca4d,0.50,USDT:0.4959
0xf894f1c921175d14b165cccde1cdc8ef51233ffa,0.50,USDT:0.4957
0x12a6ff5f4e5c7200919c08ab6d059a3f1c9e78fe,0.50,WBTC:0.0000
0x8a2d83136f8581e0824f2ea9d1aec2f5dc1bfb56,0.49,USDC:0.4939
0xac39b1fb2be633e3ffe5ccf9874bfa5f1f010144,0.49,USDC:0.4936
0x24db6267795ffd45ed917c94b218623a114c2356,0.49,USDC:0.4931
0xd2a87ea07351461ea613110307ed9bd6dd698163,0.49,ARB:5.4296
0x451ceb16da35f5c77b0db0641f48e8c28ab43038,0.49,USDC.e:0.4903
0x9237a17235dcf4f6512fe2a149e666d949228acc,0.49,USDC:0.4902
0x8a7e7ba16b6ef674f796069ecbced12ba9ae65c7,0.49,USDC:0.4886
0xaa8660430bb627d9a490099e77c357b48e545a17,0.49,USDC:0.4879
0x4c000393929561e1dce2b40efa77f4843ba87fb4,0.49,USDT:0.4878
0xc1a04bc1da25488999281363fb7e366b11e9139c,0.49,ARB:5.3596
0x570718cbb2a977ed169c26200afd8d2cdfb33bf7,0.48,USDC.e:0.4846
0xce69a172d2943712a24a13170e0a027f946b0e07,0.48,USDC.e:0.4846
0xd0098833f1f231378648b4857cd1dac26619a993,0.48,USDC.e:0.4823
0xbe4e91ae63090eeb4165dfcfc35db3a4eb76e75e,0.48,ARB:5.3069
0x7d57d22bf8a1319e3cf897e1aa2347a00f11f36c,0.48,DAI:0.4799
0xa9e20d263cb8f9627464f5e660b575f2ed6163fd,0.48,USDC:0.4191;USDC.e:0.0603
0x7f55b488b1ba332c16039f88e028836f18fe916f,0.48,ARB:5.2617
0x303cc400d03158b3a337afddf2f93a7a213cf106,0.48,USDC.e:0.4767
0xaf1d872958f8420272bfea5c4a078b03f4f85df2,0.47,ARB:0.2000;DAI:0.4569
0xdeecb80dfa402d4808569ee9915e365a3c93b193,0.47,USDC.e:0.4750
0x0b0f075c706e1544a0012d776ee5977ff1a81696,0.47,USDT:0.4749
0x7ec938c0e4e69afa8e6d150935d4550c9d53bbe3,0.47,USDT:0.4742
0xd9c92a72add6a7be0b43b3beef18857e5dce6ffc,0.47,USDC.e:0.4736
0x2cdebb6e077b576c1aa808b54b3b1cf06efab6cc,0.47,USDC.e:0.4731
0x1f36e39e7a8e971d07f0847126680f72775ea3aa,0.47,WBTC:0.0000
0xf4c035b8d0150d66f79ea991bd8b05f9eabd99c3,0.47,ARB:5.2034
0x06f8013482c9fabf4e2f085fbf870ec3215dab2f,0.47,USDT:0.4724
0xd8aeb7c1c5447cb1fe41ca1b5df25d3a77a77260,0.47,ARB:5.2005
0x6df8fe9095f2c43466fc5e833132baa9f5429a39,0.47,ARB:5.1934
0xcfe07da0d7a7b00819e54ecf9fde186f38af19aa,0.47,USDT:0.4709
0x095c0fbdea1ed03d91406f0e127fe2ea2e2c7c9c,0.47,USDC.e:0.4706
0xd3a216eb42a27975cb84e9d7a7d23916bd7d210c,0.47,USDC.e:0.4692
0x32573a9a1395d40a917044f44bc82ad131e6f660,0.47,WBTC:0.0000
0x3f231bfd422a8ddc0a06128794eeb6095d0a6f4d,0.47,USDT:0.4687
0x4cd2888489bc88f29d2f7c887fd1c376f8a7749d,0.47,USDC:0.4675
0x5ea0c4694a1e2ee37945bfe13ceed42594b58ad6,0.47,USDC.e:0.4672
0x07c1f7e20cbe36093ce2571b7466acb00501496b,0.47,USDC:0.4670
0x93271af84dc944d121a8452e104f726107f90395,0.46,DAI:0.4648
0x4652fdb7ca33a75444c32aa18770750e286ed22e,0.46,USDC:0.4636
0x57048141a55698c0d375483a65607bdb7977fe97,0.46,DAI:0.4635
0xae3956065c9e4fb22685932ea9274203038ad578,0.46,ARB:5.0993
0x193af43ddf04de73a2253b428c8f3333811130a5,0.46,USDT:0.4616
0x6b7590ad21a1a4c667fec643d25e8863e8f29c8b,0.46,USDC.e:0.4610
0xe6e8feff45998695b686508eb41d1ac46f78fe74,0.46,ARB:5.0685
0x0c9539e917a222bbfdbb920f5330ec0ad4ab7ea6,0.46,USDC:0.4602
0x2f433067c57cc98ad007b1eeaead87f5d4c8e468,0.46,USDC:0.4598
0x6ba675508d9836a84fe5e59f4936610144e96185,0.46,ARB:5.0595
0x7ebea6efaddb86a56743b831b319a04b10fa2c67,0.46,USDC:0.4584
0x98df2ff33d22d6f55c75d4e5558b926b0b3be9a8,0.46,USDC:0.4581
0xe3b2af291c0963785f417136b10b9d188d6aa60b,0.46,ARB:5.0357
0x51811fbf055a7e4fef7d4747d7f136b1eea02651,0.46,USDC:0.4572
0xb92994bfafefb06346ab26b03f7430cb1bfee144,0.46,ARB:5.0262
0xc2c00911f4dc2375fffaeee226e9f9ef094f5f9e,0.45,USDC:0.4547
0x4e02d9ed58b15e8ad70e70dccad3d7e2e9b12dac,0.45,USDC.e:0.4542
0x1920a2f2368a6d9b4e20ee4f26ee42c40b4182d9,0.45,ARB:5.0000
0x1d8a02843ee285501954fd1fcdb486d70c368eba,0.45,ARB:5.0000
0x24edc3917e98a725ab945c6878d3ce2ce8f4979d,0.45,ARB:5.0000
0x2f338d5d249661fd5d7b3cfe6f74c1f96eaa6669,0.45,ARB:5.0000
0x7e590f5161aca9923e8296b272d290225be76196,0.45,ARB:5.0000
0x82abe0456afbd32abf1f0c5add8c4199dc4a3bc3,0.45,ARB:5.0000
0xab63aff53866f38cf7a5e00983d695caaa65902b,0.45,ARB:5.0000
0xaeab2c097bd7a9e5dbd83feba500aa56fb0c5930,0.45,ARB:5.0000
0xb4b137ec256d2f4a19be9f4ae20ffac91a81404a,0.45,ARB:5.0000
0xbe8b73afe0d791dca27ea1afcb26f8028f52dea1,0.45,ARB:5.0000
0xcd9862bb77efd067aa75214b38803bec6ab3ff2d,0.45,ARB:5.0000
0xe257b6eee1dc2118c3c109f37df37a25cc953e08,0.45,ARB:5.0000
0xea6af77d57ebd6b18603294106ff9faec0849097,0.45,ARB:5.0000
0xf848e1f54ecc09c54dafb36808fca6b0470e42b3,0.45,USDT:0.4535
0xe0b718c68f4ee36a63b1f8e34143eaad0a9dee2e,0.45,ARB:4.9810
0x567c0c85663131e4132ea077e63de449fbc88515,0.45,DAI:0.4522
0x6a9783f7f9c637461018100f1275951797bd81aa,0.45,USDC:0.4514
0x5f9134a82f72d99ec73b73692b8192b4063ee35b,0.45,USDC.e:0.4507
0x194b3ddd50134db3ab927d4ec6e3c9c61f69cfa8,0.45,DAI:0.4505
0x031d2da6a39dfe83c314df7c2e7a74bfad01773b,0.45,USDC.e:0.4502
0x536620943e3fbf99b95584603601dbb8b3db97b1,0.45,USDC:0.4502
0x1e8800c58907ab6fc982ba293e82c58efb8a25e2,0.45,ARB:4.9495
0x82dd4600e7ef8d1fe53fc1906b18fc511fa861ef,0.45,USDC:0.4494
0x7254b158bf51b65b798e7530d99e8ed37a70b134,0.45,USDT:0.4487
0xb04440e1268d1beeff1be885c2341e85e3864b41,0.45,USDC:0.4485
0xc23b097214e4696cf0b6a34f5a24662b8af41140,0.45,USDC.e:0.4478
0xe2e14bae59d7fe80ec0453213cc425f2ca0f616a,0.45,ARB:4.9199
0x9ccda57b0527e1e725993c330c364b65c80c04dc,0.45,ARB:4.9196
0xeb8fb7cd8649b2829691bb9caaa48a65b46e7c35,0.45,USDT:0.0002;USDC.e:0.4463
0x3541336f22c2f5ed508fbccf77011c862e05e172,0.45,USDC:0.4463
0x717a3b9f3dd5d5912fb9eb02fc24cc662ecebd92,0.45,USDC:0.4461
0x45e9105e61a2455af444f503aa416c11d3456796,0.44,USDC:0.4446
0xf796d9658653b9e4ca1d888a7e806c7030f9d0e2,0.44,USDC.e:0.4435
0xdbfec2a9ff8bee4876e641901a6f46516cd595ce,0.44,DAI:0.4428
0x2f171b0fd3d50d9acf6d0ddcc05353ad31458244,0.44,USDT:0.4427
0x65398205fdb91e0f31c15dc17ff5b6fdc6e8f900,0.44,USDC.e:0.4413
0xe923e5b6799502dd7422f0a60e82fae126577b5e,0.44,USDC:0.4408
0xe7d7be43768dda32b4425d89d84999f39004fa48,0.44,DAI:0.4402
0xcdb5a55a9ee1cec42fc5b57a0c580f0d317ebafc,0.44,USDC:0.4400
0xb468c98982c9cb19425f19ac861b13afce78435d,0.44,USDC.e:0.4399
0xfd66477534492c9a4d57923172a5c133a13afc35,0.44,ARB:4.8408
0xf2178179543afe8fee39c6a8f5aeb1d5b5039fdf,0.44,USDC.e:0.4395
0xe1119a7ec755781987a52b0387379aa4c5bf04ed,0.44,USDC.e:0.4379
0x7087e660df1c152b36bd94f5c7c1472e0628675a,0.44,USDC:0.4378
0x3ed689b5085891284cad4dfedff22d93aca23e42,0.44,USDT:0.4372
0x9d296f3a9a87c1d9ebc40bd2adfaca707812470e,0.44,USDC:0.4370
0x48e4e74fe1d0c14404ceb57b9fec5b21329c6ec9,0.43,USDC.e:0.4346
0x539e15328646f531dbb7553c40fe7d4e18bada23,0.43,ARB:4.7700
0xab0623635adb0a2e5b89cb9614c325234378241d,0.43,USDC.e:0.4327
0xc4f39ba15f5376732c594523408ea2e5149aa43d,0.43,USDC:0.4327
0x5d8069d633e2178b27d0c6eeeaad59915d34a4f3,0.43,USDT:0.0740;USDC.e:0.3563
0xe969db996911d8589f887aa251a11d70f973fdc1,0.43,USDC:0.4301
0xbab8967242beb159836498ca2a528942502a5b45,0.43,USDC:0.4287
0xff42a476dc28d2cdab279cf9bb52c3bc6ce1407c,0.43,USDC:0.2135;USDC.e:0.2151
0x36ae4b9078407471179f019fb553ac964f4bd9fa,0.43,ARB:4.6917
0xacbe02aea8adc861257a873ea3b71783f5d8194e,0.43,USDT:0.4260
0x3e099631720e6450d67950938f5798e1d0cefec5,0.43,DAI:0.4257
0x126ad4635cb2b281b3aa4164be29178bdaf9efad,0.43,USDT:0.4256
0x4f8382b6518ecf35c39f196fe6485f70ec8eb4a6,0.42,USDT:0.4221
0x2459c71386775cc30ff366aed6d6f4d9cd235025,0.42,USDT:0.4216
0xe7a2e9252ab4f74c947587abcf303e1bf39f9c76,0.42,USDC:0.4194
0x45f3564dae633d10650d454946c81ecca5ae0bd1,0.42,USDC:0.4187
0xb46e6bc760a2665a4f777b8f0603928c33361796,0.42,DAI:0.4186
0xf968f3cfbe8bbb450855f006ba641777c57496ac,0.42,ARB:4.6046
0x099a06b72202cd15c03f1f3603e878dc2c68d306,0.42,USDC:0.4181
0xb70d5640df1ad08410ef4d037e70f17e322668d3,0.42,DAI:0.4180
0xc18e83b1b7a67743f0174a1f70f6793e3994c7d2,0.42,ARB:4.6000
0x5078cd3eb770e122364a8df0ba910ebe3151112f,0.42,DAI:0.4173
0x8b324ef9999039124eadc44a0bec59ae463fd7f6,0.42,USDC:0.2996;weETH:0.0000
0x2d6201f717aa7a93a78b84c0f0bd644342f82f23,0.42,USDC.e:0.4161
0x370cf11518fdd880ff83c02368d10156b79225ca,0.42,USDT:0.0000;USDC.e:0.4159;DAI:0.0000
0x351baa32723c571cb5107af44e6d89b0ddd5ca35,0.41,USDT:0.4149
0x865a71d99f0d4df40019ca6964071e37ef7990f8,0.41,USDC.e:0.4145
0xf9e85b5f442de5a32a036f908b6a57e413631562,0.41,USDC:0.4145
0x825b926efcae604ab1870bd4f4d7b6034721e966,0.41,USDT:0.4135
0x6381feea4e5cf1dfb1619b5bf13a6a2aa66909ff,0.41,USDC:0.4133
0xab1dd643805a0c4c744d51b2785407ef531bd4db,0.41,USDT:0.4130
0xe7fbc7a8627d22723f60884bd41e80e8e3a94f41,0.41,USDC.e:0.4128
0xcc7e0ebec35c695c6b8ef8b7337745cc9b43bcc6,0.41,USDC:0.4127
0x4e5eceb61e64a94bc9e72751a05feaf6308387f3,0.41,USDC:0.4119
0xb3d2fb9358bebe8ec889c08d46a5270219b3c9be,0.41,USDC.e:0.4111
0x2f4ef6b1c33c41c2e2d554bbac6c68dfb8b7aecf,0.41,ARB:4.5261
0x3efa463bd202de0adf0032596db976c096c75495,0.41,USDT:0.2343;DAI:0.1755
0x52f57e83a6466e9b0a1d7afbd3921af51eb2c252,0.41,USDC.e:0.4094
0x103c278366cc551e70dffcd39bc9efcb1463200a,0.41,ARB:4.5000
0x60b99e16cb5065b288394b2e47f5d8e6a8ffb636,0.41,ARB:4.5000
0x502311ce953565bd7c1548f99324232ac72ee65b,0.41,USDC.e:0.4083
0xca0da9640588d0bcd46c1e2a52ce9480799c8e1c,0.41,USDC:0.4073
0xcbcc6fa890a85f9449beef1aa6ff222b8787192c,0.41,ARB:4.4839
0x7288156c33718ec8f7968920ed54a3bfb67ec2ca,0.41,USDC:0.4069
0x670f7f94d9697827ddb9bf3aa08ec222be89071a,0.41,USDC.e:0.4061
0x2accd115f3821f57567c673a8bcc262b350354c6,0.41,ARB:4.4676
0x650f5845ee00b30ada3e656a5a2b1001bb35db94,0.41,USDC.e:0.0000;ARB:4.4671
0xe9880c35b81521ca9af6f52f476184dc74352d57,0.41,USDC:0.4056
0x5802fbe2fcedb4a5eb0c4ab3ca7281e99b74b137,0.41,USDC:0.4055
0x938f00974aee8e449bd7f12d77a8ba2d1bea76c1,0.41,ARB:4.4641
0xa6d10eabd60a3664db0b9701ab2962178572742a,0.40,ARB:4.4595
0x09ea41c178786c7aedac985a4e262fcca329d203,0.40,USDT:0.4051
0xa914c8580352f1d95abcd3e63edeb2ed063e0e6a,0.40,USDC:0.4043
0xaa5c7d7e2ce9616148b500b329142889fa07c156,0.40,ARB:4.4500
0x27b0dc855916126cb0b5734cddce480d3f8d4e3f,0.40,USDC.e:0.4041
0x6eee35ceb671919c7667a899b630134b9c10ff06,0.40,USDC.e:0.4039
0x1f66aeafb92b394baa0ac6386bd90789d74a834f,0.40,USDC:0.4039
0xc86f7ccee8aad2efc0b25759aa153d5220d341ec,0.40,USDC:0.4037
0x23cf0e1febb9e70497fc09d190a9c3ed108117a5,0.40,ARB:4.4395
0x0242dbb51398febd3759c25251f7d0da72c6075f,0.40,USDT:0.4024
0x37bae4be77d9ba657650c5f9fd84ba00ee32a6c8,0.40,USDC:0.4016
0x121f91db78e8c4da356c037c17f073c20dbe41e4,0.40,ARB:4.4211
0xc8433d33a8fdeae30b0e526d312f912415d92272,0.40,USDT:0.4015
0xd0e59d58a14033f1ec997e1fb0beebb4eb910685,0.40,ARB:4.4163
0xe57d508c01158d2a6bc629c2e8aaf5fd2a508e8b,0.40,USDC:0.4000
0x3476ca4cefacf828964bb05d7ff6efd0598aa77c,0.40,USDC:0.4000
0xc8138079e60a7462e67585d8f2d33a535f578e53,0.40,USDC:0.4000
0xe2fa7bab10efd3573e8d634c2eb7e56e4bdc945f,0.40,USDC:0.4000
0x42b7365b23b44629fd32c2c592758188511770d7,0.40,USDC.e:0.4000
0x996101cc6f4feca605528e601df88c81e0b1d7ca,0.40,USDC.e:0.4000
0x528915ea959231659409ee1f76f1d91c39356573,0.40,USDT:0.4000
0xfe71b77cbe670e33153c4a7675d4719e1ed307fc,0.40,USDT:0.4000
0x2ea693a863e7a136d80e9eafcb373d48b4316021,0.40,USDC:0.3999
0x4f3993a7e76e899bbdd3725965c4cfec2ef25973,0.40,USDC.e:0.3997
0x7f1f189175934da74ab0e334412ed7a90156cb0f,0.40,ARB:4.4009
0x8a5e6ad871f64157df73cb33fc894d49008bd687,0.40,USDC:0.3993
0x4dcadfa42456c38f81802fe00cfb513c3d8e731a,0.40,DAI:0.3993
0xe395fa83195dd048e276de0ed4c845c9d21808c5,0.40,USDT:0.3991
0xb531ef9e30357bb0e40fa1fa85a89243aa3e5d30,0.40,USDC:0.3991
0xa056d660d21ff59a52e2d9adf1eefaffaa875814,0.40,DAI:0.3989
0x78b6849ca39cfb26b1de6742a3349ad54a18e02e,0.40,USDC:0.3983
0x19f13b1775c6b6373d4ad61ccc28be2bcc56d79d,0.40,USDT:0.3982
0x7f84fb4e121e367d401b7280235c75937eb53058,0.40,USDT:0.3978
0x20968eb8fff20b0942938156a25fe29b36b3c716,0.40,USDC:0.3974
0xf8a98440f9aa026300554539610ac3960000dee1,0.40,USDC:0.3973
0xda5d0d6fa4cf150a519d2d264628cd4eff8c136d,0.40,USDT:0.3972
0xc52107b956a783d9cf55d439c8d7a12f10afff54,0.40,ARB:4.3628
0x5c514c96b42311024d7e2c5fa87bfcfecb1ec1ad,0.40,USDT:0.3962
0x66a016e7363bffe9bbfe96a0069814cf8906af18,0.40,USDC:0.3958
0x126f976664bc17cbdf5e1aa33d9904c3012006f4,0.40,ARB:4.3575
0x1c685342166fd2e0cb351d87dac5199c567f0b4b,0.40,USDC:0.3957
0x962771d37fb4b9c8234fe91af9b841de866896b7,0.40,ARB:4.3550
0x51ffd6dffc7b9aa20bc4253ab0f3e781614ef4c0,0.40,USDC.e:0.3952
0x79cb55b282a42fbd9be1a774b29b72efb3ae7859,0.40,USDC:0.3951
0x2b74e4a161a847910fdda560439b815b7e91057b,0.39,ARB:4.3485
0x142ff58603ff83e8b403459dc2d3ddf9ff414f55,0.39,USDC.e:0.3930
0x44019fd0077b6d539e3b6fce87614c7d5ba094bf,0.39,USDC.e:0.3923
0x9aac38a9ed299355792c351f572aff3b913d5d31,0.39,USDC:0.3922
0x8289fde8526b4404e47f522ae5109770c1732205,0.39,USDC:0.3921
0xf9f39bdcab51b908c54af7aed284d6523134d71b,0.39,ARB:4.3177
0xce14d7fcb9fd2707b8b2bc0d80e3a7578a6a7acd,0.39,ARB:4.3003
0x4ed1ab20aec5d67a3fee0850303635afcdae6beb,0.39,USDC.e:0.3900
0x272426ab6abb324c20bf734225311a4f2a6e7e2f,0.39,USDC:0.3900
0xc1bf57f77e6a56b6e221dcaeeeeadc6650d39b72,0.39,USDC.e:0.3898
0xfd3f77415d172ac5bcd88ee31930fb8f3936f48c,0.39,USDC.e:0.3892
0x301ebc1a4a3deae42889ad5b9326b0b426cabf4a,0.39,DAI:0.3885
0xd343cee72a5976691d20b201d8ca7b16783d26f3,0.39,USDC.e:0.3873
0x49c5374f249c4244ca2d7da43d30335e01d9b532,0.39,USDC:0.3872
0xffddaa48a377078ed16c4ed4b7a8a595388b240f,0.39,USDC:0.3870
0x28ac06e6a0a748571c16609a5a697235d2a43ca4,0.39,USDC:0.3863
0x1109a3d4c5cdf78de8bd7ad2c8158e1368a643b0,0.39,weETH:0.0001
0x6d76d1fb62e4a5fe279ff657ed32a238d90c36da,0.39,USDC:0.3858
0x2af7af50eb37eb9f8a5e2476dab0b6ab036de45c,0.38,ARB:4.2388
0x98155624e70c949dcdb7e327b55f618beb7ffb2f,0.38,USDC:0.3837
0xca37b644561de8fe5a0933879431ee6703c1f454,0.38,USDC.e:0.3838
0x55e0b5687fdeef827e2b39d8ce2af349fa5a0a61,0.38,USDT:0.3836
0xf8ab4d2f510b702786d0b8d0177129c5033c7c5b,0.38,USDC.e:0.3828
0xe2c594d2296517204b7a31c3227f2a5041ab5a09,0.38,weETH:0.0001
0x1b363afc3b7e4e413ada560d1445ad0bd785b5ec,0.38,USDC:0.3824
0x3e85c531e954f2559240716478e6e3f827d78098,0.38,USDC:0.3815
0xf275c6078c3db4b7b69d3beece1207388f025687,0.38,DAI:0.3814
0xb7ea31cb334028790219c24a74441fdb1e3af818,0.38,USDC.e:0.0030;DAI:0.3783
0x7e84c7f4442ca456e86709511c299fe27c5f01ee,0.38,USDC:0.3811
0x7783a494b2d8f49f5d71f3f1b3c5fddd987393a1,0.38,USDT:0.3809
0xa061790d5df6acafcd634a679115c97ad680fa89,0.38,DAI:0.3803
0x8b074fb9544775e0ca98a11e3f49f314401afa4e,0.38,USDC:0.3802
0xcebaeaab6c542abb9518e3af902cd3fd46bf40a6,0.38,USDC:0.3800
0xbfb903afefbbfea3d483dc0b10b7f7c6c7366864,0.38,DAI:0.3791
0x0179181d2c429d4c2ed9fbd476d3adfda2363c08,0.38,ARB:4.1745
0x2b7ac55364f6f42d79d041500c7fcea8030191e4,0.38,USDC:0.3787
0x44683bf273f9f78630ef56c24738e4fc650560e3,0.38,DAI:0.3772
0xdd28d4909a1ad838e45ba869358dd7661c27307c,0.38,USDC:0.3769
0x507575a38602bd9ef739502b9387a131e780cfe9,0.38,DAI:0.3763
0xcd67e3cfd5193d98ca4bab46457333c3c6c628a3,0.38,USDC:0.3762
0x947a282254f23567fa1649d2cd057f891ffa73a1,0.38,USDC:0.3760
0x2283cdc5e53a41ba033491beeeebabaa36694d4f,0.38,USDC:0.3757
0x307c77a563c48520f9149882abb0596142ecff31,0.38,USDT:0.3756
0xf0def049de9970f98b7976bac7532fcfd1db1323,0.38,USDC.e:0.3754
0xfddf14a966af305a02536a55a3ee848ce3128643,0.37,USDC:0.3747
0x3ded99ad17d114329eacaeefef249a2bba834692,0.37,USDC.e:0.3730
0xb0b6d2adcc1dac7bbe6012fd66c8fc079f9655eb,0.37,DAI:0.3726
0x6958aef30bf423be939104466bcaeb80d73a08df,0.37,ARB:4.0998
0xb49d3de8ede8deab021e0ddd6f4c4aec05522fdd,0.37,DAI:0.3723
0xebb3335281c4f6c922fbd6014e95b2979c474d65,0.37,USDC.e:0.3722
0x67bff1d4d524a4f11899768e4c69d0be7d8ec687,0.37,USDT:0.3718
0x996a1aafcf55f5409c1a71304a8e1309deafbaa9,0.37,USDC.e:0.3712
0xcb9eb7c43c7216adc8f2c96c1c342ad017c54845,0.37,USDC:0.3710
0x2392934a14d8080d81366bcb6527ed6056e08674,0.37,USDC:0.3706
0x2c5295030cb3738191c4af677af70cee53ded305,0.37,USDC.e:0.3703
0xddc6933c4a1169d4c48f0a56fb9953af1caad1aa,0.37,USDC:0.3697
0xf9eddf97cda3b5b490ebad0a2d833ae85a9bec6c,0.37,USDC:0.3696
0xe1db090137f75abebf640249c7630da330666079,0.37,DAI:0.3688
0x614a17cf521c6204d6886336dd499e35a7475605,0.37,USDC:0.3686
0xebe6a2a29e5056fcda972b09b0f07e40d545bf60,0.37,USDC:0.0000;ARB:0.0062;WBTC:0.0000
0x14b86a454813b4eef35e11bb1b7978505fea7b48,0.37,USDC:0.3672
0x2510da62737d3154096433a831fb2dbda358f3fc,0.37,USDC:0.3661
0xf8b26604ab3e7cf86277ef1c5e478db160a33fe2,0.37,USDC:0.3659
0xfdf856dde1cc73130afcec1a9efaf0f116389c8f,0.36,USDC.e:0.3644
0xf32ffce55bbcc2aeb40f1751276c2428bfd9983d,0.36,USDT:0.3641
0xa74ef63bffac18eb2172126909145dcfae623257,0.36,ARB:4.0000
0x964f1872f504998972304766d617b9403757f3e1,0.36,ARB:4.0000
0x33a9f35d4e3717f32d6a77cc00e35d59e6a1d035,0.36,USDT:0.3632
0x9b387fa491623eb0aa52a64cf1aed789407ce9a4,0.36,ARB:3.9973
0xa13efd4e24bee28d2fa8102b9bb1a305e2d51fc0,0.36,DAI:0.3626
0xcc8223d078971ec16e2ef85e180d68bbcb361f37,0.36,USDC:0.3626
0x6e749b2db563b337f3e0e8b6731e232651ef6e5b,0.36,USDC:0.3621
0x0492c79cd44dd126beee1200e70c81885196e4b4,0.36,USDC.e:0.1500;ARB:2.3334
0x20e84a6c70e0ccb6f227ed7fa5b89e76062989b2,0.36,USDC:0.3613
0x0a36fef37a03d4417a7886d6b65bfe384bffab1d,0.36,USDC.e:0.3607
0xf630d51e6634a1ee171067da503256247b0bf187,0.36,USDC.e:0.3601
0x2dc4dbe3ff63cb49c577375fa5af3c55c4fc3a2a,0.36,USDC:0.3584
0x68444e155205e00322243def9994609d4a720959,0.36,USDC:0.3582
0x00871c443ea6d39581e420bbaf544d9f36fe1a9d,0.36,USDC.e:0.3575
0x3122c81f050e1860d13f9e7c7fde494c54e465b4,0.36,USDC:0.3573
0x4fdf8672beeb2c6f4d5fae4c09678c5725452f62,0.36,USDC:0.3572
0x24520c3df62ecc09f98d19befe8800bae77c9108,0.36,USDT:0.3570
0x0fd65dc420fe57ea531df5ab4cbb0f0c1f126306,0.36,ARB:3.9155
0xc017b3ad564de5f7fa5dac256b4324d4a4652da2,0.36,ARB:3.9154
0xc27ca2e84698ddec5ef07276fbf9e656e246cbc6,0.36,USDC:0.3555
0x7782bbc9ec47e9e24435bc4343cf87b450cec6ce,0.36,USDC:0.3554
0x78596733b4174b040bf0e10ef984ca40d22f8d2b,0.36,USDC:0.3553
0xbb298d40d07eb7e45284f97f8e508434e60bc7bc,0.35,USDC:0.3544
0x1959f82d94615df6bb849ad7e9ee77ebede9568b,0.35,USDC:0.2533;weETH:0.0000
0x1c29f93b4a60acd5f99d92566dfe4be2410667ec,0.35,USDC.e:0.3527
0x05749af135975a303e12e26c1b24565a334c20ae,0.35,ARB:3.8824
0xa37dd7c67c5c985aa56f7cf362b29d83c3f36816,0.35,USDC.e:0.3523
0x2324fd5500e10e6ec0b70b810450ae16f21c874b,0.35,USDT:0.3510
0xc758959dc8889e0594e36085955c939327bdb8d3,0.35,DAI:0.3506
0xd7775b982fa8f8895617e7dfde50729f2a03f8de,0.35,USDT:0.3500
0xa79dfd1a906e49123c8fd4e2ff33c86748f38df4,0.35,USDC:0.3498
0xdd0a30c4b0e419936733bcf4ad801b11ca0bf5b4,0.35,USDC:0.3497
0xa8a670d45dc3bcd1ae1326fb8c75f80bf7a00b3c,0.35,USDC:0.3495
0x0c305f9c7ff7a5a0a04ab3daf0587cc4515a02ac,0.35,USDC.e:0.3493
0xb2e7a10f5ccced2fb2ac3f596878dd1a3d27ee20,0.35,USDC:0.3490
0xc5f705ca8f70acc5f3d3db9636558102f528a475,0.35,USDC.e:0.3483
0x65d3b27cff134ede77450ea3945a3d7713c73e6d,0.35,USDC:0.3466
0x4b474da032c3e0b377c6d1cb279e310557ef099c,0.35,USDC:0.3465
0x9173d775f3dd8c168835763e22009830694859c4,0.34,USDC.e:0.3441
0x546ff9f77ca901fd303cf303f82a052a727f83ba,0.34,USDC:0.3430
0xdb4a67bbce5f11b31a1c777c9f25ac4091761099,0.34,ARB:3.7761
0x5fbc2d71646936dcc2e9af3cd7e2ae20bf8e9f99,0.34,USDT:0.2711;ARB:0.4162;wstETH:0.0000
0x8951deecf8731aa1d61e42183425fcc609cb9123,0.34,USDC:0.3420
0x34aa79b6c19e93d7914b0358d0940f0ea9804479,0.34,ARB:3.7607
0x92ba190e8592cba93647581123534461b145da08,0.34,USDC:0.3411
0xea5fd79d5f2f178a3705b5c797b1af1d8d738ffb,0.34,ARB:3.7485
0x372c177f1506e229b54f90819a17a7f196719667,0.34,USDC.e:0.3401
0xdfe1192d7384cfe2023ab1c8b2e9dc5dd15b68c0,0.34,USDC.e:0.3400
0xa76f2e1691312bc01562950ac83868d9d8f924b3,0.34,USDC:0.3399
0x2b1ab405c5d8819c47ce9ad11f426af91f9f109f,0.34,ARB:3.7404
0x244fa3f9e7e56c437ddb856915a3710d48d07610,0.34,USDT:0.3395
0xf961211a3ce17005f6f6ce88b0012d5c810054e4,0.34,USDT:0.2140;USDC.e:0.1254
0xb3a97f87eed2369bb07110d550f1b89959de5419,0.34,USDC:0.3388
0xd3feda01d252507a04dc17db565cf5b2cb74d5cc,0.34,USDC:0.3386
0xad62b28ca2ba507570b0a9870626c9442d28f556,0.34,USDC.e:0.3386
0xc7da2afba82ccca46f57c7c27626510abe48b39b,0.34,USDC.e:0.3383
0x12651f27224dcefa41db255a2814959373829fd9,0.34,ARB:3.7224
0x70f8d6733c2daf385e4bbd9a965a06ca5ddf74bd,0.34,USDT:0.3371
0x9158daf4a6567d85dd24746b40354a641469efde,0.34,USDC.e:0.3367
0x684f453666c6c095ce820f186624b2492367f5c0,0.34,USDC:0.3361
0xe33a1011241f345d4f001785d8742aa6e19edfe6,0.34,USDC:0.3358
0x09ea89a60860d050c1505e5c86344cb8bf734595,0.33,USDT:0.3337
0x01019d1f24ed5fb2d12fad3cbb188703ea290bad,0.33,ARB:3.6680
0x3a41672552079547842672b0965f2fed0434098d,0.33,USDC.e:0.3329
0xcd51df263545d6251ac063d92d8724756808087a,0.33,DAI:0.3327
0x3e59bde4587001226349791d5a88251780017bf0,0.33,DAI:0.3320
0x819940cd59b98711e194e3fc4078d4ca3eda9ab4,0.33,USDC:0.3313
0x4f32f98b9f3b08f3ecf2ca86ace1ba6709f30d60,0.33,USDC.e:0.3310
0xa3eb62280159dca5625c32eddf52383eb517ce6a,0.33,ARB:3.6350
0x39588f34e61aaf6907874913280000510b3fcfd6,0.33,DAI:0.3285
0x86d62dceb6e3f0fa73434ba36f392fd079bdc704,0.33,ARB:3.6170
0xd36464fd0a77468527b88f6e694b5d2b4a386681,0.33,USDC:0.3281
0xe567beafb9e0e38f1580ecdc14c077646e6dff29,0.33,ARB:3.6085
0xe066e7a3c00a6d1fb7da46f14dacbde1fd4ad5db,0.33,USDC.e:0.3274
0x223363b848da0272a08781d08f7678530d7238db,0.33,ARB:0.0400;DAI:0.3234
0x88cac4bcea1ef19cc6b7303f2cdd19e174a2eb7e,0.33,USDC.e:0.3268
0x2669d48aadfd0be2d83276335b59a5a126f1449f,0.33,ARB:3.5975
0x054b41fcf87c337a3f434b00acecdc6585e8c1dc,0.33,USDT:0.3267
0xe69850780fd90e344d115e731cf6b8a248c45aa1,0.33,USDC.e:0.3266
0x2e792c5e7827e8b6bb26761e2c4c44b867838166,0.33,ARB:3.5942
0x4a410f7bb57edf9dd0aff761781e5c2e9f8b62ac,0.33,DAI:0.3262
0x74910552f945ff90aa9add08eba185381f82e91d,0.33,DAI:0.3261
0x991296d30711a27dc15e7214d6f01ee2711df840,0.32,ARB:3.5767
0x5e86f18d50597a0c75de91972fc8261b46749fad,0.32,USDC.e:0.3246
0xf68ad20b1e922d278240898936343b7b89577ea3,0.32,USDC:0.3239
0x36896aeaf1a8df46730d56066208dfb15989ecfe,0.32,ARB:3.5664
0xa17456c07fad4b1764345af62f4fa26b3102b00a,0.32,USDC.e:0.3227
0xdab5c56ec79d548b84a76abfe74858508a57bce7,0.32,ARB:3.5489
0xee009d65ab943e86a7c724e7964f9f8e2a69bda4,0.32,USDC.e:0.3219
0x22abdbc9fe9a247cfb59fe8707af78929ebc330d,0.32,USDC:0.3213
0x9c70f6220269ea4cbe882378381b2bbff4537af4,0.32,ARB:3.5360
0xf31a8fba348f066e2f26733fbd9f90c9a9d4bd9d,0.32,USDC:0.3211
0xb68f1c6fa02244c6a3641a9a201acaa71552db0e,0.32,USDC:0.3209
0x97f59deb5b0e1ed5ab93572665af07069d533436,0.32,USDC.e:0.3207
0x23e22d6be8e8c74cec2f60fa64ba7fa3c0ca0a3e,0.32,USDC:0.3206
0x707a36ff5adc6090f69be23955311fd1f0100d90,0.32,DAI:0.3193
0x65bcb822c9ac6d2be2603b52a1a3b58938b1c238,0.32,ARB:3.5099
0x74314bbd12d7bac61518b741b4547ea06ac08d06,0.32,DAI:0.3187
0x5286a201d8ab4db783026c525e0f78ca7991327f,0.32,USDC:0.3181
0x495224c0c468970f503a1b8fbc7d5c7ae10b361e,0.32,ARB:3.5000
0xb413d48130773e9b70093d168daae94e05e1bbf0,0.32,USDC:0.3174
0x0035a64ec21f7499117870af2c6175314b46c6ef,0.32,ARB:3.4913
0x60184c575ea1d4fa645fd139698937d925dd13de,0.32,DAI:0.3162
0x769f4f1bf20087cf2e682893bb9ac3b9b89c57e8,0.32,USDC:0.3157
0xb16aa5ba62c75c644e8f0972ff6a3b14a53a2097,0.32,USDC:0.3157
0xc8f975a46a595defd87886e06baa7cc001795dd1,0.32,USDT:0.3153
0x5803d7cad22e5a43aba2c1ce3eeb879713ff5841,0.32,USDC:0.3152
0xbb9b360a7efb263d998edc62f2bd885405763288,0.32,USDC.e:0.3151
0x75bb7ae27a5671913f42a30287de9c1aee090655,0.31,USDC.e:0.3141
0x0085be9cb3295e2498eddeed2e438b9d5fc42160,0.31,USDC:0.3137
0x92ea9059256392f5575e60e593ad64be34a54a1f,0.31,USDC:0.3132
0xe1fca5f1657a8da483d6eedda6e784c22b68ebec,0.31,USDC:0.3130
0x85ae3657ac6871b7c0b36b123356013ccb9f3cb6,0.31,USDC:0.3126
0x3afba67d4cc53d9b401bd202d7ceeb20c5c46215,0.31,USDC:0.3124
0xa9ce2a58e2434c460cf804bd90cd6c9fd945167d,0.31,ARB:3.4309
0x4bb7ff05abd9d29a4b4508870332101b7b5afc18,0.31,DAI:0.3113
0x3e9cba2e0c5e647cf046185ee04cc64564936ec5,0.31,USDT:0.3111
0x3e5a1f10f7c12ccc6b0eb4d8062ee3f3b8763311,0.31,USDT:0.3110
0xaf6a43d5462a31e4c9d9c5b785873f5058a765c7,0.31,DAI:0.3105
0xfec8e6e95aca68df76f45176c3e39e530308d6f0,0.31,USDC.e:0.3100
0x46d6c3bf3273c8721d589ccf10a0807370f04bc7,0.31,USDC.e:0.3087
0xc3353cbb2208abc7c90e393b5a46e5a97016df00,0.31,USDC:0.3087
0x3e13d7ef24386913542ba606c1f404082b8bc3a7,0.31,USDC:0.3083
0x777721bdb193ef6cb5c477ff0f9b5f5401b3ff3f,0.31,USDC.e:0.3074
0xbb248f0df8c7cc01d605a3cc8842164e85171a46,0.31,USDT:0.3071
0x753d256f76f0d4ac77e10d48027415aa92485807,0.31,USDC:0.3070
0x05a9967be0e82bdba6382ff53b29cce84ee6fb79,0.31,USDC.e:0.3064
0xd7063056422484f1b4f8911e914e9f77c4f3d2cb,0.31,ARB:3.3716
0x4d5b7876300a1024f91367434555c72d90fbb5d5,0.31,USDC.e:0.3062
0xad97d8469713d30b8757ffbb031f6a0d49e95c3b,0.31,USDC:0.3059
0x0c2d5a4e9dc0c818cda031d13e7ad18bd6b0a97b,0.31,ARB:3.3673
0x2c05417deab36d8246658b619f2a0929ac9c2bfe,0.30,USDC:0.3047
0x34319a50d5321fbb189ec25c23af2d15a666e380,0.30,USDC:0.3046
0xdd574e904e2ae14c30585b7970742e2a44c140da,0.30,USDC.e:0.3041
0xfed41a108762b0c2969922e1ccc872151d12ca38,0.30,USDC:0.3041
0x1098eb4f43be47c0dbc4749e8597a9fda6b53ddf,0.30,USDC:0.3039
0x4476f814b8e73300e7e9cbe094b35184577e4ff6,0.30,ARB:3.3446
0x5b8373d1f3348b0449794f64d21e5233a969661e,0.30,USDC.e:0.3031;ARB:0.0028
0x4ab8c3f9175f3b7f9b7ec4660c461b5be48a4f3e,0.30,USDC:0.3033
0xa0fbeb8313909c66ffc69b514a32b9d5735e1a85,0.30,USDC.e:0.3032
0x1f5f6c6f5feefb2a80791579acc58ad02943f6f2,0.30,ARB:3.3304
0x06dae1e05d437c8ce8834407b62c7a4154ba9d34,0.30,USDC.e:0.3022
0x5a435acbc705fe6ca242e897f0e1e3bd2b92cab9,0.30,USDC:0.3010
0x7d40464fdc40049a11df7b2d633a51814996ea22,0.30,USDC:0.3000
0xc5bca6703cdff26684c1618b43c74fe99e775bae,0.30,USDC:0.3000
0x7204439258192b4f9ab79f24a5dc01a3d7fa0c76,0.30,USDC:0.3000
0x85b8622985d3714c404f372ba102d88aaab8e1ed,0.30,USDC:0.3000
0x1fad436d6c9032364edf3a5e588fc5a8d5f84ff2,0.30,USDT:0.3000
0x37045a1172b682a19e332e2c6639937c6627ed7a,0.30,USDT:0.3000
0x5db9642597b128c62659c5a50016aef1c528bf22,0.30,USDT:0.3000
0x61613d714e3a59c0fc564f4398ef918a43d82c4d,0.30,USDT:0.3000
0x8c20ef87df387fedec0fee51ff5799d64153317c,0.30,USDT:0.3000
0x972cef09dcdec68ece5bcbfc1dce284b396a0542,0.30,USDT:0.3000
0xba5e14fc5fadcf174eea856525a5d5e1e5e496d5,0.30,USDT:0.3000
0x8a378f51e744664a39e9b7257ea3899e99561308,0.30,USDC:0.2999
0x4f7c7a7850cd5e5863977161c511584713bc0563,0.30,USDC.e:0.2994
0x5240f50a65920b5e5056d5b9804bb6c438d9434c,0.30,USDC:0.2991
0xb8d09668074437f0514a7fc783b4b28b9a4f8459,0.30,USDC:0.2990
0x3946e0e1dedc31d113ec22a97f23d6850ba9bdcb,0.30,ARB:3.2888
0x574c275180fb502a134ff1219ab4feb1a9fc0228,0.30,USDC:0.2974
0x826976077e6f538ce76f0284f2f80537b455f10b,0.30,ARB:3.2720
0xba08814dc5562bf695e7c9a59293f845d77dfb17,0.30,USDT:0.2970
0x4830ba718c8d04a69fc9c6bb3d465c57bbd920d9,0.30,USDT:0.2965
0x363ae49338dd715059ca5a0475eb3f79f9bad0b6,0.30,USDC:0.2959
0x5a4b26b35ba2075eb92b94e54c6cccc9f591aa93,0.30,USDC:0.2952
0x125f83bafbdb9175762d2f6a454afcf9c4dff83a,0.29,USDC:0.2947
0x5e61899fb15eccdb190289244e9ed4f83a8ad58a,0.29,USDC:0.2946
0x07ad310e5d4082c1373c06dcbf9a26043eba1a62,0.29,ARB:3.2347
0xe4efa8a6d5e92bdebe88b885bd7c69e92e53f936,0.29,USDT:0.2937
0xeb5b91a6d1a166af54a74253657101465f2d71b1,0.29,ARB:3.2285
0x7dbd713841c7d10722dff91bd204cabe9e2f664d,0.29,USDC:0.2928
0xa947dd040f8b0aa3f1f390e25327d85759c8d0c0,0.29,ARB:3.2166
0x3dd9dd15122d9edf927fed1ff0bec4853a5400b6,0.29,ARB:1.0100;DAI:0.1998
0xcd1aacd89cdec5d5496dc0f9b565f1bfdbf8fbdc,0.29,USDC.e:0.2911
0xfc8f654967b47c735b951a51fd40dbecc0bcbab5,0.29,ARB:3.1990
0x8d80c3b836561df601a59019026d851e3c01e20d,0.29,USDC:0.2901
0x03e80a9340cb4730386c8d541b1ed435d4bdf821,0.29,USDC:0.2900
0x215eb91a615e0811da523ac18cae00a0c4c685ad,0.29,USDC:0.2900
0x9810ff796f227fa21bc0b0a164a2fa18c77c0d8e,0.29,USDC:0.2900
0xaa0f58b14cc9cf58fb3cdb490c066067c7b01281,0.29,USDC.e:0.2899
0x2ea0da5c5f3d3119b380ab52b333e2f36d2df834,0.29,USDC:0.2892
0xb166c969624289802cdd5fdf922ea462520b7a53,0.29,ARB:3.1787
0x7f7c5a9990ff2244087af146bf47f4102fa1e51c,0.29,USDC:0.2884
0x9defecb81ac9fa218321ff8e6982637554089021,0.29,USDC:0.2882
0x6529e5efd568a87bb1bc737cd38461aa30cf2353,0.29,USDC:0.2881
0x9ffa169f69fcabead88be948add9c61f09290d78,0.29,USDC:0.2880
0x4b2bd232b97d692998a72a62ce086dc845f551be,0.29,USDC:0.2877
0xacd8c60b697e75323e84ee50193138f17ab53c88,0.29,USDT:0.2877
0x8a538b4d5329018efdb7c3157fa15c66f01c5232,0.29,ARB:3.1647
0x2d68081546cfc6b2a7ff1025e39b092110fee320,0.29,USDC.e:0.2874
0xf54fb534bb098c4c3bb3dce9b3bce2ee3befe086,0.29,USDC:0.2872
0x8e906ee36ada883cbcfabe53f4b33dc5db4eaaf6,0.29,USDC:0.2864
0xc27cc3f9234a5e222660415c8827c0840d9d7a73,0.29,USDC.e:0.2864
0x755267ff4b39a421351b8fc1460b29b4e4900858,0.29,USDC:0.2863
0x9863e48f43c69639fd64098f7ad38b23a4b9e927,0.29,DAI:0.2862
0x5bd3e90772b4ec26942ae148b5e7edcab964ac64,0.29,ARB:3.1479
0xfc3cdc6e8f8b4e1d05343741e8930314d5101edb,0.29,USDT:0.2851
0x62e95c1be274b0f45881f88365094c3aedfc5a93,0.28,ARB:3.1345
0x0beb473ff250311fccc9406360e9e26d6326cd75,0.28,USDC.e:0.2838
0xe350c9c7d042d5fc6cc0f3835094a5bdb16ebbb1,0.28,USDC.e:0.2838
0x2d2f1fd877fdc3aa2802d7ca3b0a3bfd440709a1,0.28,ARB:3.1211
0x9b89677fa4b452ffe8dd26cdb5d1a66efaa46914,0.28,USDC:0.2832
0x09f974d9dcad2e2d5290a3d52de47521bff74aa6,0.28,ARB:3.1076
0xba930d967f241ef82c2ddc236dcc05a199053b8e,0.28,USDT:0.2809
0x165cdff1ac877e924ce6a62a9bd250b8ce0c04c9,0.28,USDC:0.2801
0x18245b00db440d5890c33e16e0effb3bfcb3df7c,0.28,USDT:0.2800
0xb0fa9c79e6dc1af72ae3cd29f79ffa0ac7b7b3bc,0.28,USDC.e:0.2794
0xa16f66df23256a4ad9a24ea1ff87257657cbd807,0.28,USDC:0.2792
0x622a9122564d4ecf33d2d90844e03b433ed6fe5b,0.28,ARB:1.7489;wstETH:0.0000
0x415d1cc9a8e9a8595e7df3df3fedab29c5aa97ad,0.28,USDC.e:0.2778
0xcd48e7c6943805edc7c8a9b2bdf67e7695733313,0.28,USDC:0.2777
0xb15d055f16d0ab3456a40f5a86e87dc2721ce1d7,0.28,USDC:0.2776
0xf87d18bb0dcea3e0cf2ef2ced30c96e6754c3e26,0.28,USDC.e:0.2764
0x82886ffc3bda0a509bc80818e41724a31d4be9fe,0.28,ARB:3.0386
0x207c5ce84b155c0ba670ea2e948e06592ed9b40c,0.28,USDC.e:0.2759
0x2bd8fcd62afe218d3be74114115f2cca6e0363d6,0.28,ARB:3.0350
0x9a77b37401f162062e8f85889b13910dbdbb9843,0.27,ARB:3.0284
0x7e0e62ce5e660534931c6bf0055c7d97e61e1ed6,0.27,USDC.e:0.2744
0x61af8379f2cb28688860e9fe89272a657c44ee8a,0.27,USDT:0.2743
0x215ddfc211183421ec785bb93cd27f1feafcce5f,0.27,ARB:3.0168
0x2e63d5ecc7bc42f12059ede53ec9d6635d94a072,0.27,USDC:0.2735
0x340787fe76e520b8f7f0d3f693349470ca043867,0.27,USDC.e:0.2734
0x6c442a234b1055306a5452167c231ab9ca3c2e02,0.27,ARB:3.0065
0xf29ee76436c4aee1cd506f1af9a1d31f61be9a31,0.27,ARB:3.0052
0x30c3899caec3f96887b88b25c7da79e26dfc977b,0.27,ARB:3.0000
0x38591a388bafabcd80ecb0d39eb901c1ad2bc67b,0.27,ARB:3.0000
0x685e6f392d4a6e0b3582465cd7d9543fd04489d4,0.27,ARB:3.0000
0x78f02d9b6613e698d078782f820ba13c6510440b,0.27,ARB:3.0000
0xc4b4691d8c9194e9f98e2609e6f8481ba713dd2a,0.27,ARB:3.0000
0xe49cce1c78c11e59376680a64555957b62111b12,0.27,ARB:3.0000
0xf3bf633759e993d7849b6c25b442432a81139367,0.27,ARB:3.0000
0x9d23271d71f941e255e91172a881320fff5e1d28,0.27,USDC.e:0.2722
0x9601597f3381f569a61b08c38866fd4381dba4e0,0.27,USDC.e:0.2718
0xfdd1d2b1bef91e1962ac0895d276f4630e23d174,0.27,USDT:0.2717
0xb25aa8f65e110e4276c109ea3e4fedad3214659b,0.27,USDC.e:0.2710
0xf0167db21b6a03ffd3c047afc7c0fd3c55a508e0,0.27,USDT:0.2705
0x44821e910e6b53b6c9a416abad4ec40e35463dec,0.27,USDC.e:0.2705
0xd7be2b4ba81d15be4d18bee5769dc8680d5bc800,0.27,USDC.e:0.2700
0xb3bd6bf1f86d542a0da6f1151bddae00f7c82202,0.27,USDC.e:0.2690
0x2da48d3416aaad663ff945ae4cbbd0e08a8262a3,0.27,USDT:0.2688
0x198ce10c62486265c1b85030481ee72f2efa5872,0.27,USDT:0.2679
0x43fc553f12c519cd53b3396d8ec0bccfe7cf175c,0.27,USDC:0.2668
0xee914ca6348e3fe98faeb6f0fdb081679bc409c6,0.27,USDC:0.2667
0x45525adabed4774c139d17ff367ee22c33c9149f,0.27,ARB:2.9364
0xaa91b8b663d7286a37225ecf1140932b954bf5a9,0.27,ARB:2.9320
0xc126e3898280eccd26ce487d08cb113a2ab00a6e,0.27,ARB:2.9200
0x18f4531bede873d988dc73df069d69bd44dcddab,0.27,USDT:0.2572;USDC.e:0.0079
0x3eb474d93f968ea7a47f525c25afaea56ea93d83,0.27,USDC:0.2651
0x0ecc94e08da15f56555077e427eb5d3a3b0ea781,0.26,USDC:0.2648
0x363868e87c7653ea7afbd9e02a0b4dce57191206,0.26,USDC.e:0.2646
0xab8c8f19806f60ba06c5fb978ecac9453b208b06,0.26,ARB:2.9129
0xc591b10bebadeb13f48df94bfe75282d32a52389,0.26,ARB:2.9090
0xe52eb28d5c3f9351f884d19e60ab68a1976f107b,0.26,USDC:0.2641
0xf50c87ed5d13450fadd6dc70c75a0fda73eda0b8,0.26,ARB:2.9040
0x040db4da0c28fc2e2e090582381a5eb3ddfb9b42,0.26,USDC:0.2636
0xd6ee25423ea9e4f647eac388ba9c7aba7b1516b9,0.26,ARB:2.8991
0xf99eb9036cb7018c9bf3d4ed1f2e746e5cf1bb74,0.26,USDC:0.2632
0x7d3c2dc0c69f9860284f77ad5f8c38f4b4dc13f2,0.26,USDC:0.2627
0xdef9fa09a24c0bd80fbc2c4366030ad635825413,0.26,ARB:2.8841
0xc2c27ad8e8f3e14be96be08d8f3aaa1f9935b0ec,0.26,ARB:2.8838
0x06348f2de89203f2275fab842faf212331629ae5,0.26,USDC.e:0.2619
0xe04f62a7334ef417e52dd5732cdf7316aae2bdb3,0.26,DAI:0.2615
0x3a47c1fe49a482f30b2c278d61e5a353e60f6431,0.26,USDT:0.2612
0x48231d260493036d922ea6c0dd0d708dc5cb653f,0.26,USDC.e:0.2611
0xa5d99f4de92633fef2b5069bdb40aa22b8da36a8,0.26,DAI:0.2611
0x4be01f268352e0a161bbebd8862855822a8b6a77,0.26,wstETH:0.0001
0xb71fba0b5e5f3691c91f0d85a4d5a3ad54923ecb,0.26,USDT:0.2603
0x1d0c65f18d099944ddf6030c0ea6c9575238d422,0.26,USDC.e:0.2602
0xe53e41d08e8ec1e5fa26f282356e4d1172962f16,0.26,USDT:0.2601
0xe0f7e4ffb8caa67bb20ee666c60f1cb95c60200d,0.26,ARB:2.8630
0x5b6a305b75aa50290d11439f13553221742d5488,0.26,USDT:0.2600
0x5bf38451c64212ebbe3d7e2f1d54f07d2017ed38,0.26,ARB:0.8800;WBTC:0.0000
0x79bb8079735749871ac15775958bae1d064caf80,0.26,USDC:0.2595
0xfa4d686c145d4b342e4cb4caf38415850934d148,0.26,USDT:0.2595
0x94218c4fb36e50a77482ab54464ab0415a8ee523,0.26,USDC:0.2593
0x45de67785f927d9d7c069071cf8112c2df256f4c,0.26,ARB:2.8497
0x9e4b2ba472cf44594ddfb430c546e0f067da09d4,0.26,USDT:0.2587
0x980ce3c06567aa6ba78aca6ab2d57224a0641b40,0.26,USDC.e:0.2580
0xeebb92f28761fa8127e83824b394e51e02639ab2,0.26,weETH:0.0001
0xbc7fae3e3acd7cb1a7f805803fb958522410fe1f,0.26,USDT:0.2564
0xb268d5912e51bf55715976ebcecc05153f3bdbd2,0.26,USDC:0.2558
0x8e1d2c40fe629d285031645205cd1c6f2d4f10db,0.26,USDC:0.2553
0x27b4ccb700a16d3929ec26852f73a735bb152d61,0.25,ARB:2.8042
0x3d47884936374b969f0f5353bf824cbc9bb4a23f,0.25,ARB:2.8031
0xafc77abdc61d297ed0c52fd31473375fea8b2f1b,0.25,USDC:0.2545
0xd943439035892a01d82756e7d941b788ec53e0e9,0.25,ARB:2.8019
0xe4fabf869fdcdc457c87ebae40ab78be7d345d4b,0.25,DAI:0.2538
0x9ae0d85531d7a0f505fb7fe6df2c75f29e09bb8a,0.25,USDC.e:0.2537
0x1311016130607ea4355fb68ee8b8a7d4bae794dd,0.25,USDC:0.2535
0x8f28cd1d35e0b005a09dd83dae165ce177c4b059,0.25,ARB:2.7899
0x90e083457835baa23ae21a2fd58e4c935d48344f,0.25,USDC:0.2531
0x886e186d8c1ee4848dfa2388c3d0f31cc4d1cfd0,0.25,USDT:0.2530
0x2a165d74a2fbb644d650f2b2085ab16dcbcd01fa,0.25,USDC.e:0.2526
0xe3c845c1cb986f9f8d06d66fb25732030d8f4e2a,0.25,ARB:2.7779
0x0a463e21069977011484b12ad3712393d21a709e,0.25,USDT:0.2518
0x0b5092c2dcf2463effdce82bdf805e79953aa40a,0.25,USDT:0.2509
0xcf319f78a183efc4fa1dfb0aa82ac23e9b7fcf1b,0.25,ARB:2.7587
0x418271d0a46ab3a06b147ba8b3223e0cd23a3d05,0.25,USDT:0.2503
0xfaec107f427ba3c087bf73304b1dbf4c8d1580e7,0.25,USDT:0.2500
0x03b35ecdf692e08aa67f2527df7787d5b1c3afd0,0.25,USDT:0.2500
0x327a6fa9cdb694e36390bae4e27db9bc49d79539,0.25,USDT:0.2500
0xe946e0f3a275a06887e48c849b99bc679f26c640,0.25,USDT:0.2500
0x04ecad104db57ad37ed4d85edfa709d948193cee,0.25,USDT:0.2500
0x06404a6a26991d1bf886fca0d8a2bdacf725f5a9,0.25,USDT:0.2500
0x1ae4e97b8812680da88c67aaab6a8bf0cec2f82d,0.25,USDT:0.2500
0x21de15726fb125e981d33852b979197ecea55df3,0.25,USDT:0.2500
0x3417e2708416cfeecbf10ba6a44f3dbbfefe7ba0,0.25,USDT:0.2500
0x51dad8bd5b8b17a402cc73e987a778103ef5a518,0.25,USDT:0.2500
0x548c999f5009e44366715fbb9423af5d668ac5ef,0.25,USDT:0.2500
0x599f6e0d5134735e840fe95ab5687bc152e71775,0.25,USDT:0.2500
0x5b4ec3ca7cdf9c7d0fee605941c34e170d02aa4f,0.25,USDT:0.2500
0x5e6513c0f73e061ad24dc768c6cad2881d7a8903,0.25,USDT:0.2500
0x62a8339a310b234a49321298c269c55ba527ffa8,0.25,USDT:0.2500
0x684d2101a3dbed5510f0dc0537884d788cceecd5,0.25,USDT:0.2500
0x6de4486828ee3c06cedb54f2a780d3427be47649,0.25,USDT:0.2500
0x70a912b92f6710470ee6aa2a01c291ae22bf8f2a,0.25,USDT:0.2500
0x745663fe0de9bbf5c37195b1c0453f7539a4f9d9,0.25,USDT:0.2500
0x74e6900a667526df59679cc306d3ae85397ecdfe,0.25,USDT:0.2500
0x7856f9633e3b43f8554f50a8d4fda6f310af8e10,0.25,USDT:0.2500
0x7c4ac30ff81540d145f9892e484675b1cae15e30,0.25,USDT:0.2500
0x7e742c9af8c9e56422413f45091e8badcbe485c7,0.25,USDT:0.2500
0x833622a0a58aa7859052f68d07b85c5d9228dd23,0.25,USDT:0.2500
0x84ae41b09df5684128463e923e95057723f4cb9a,0.25,USDT:0.2500
0x854d48dd5e57a5854c65b0f4669acd73196351a1,0.25,USDT:0.2500
0x86c3c579f653ac615f7d51fa76e159567febe647,0.25,USDT:0.2500
0x892dbd01c611b7188d2933afd44f074d49a0885f,0.25,USDT:0.2500
0x9d7d2eb1163d1b071f4fd034bcf86b2aa3a4a650,0.25,USDT:0.2500
0x9f716c7f6ca33d16b5f1eecf886e20a5781d14c4,0.25,USDT:0.2500
0xbc073e39d4aa8bea1d694bb02359adf2f26e8cdf,0.25,USDT:0.2500
0xc86e260fd6be137e9c4bb1377198d9b764826180,0.25,USDT:0.2500
0xce9ff940a661f5b6715b3eeba4cdc4b703942985,0.25,USDT:0.2500
0xdc7e1a28ad06508e50ba065dd6a9adddbe61d537,0.25,USDT:0.2500
0xe1a77022ad370d3bf1bde28a43d94d1a591283f0,0.25,USDT:0.2500
0xf0d9a6c107629b7b3f2a0168636f0894e47fbf91,0.25,USDT:0.2500
0xf53640868ac8548eb641d480aa3e5b5a108d180b,0.25,USDT:0.2500
0xdce6432a62eb22d3b295371c4ad21706cd4bd99a,0.25,ARB:2.7509
0x7725ee33a3656f18554c60618e8a661ba2a5d0ed,0.25,ARB:2.7492
0xc0c256fd852a2ccf09328d4095bddbce285d7dec,0.25,USDC:0.2496
0x775f4ada148aa4dea69ca16e040705b2e2912314,0.25,USDC:0.2495
0xbfcf6e9faaa861871acc80542f8f12e43251d98c,0.25,USDC:0.2495
0xa01dad76423a6e0953b038cfb9481a3c16922ded,0.25,USDT:0.2489
0x5aefb33f6a3cc507e870fe7ab6afcbb960d7f5cb,0.25,USDC:0.2489
0x0582cf17e40cc5316070e0fe908689171cad7535,0.25,ARB:2.7320
0xaea130dc2798cd6d3b87f73487258d3b119b165a,0.25,ARB:2.7290
0xbbed9bb1c95c0a82b5d02d1c3adb0fe3ff5cb545,0.25,USDC.e:0.2478
0xf3e2556ea5b5a724eef4b6494f46c9b6cccff92b,0.25,USDT:0.2473
0xc8efd78fe6e5c0228765394ad49192e7a9dd6ebd,0.25,ARB:2.7187
0xf4390a77f16689074a9f24b3946ac45133639219,0.25,USDC:0.2466
0x65f114e198ff1901d91e6a46698674c3183cd9d2,0.25,ARB:0.0076;DAI:0.2454
0xb1da1120aabaf2cb1a8e86be4141e14d5d4a1fd8,0.25,USDC:0.2459
0x45a332d0d1092da865b2d18a5395a199f0cace2f,0.25,USDC.e:0.2458
0x0fc72af283cbd5eb5f6b469afc07a0362b1eb23a,0.25,DAI:0.2456
0x352abefc0c35af4957cef5b56b086ae5e646543d,0.25,USDC:0.2453
0xbafb3d57faac01d9ff487b645f80721bfbecbfbf,0.25,USDC:0.2453
0x0598f53b60654438e80f99b5f9a04d76c3a132ab,0.25,DAI:0.2451
0xf6c66ff7517ea036342d188cf1f09f14ce464fa4,0.24,ARB:2.6933
0xf60d48611c1695c6a4e69ddbfbdffa19df9a4fbb,0.24,ARB:2.6901
0x583f4494c55533c3a809ab6706fd8ee834818c34,0.24,ARB:2.6898
0xec60c665ac00cddf1867e7635a64f2b5336a63a5,0.24,USDC.e:0.2434
0xd28379d196e4dae46fe93bb5559fcaee1494740b,0.24,USDT:0.2431
0xa48fc0adaebb7a9c4f7cbc437dee16aaec8c7c15,0.24,USDC.e:0.2429
0x2cfd44c02c772ab122d0288f013a736eeb25b455,0.24,USDC:0.2429
0xc78307bd63962218d7347a5b1ecf787b326d1bc0,0.24,DAI:0.2422
0x35436b170e219857ed107020f475802109f65963,0.24,USDC:0.2418
0xeb9c9e5787847b9354779b1e410aa86bf3712e74,0.24,USDT:0.2416
0xfc1708fe24383cc91c46f9ee360e61335ade5b1a,0.24,DAI:0.2412
0x2c20ce449ebe99319cec541a0bf1bd15a5087885,0.24,USDT:0.2409
0x55f58a0a0685a360a0e5355280cc2ed6385cc483,0.24,USDC.e:0.2408
0x150de34ce169e9ba8cf42b681bb287503b147350,0.24,USDC:0.2408
0xd27210705974ea3eb17bcbac212ba403fcede93c,0.24,USDT:0.2407
0x7f14155fce4e72d186505929e7419183ccff5e1e,0.24,USDT:0.2403
0xc4dbd8bbeb142aff0e8b8028c27012c92b0b6eb0,0.24,USDC:0.2401
0x9a1c261d6b21f5c0babb79e1828e4cb6bef858cf,0.24,DAI:0.2401
0xcd7b19411dbdb37f686b400fe132f2f3df072bdd,0.24,USDT:0.2400
0x3a7a82a1cd90334e23129ebafd3b5f0df10f0cfe,0.24,USDC:0.2399
0x253a21311a83ec4cc111a3522a4b7928e098bb22,0.24,USDC:0.2397
0xac8d15df3b7dca5ac84d3aa87f47c01e9b31b984,0.24,USDC:0.2396
0xa8a17fc7b8dd0a77f675fe9a1871271039c6b83d,0.24,USDC:0.2388
0xfebd19a2338d2706cc6264b80b4eb1470ca6bca1,0.24,USDC:0.2387
0xfab9f8b30659f9eb2e77665718041dcc8a377195,0.24,USDC:0.2378
0x9ebddb57a7f9ed3ad6547152d198d2e9f04a5caa,0.24,USDC:0.2377
0x046e572556f94801b36a69581979a0e137709aa5,0.24,ARB:2.6163
0x2a688a8fceb4608407f79a4f58e0d2482d55777b,0.24,USDC.e:0.2375
0x6ab79ce0d11862297eb8dc261e1fcac2d9b461e8,0.24,USDC.e:0.2375
0x5c90fdb789e41329cc4d60b146ee435f02c3f671,0.24,USDC:0.2373
0x3eeac46793aa5f2d65b896b364b8e7e753bdef10,0.24,USDC:0.2364
0xd36581a1d4b7d98f49472bdc3126a99aa93b3866,0.24,ARB:2.6033
0xe6c4e160636c3843a1db207a954993cdfa68861a,0.24,ARB:2.5978
0xdd12a8685a99c90dfb7c5bb3fad0ac09457f6770,0.24,USDT:0.2357
0x0d0578aa37e4e6f2d3e89cdcdc1395b7cf76d867,0.23,USDC:0.2342
0x000e8155e58bbdb77cf1cb523569b875a4791189,0.23,USDC:0.2341
0x1f958d4eb68841a725ec01255a709339739bba82,0.23,USDC:0.2337
0xf26beddbb6ab50aa50ce22831b71e63a1a395e14,0.23,USDC.e:0.2335
0x89759414aa328a053950d35a16b5ff15e1fef53c,0.23,USDC:0.2334
0xdbd7832d8248b732bf061e210668312420ff76df,0.23,ARB:2.5614
0xd6fe786cd79c6e94b092f42ea9cefca3275802d2,0.23,USDT:0.2326
0xf8fb25d9934cb4579654e4217eb172f21f649fd0,0.23,USDT:0.2325
0x616316336d649bd5c45a17bbf1a11237f9184934,0.23,USDC.e:0.2324
0x9c197c4baea078ef67eab7e6b3e12aade3e8decc,0.23,USDC:0.2315
0xadb9eb4646f64ed32f4e4795056390fd39e05e1a,0.23,USDT:0.2311
0x4525a1f17495a717045bb4e22a3f5941600690bb,0.23,ARB:2.5394
0x6336f7e7f34b3612d7cb52bcc6711ef52a366665,0.23,USDC:0.2305
0xf87ce44a827aaf27ffe5bd30ea1dda763871d722,0.23,ARB:2.5374
0x52efe9fe0cebf233a0974eee3ea560bbdff5c290,0.23,USDT:0.2300
0xba99667d6694472fa7c073c191994ca5bf499526,0.23,DAI:0.2298
0xc90b01427653d206c1c38566d1db303b58d8b0d9,0.23,USDC:0.2292
0x4e987e1f22b55268c95d6dc36088ac91f043c1f9,0.23,DAI:0.2291
0xadc68943d7c1a7d5607ebc9df1dc512eeb6ae407,0.23,wstETH:0.0001
0x1806b72247189250cb32d16014dd5282815a9af2,0.23,USDC.e:0.2283
0x1219e2eafd4a14702e465e8375c8bcaa0c0c2553,0.23,USDC.e:0.2280
0x0f6baf26350037b97624f02f62fe2e2f6beb0b26,0.23,USDT:0.2278
0x881f262a7cfab3ac4809b3ba31ea49c888352df5,0.23,USDT:0.2278
0xb9d040c706f176c2dba64d8a5b94f3888f9d82ab,0.23,ARB:2.5065
0xf8c83e9f9bbc45cc51a96d9199f4d834598f20bc,0.23,USDC:0.2272
0x3f9679674f9391afcb2cc1b9478b40a9cb2fee70,0.23,ARB:2.5000
0xb07f59b1cd63666d1911dce3ac94bbff541f452b,0.23,USDC.e:0.2266
0x0b3239bf4f1edf9de70f34f1e42f2ea90757e17a,0.23,USDC.e:0.2264
0x74e260278e4104f2cb83d9c5a464fc14ff377b85,0.23,USDC:0.2264
0x538644ef1e211a92ec3deefb3921024f4f90a8fa,0.23,USDC:0.2260
0x263cbbc79fbe00eba5c24bca7aacbe4969bb405d,0.23,ARB:2.4818
0xc5c54a0c282bf9353c31480b2a38f7e7e1f2f7aa,0.22,ARB:2.4769
0x010d8884da48e66ad9e3509eea19fb4d3af0f6c5,0.22,USDC:0.2232
0x0dadd8be7205430f2542985e9d3107cd57d92300,0.22,ARB:2.4576
0x633067bc1f838e441a0a8031d0e222691023c13b,0.22,USDT:0.2231
0x74859fef712565a39871f0a4aee576b182d2f8ab,0.22,USDC.e:0.2230
0xce2a1f3914280d7e3cbd9a1d40ab7ee216d89408,0.22,USDC.e:0.2225
0xe9f33fd318108b913c4d3aff8b1a2c315a54699a,0.22,ARB:2.4453
0xa79e49da3ecd67132585298cfab17a8ed02b5cc4,0.22,USDC.e:0.2221
0x9bdf7aedea62791603e3dd52c8a0cca272680b68,0.22,USDT:0.0007;USDC.e:0.2211
0xb77b4b849d9e5c30e6ddcd28d870af3b8b4303a3,0.22,USDC:0.2214
0x3cd2cc9e6c2aba88aa7feff88e465cb93fe1d232,0.22,ARB:2.4376
0x660f76f15daaae5c45272a11b439272b9e7d5a36,0.22,DAI:0.2200
0x51191da7340cb3d619dcd8df9433eed26cada529,0.22,DAI:0.2200
0x96fe417c83f4c2ba0453be153e5b20601fdb0de6,0.22,DAI:0.2200
0x1d03c41d5b57bf332b19a6bfdacda403dc4ad36a,0.22,ARB:2.4222
0x01cbbf1d80193d5646af85dee518efa771bf60f7,0.22,ARB:2.4215
0x59192fccc06a85bf1bda16b0070e04861502bca8,0.22,USDC:0.2198
0xfee740fb924b7e680581593db068ac0dc9ce9250,0.22,USDC:0.2197
0x917c0469fd64186e6c58d977a5e960c8e88fd6a1,0.22,USDC.e:0.2191
0xc5d3c6ce3b1da68811a7bbf4c53a2b418a6c6b93,0.22,USDC:0.2187
0xb27498468138b0a29b9a10a62f14cbe12534ce80,0.22,USDC:0.2185
0x6d8a435fb3f612f21308bab4bb946c610e90d1c4,0.22,USDC:0.2180
0x266e579fea3835404be1ce7a03f0efddc2ee6b4a,0.22,USDC:0.2178
0xce37d924dfc27254434da49851c3f7ffdb05f005,0.22,USDC.e:0.2172
0xa86e7781bc25c63e47b4dbff0bd6c019ac16c502,0.22,USDT:0.2167
0x2306426218353382c54c9a03e3bd030536284bd6,0.22,USDT:0.2163
0x2117081aa5407b6445b3b1995ec637d04a4da84a,0.22,USDC.e:0.2161
0x1543e5968e13949217e0ee3c190f82702a4deb4d,0.22,USDT:0.2160
0x33a0b20aeae0d48d300e6619a9f875e49725b985,0.22,ARB:2.3773
0xc675e2a5da31c409828f44eab45d7b5785d72ad4,0.22,USDC.e:0.2158
0x8603b5df388eb0a1790a70cf0cfbad166665cdb2,0.22,ARB:2.3743
0x05c1a4cbd48c2f30549fd55a90f76943b9ca7c83,0.22,ARB:2.3687
0xdb03d12a9a69df6e2f2b1706fda5dad7b6725753,0.21,ARB:2.3676
0x01bbd9c7682b4abda36da239b91dce4153e30796,0.21,ARB:2.3619
0xcd9c90adcc2b97015552a5840b1837a657b4de92,0.21,USDC.e:0.2145
0xd47a046838fbb83a002ee502569c6c2af3105269,0.21,USDT:0.2144
0xb6c434bdccc00bee083092dad3cf294cecfde997,0.21,USDT:0.2143
0x01bdb145b2ff1c6f33e5b93e5b9268529488569b,0.21,ARB:2.3556
0x9256ccc1161a6d8d01f7961a17786c4efe29bcaf,0.21,USDT:0.2133
0x04ecbfdc28df8c6a052c0fbbd2187abe1cb4336f,0.21,USDC.e:0.2129
0x5e3b6962bae79005e952e66aa51cfcc8842d5ecb,0.21,USDT:0.1128;USDC.e:0.1000
0xa0e3eb6dc7d21744ba48f984957e779615bdee6b,0.21,USDC:0.1885;USDC.e:0.0239
0xf67911ddb178f2cd457a321c3ddbe95de448dceb,0.21,USDT:0.2124
0xdd91644ac2e851de8f2e321f25649658847da44a,0.21,ARB:2.3327
0x994f96722575b64b27cdbe327498f34aaa2f0043,0.21,USDC.e:0.2116
0x4151b8a01a23b2cef20d21c9560aedf129f88a1d,0.21,USDC:0.2113
0x66b71692ca1a95ca0eb4a37d5514eb8eb41ae942,0.21,USDC.e:0.2110
0xcd02aaec28ce430d39d7d78effcd2598e2285913,0.21,ARB:2.3217
0x4d5aad0a93c3094110c8403c2268cb3966fdc051,0.21,USDT:0.2109
0x70dab95ad7d34ae9d810ed9dfcc36804da58c4da,0.21,ARB:2.3206
0xc80b11b0c41e90817ad2b47eadeedb094504866f,0.21,USDC:0.2107
0x1712193e45060de2ee7ae1562fe46f826c4428ce,0.21,USDC:0.2107
0xcdff08ac9084710035e87842fe0ff504483c84f2,0.21,USDC:0.2106
0xc36c27042bf93d79b4f19c876305af3ef02225f5,0.21,USDC.e:0.2105
0x0ac0492238b8e4d823c78423f35310b75f3f3896,0.21,USDT:0.2104
0x5c57e2963cf801b52239f972976517e989d5f04c,0.21,wstETH:0.0001
0xfbc84b79f0028cf07a2bd6b5a42305258f4828f6,0.21,USDC:0.2100
0x7d296b2d7a3fb250f18c661b3297ef133bac3700,0.21,ARB:2.3116
0x0986bb4d1553a8c4f3d95c877c5615356f345671,0.21,USDC.e:0.2097
0x35f66390da1908a9d49d87e0e93b9fa5f16a8c2d,0.21,DAI:0.2092
0x1b44522a841befb48bbbc6ff34e55af26e4f47e6,0.21,USDC:0.2092
0x5a78aa8f6ac7237201bdecbbda895cb71a04bda7,0.21,ARB:2.3016
0x5376638d57dbe637cc51ca6ed7ad83b0f16086fa,0.21,DAI:0.2090
0xf550d557471d70a06b2f423c94900d4673029b0e,0.21,ARB:2.3009
0xb10fabed0989b101159251d9eb8fe52484265a6b,0.21,ARB:2.3000
0xe3aa5db06afd77b05f3aef93b075b89a5b3a8b74,0.21,ARB:2.2984
0x5419140a86b7223385e1aa90d26ff57e922f3505,0.21,USDC.e:0.2083
0xa1c60eee00404085b4ebbd2f2cc876108988e9ff,0.21,USDC.e:0.2081
0x51a0bb3d7bd918948feb812580af64d739d237cb,0.21,USDT:0.2077
0xe3b0dc95953e660e1affc4c9092bae7ea827ceac,0.21,USDC.e:0.2075
0xaa60003c89a3bfcfd313d5fa02cf6c7cd70bc369,0.21,USDC:0.2074
0x25307b211acc0d42699ad56c9412045b02dd30c7,0.21,USDC.e:0.2073
0xf5477265e361e5692afef1e3fa423b412e4b349f,0.21,ARB:2.2816
0x2981d3fd90e15aa8febd30276af9f3e5a3fafa5f,0.21,USDC.e:0.2065
0xf1f1e30f6fe25c776f980989a2c7dfbe456f1983,0.21,USDT:0.2064
0x5748d3678a7369104862ce45237237cef3da330b,0.21,DAI:0.2062
0x490c4af08ab230a21ad79cc31a84ad1a7ea31e79,0.21,USDC.e:0.2061
0xe3cf5f854566dbe746f5604449ebc0642305d6e2,0.21,USDC:0.2055
0x3bdaf91d62ccdb738d405474b6da9d89637f4d5d,0.21,USDT:0.2055
0x32885dae4e2f39f4238c154f6126ff461241cf6f,0.20,ARB:2.2575
0x6ee127a76e58e524cfd388c2ebfa3b7fecc600f4,0.20,USDT:0.2050
0x60fbf390652278fc93cac510cb0f24f38f080e52,0.20,USDC:0.2050
0xe67466d52962cb150ce3713fce1d7a421deb9a44,0.20,USDC:0.2037
0x812b5df37113dd96ffb543dfcc869b6c6ee89c54,0.20,USDC:0.2035
0x1e675b05250455d86d3a3d90a68e97b74388cfb5,0.20,USDC:0.2030
0x194d020d8c652cd252325c4dfe31a363a6e8ad91,0.20,USDC:0.2029
0x53ab3972381783e2f1acb893083949bb4f4e5f79,0.20,USDC:0.2023
0x7d1f67e186d27d3547ae2058237fcd0b10bce921,0.20,USDC:0.2021
0x990548bb88e91de3d88339e61662b22ffde44079,0.20,USDT:0.2021
0xe77a884c22afda9f260169439ee4434675979645,0.20,ARB:2.2219
0x17f3d39aea222ee9acb3c59f76533b5c56f493c1,0.20,ARB:2.2197
0x7cdfd76e5bd697bc73727934aa66b632f6696b33,0.20,USDT:0.2014
0xa8ec1b510b5d21a595707d9959366ebc59ad8ada,0.20,USDT:0.2014
0x22a4845dd6002b39bff400d8b34ed9c64578be1b,0.20,USDC:0.2013
0x60909269a639546040481320220eec6b6b3d4c49,0.20,ARB:2.2128
0x5f98b81ff7d1b660014eff6ddf13f61b29ad9200,0.20,USDC:0.2007
0xfbc1348d02f2a01e3eed2c68297806a1674a4b22,0.20,USDC:0.2006
0xacec50a7c0ac4efa373d761f969d7606080c54e9,0.20,USDT:0.2005
0x41df67f5afd9b3f9cf39df4db2c93b6deed004c8,0.20,USDC:0.2003
0x51e0d4b1f8770fbe9e9ef97b85fc42d9cf90890b,0.20,ARB:2.2057
0xd0764e76dd63c08c1de3d0ec33355200faaaf2a7,0.20,USDC.e:0.2002
0x53e30cad9bc302756968dccba6bdd8a048a9ee88,0.20,USDT:0.2002
0xccf4c753b9d42fb3b40ce68ca540da52b83cd2ee,0.20,USDC:0.2001
0xcc74b64ab61a5c344399c974bb3776b5286d3699,0.20,USDC:0.2000
0x86fdd851968b969577962fdfb074527753794953,0.20,USDC:0.2000
0x34e30eb93b8330ea37247c04c06c47dc9741c64b,0.20,USDC:0.2000
0xa83d3fac16384e08bfce3fb93391da98aa8c8885,0.20,USDC:0.2000
0xfe90f0533d9ccac46dfa54f9592a90b738613237,0.20,USDC:0.2000
0x111295e12cfad412d8b41496d59b1d5d6de445e7,0.20,USDC.e:0.2000
0xb6884b63215b0d1beff7afb09520ae4d6e80cb1a,0.20,USDC.e:0.2000
0x281b7b557f7a919bce359934be1428eee90ab097,0.20,USDT:0.2000
0x593fee73835bd7d76c797c994ad1ea7a7f2f107f,0.20,USDT:0.2000
0x77e535d74e9a761d70f8bd14eb875bff0ef3bbfd,0.20,USDT:0.2000
0xcebb91a30f0a6f8630e7def0d3b47efafe37b0de,0.20,USDT:0.2000
0x663aea6cafb1178a8359533346c3a8ce11619d3b,0.20,DAI:0.2000
0x62103ba956689a450ac8ac5deb5038436f128009,0.20,USDT:0.0557;USDC.e:0.1442
0x134373ec9fa96386e96c8f62f0bc5627ca2db030,0.20,USDT:0.1999
0xfbde626718abdaba6f777c76b971102b7557e3f9,0.20,USDT:0.1999
0x170fd68fbc2d8bf1d14187fe88065341032d9bbb,0.20,USDT:0.1999
0x48f0765ec9bbb0822cc09b6ec74bc91fffd934eb,0.20,ARB:2.1992
0x22f6f0e8975e9a8c34ecf279336561443230e040,0.20,USDT:0.1997
0x4c8a2769eaca95884683e5460dbf8558d48c4d1d,0.20,USDT:0.1996
0x9d0f1734606ea68d18c021074c22a2e0bad80773,0.20,USDC:0.1994
0x5e3cfcc7a1982cff04037c3b538834edbbbbf035,0.20,USDT:0.1993
0xc8a8bf2e37fc1a205fb8281a6a866bc8f7110041,0.20,USDC.e:0.1992
0x5b78c73e056f45864e3492efcfcf3d467885dae7,0.20,USDC:0.1991
0xaea9c7d9bda0f7e6799d8f992f2fa73fc73dd709,0.20,DAI:0.1989
0x2c7b7023c769120f442cd9892c201700118bd4b1,0.20,DAI:0.1989
0xe9ecc7dca7e8fc95853612c87137f80ef73f0e84,0.20,DAI:0.1989
0x1e802c6c4d1f24a197e78868a5ec8b7832c6abb4,0.20,USDC:0.1988
0x397913c0ccfc4483b690e90d5ac1eda1ab7e60eb,0.20,USDC.e:0.1984
0x09b82b326e46f93dd57673aa94d2c3641ebfe529,0.20,USDC:0.1984
0xed1234971485feec06c2dc7ec8a01054bce1e5c3,0.20,USDT:0.1981
0x8b3c861bee59196e036b97ad03da0399bc3274f1,0.20,USDC.e:0.1976
0xb17f8e5af529297d807f848fc2773f3ef85d140f,0.20,USDC:0.1971
0x61b68fec2abc1b379f3a6d3e23fe29cedb9aa4b4,0.20,ARB:2.1639
0x206b89b3b84e4df5b5c130e4abf554c0c3fa88f3,0.20,USDC.e:0.1959
0x9a49c748dba11d9a96dffc40cd349b11155fe712,0.20,ARB:2.1568
0xea8c4f483e731f388f25e10f2929c4d1a3149a2a,0.20,ARB:2.1550
0x59930df7c2885c8014cc2d26beea5be115afbd8b,0.20,USDT:0.1955
0xda8c0dc17495e84e86b37c77d713acacaae83cf2,0.20,USDC.e:0.1954
0xfeae7d1cc65624ca48710f2db2055a611e5c9449,0.19,USDC:0.1949
0x5a9696106b832dd797df53c8ad9bfab2c1701d32,0.19,ARB:2.1446
0xce329cc37ebdda07f34221b67150e099e3ca7bf3,0.19,ARB:2.1416
0x55304b9bbc7a2cc86502e099064f764c9f7a0934,0.19,ARB:2.1397
0x55e476f115ed9608c98ffc5ad651b456bf821c15,0.19,ARB:2.1393
0x481b8741b1f2515689e63617b3f8b0b7de8afa82,0.19,ARB:2.1298
0xc601c9100f8420417a94f6d63e5712c21029525e,0.19,USDC:0.1929
0x8f28a87126b509cf73eb9333719333d15615ac0c,0.19,ARB:2.1216
0x62dd5531c4dc8b77b2e08ee3ab461f12bfce4f6a,0.19,USDC:0.1924
0x3ca4bc7f14bd114364bf2089b4a6c136e7a31edd,0.19,ARB:2.1175
0xf0ce6c26b93f807ea2cad4dc034fd9ced2fd888f,0.19,ARB:2.1158
0xe36a824841945064595e1e0d5e69b547addd0800,0.19,USDT:0.1920
0xabcb83117c875419ab026d65b9a37978c6a87427,0.19,ARB:2.1123
0x26ec770ad819ecc48c1381b2e90ba8e28a19d98b,0.19,ARB:2.1110
0x176a7065e494631eca3229853c4f0625a68aae99,0.19,USDC.e:0.1915
0x4a5c5ab9302c501ee806835c8f4dc11876099c91,0.19,USDC:0.1914
0x92c7f7f2932fbdb4bd9f4b27e46eb269b1ae93ff,0.19,USDC.e:0.1911
0x14c1bcb4b212a704696bc2d41262fb561b2a8662,0.19,ARB:2.1035
0xedbd34fad387d9bd9eb4bde9fa756e96629a59a1,0.19,USDC:0.0941;USDT:0.0965
0x27822a3547bacd1f6c2052e544cacafaef26404f,0.19,ARB:2.0963
0xa935fe90ca0329e71ae8bc80f1e9702187d743bc,0.19,USDC:0.1901
0x7b6f4b97e2ee50576ba08fdba9c5bdc6fc3dec9d,0.19,DAI:0.1900
0xd30d9f7b6989bbc6ebfa91f070f31127bd1fa59a,0.19,USDC:0.1900
0x260b443d6ca0264cc960008aef2ba90ab8e26f82,0.19,USDT:0.1897
0x5acad6f700a8be071fb77629968b66467c74b20f,0.19,USDT:0.1897
0x791dad52c4c3905846ca66ba6bec52f3668a899d,0.19,USDT:0.1897
0x81746882e03bb9a3bf44bd09964cfff9ae2c3601,0.19,USDT:0.1897
0x84fbde352c3cdfbe762bb17134470d1e0f9d6287,0.19,USDT:0.1897
0xb4c23446cd809c9cc3c42320b3f2132293504024,0.19,USDT:0.1897
0x15b883da52396a4322e8f5e7a638eb37656afe63,0.19,ARB:2.0876
0xdc345616c3e8e34246c0ecb5b6a27c3600964bec,0.19,DAI:0.1893
0x8796f79aee013af62f8e1c9d21d6ab0ccc46c28c,0.19,USDT:0.1000;DAI:0.0888
0x906fb6f9fa6e0e3908ec41b4aa3ddcf332cce76c,0.19,USDC:0.1887
0x632acea29d9910ca8358f56bee2755f2bd1536c0,0.19,USDC:0.1886
0x7b4d6dde865bf424c3f9c226f6956a5c13192ad4,0.19,DAI:0.1884
0xb4909ef32009c5c020a0ed50cb30203190470cf3,0.19,USDC:0.1882
0x2ab1c3a2e3448b227b1bd2e4b937ecf6f8feae0a,0.19,ARB:2.0721
0xbe17b853ed1089d62af339791ee11d414ab7092f,0.19,ARB:2.0703
0xb37b86731ffd6f0d17084c1822a17f0f3f59e5cc,0.19,USDT:0.1879
0x442906208c0c7d79e943d1b3ffcea60ca1d3f6e7,0.19,USDC:0.1879
0x255261ba052d9355d3955a71edf718716ff52453,0.19,DAI:0.1872
0x566a9a3a33521abbd0641ff435a16d9935503681,0.19,USDC:0.1138;USDC.e:0.0731
0xa251220054c83573b6a8fc9a7a486fd52bacdb84,0.19,USDC:0.1868
0x5779f896916b7992296145986a07bdd21cedd080,0.19,ARB:2.0534
0xd070e2755ba8b259a51a68f8b3771a28d4e3a9a7,0.19,USDT:0.1864
0xcaa13b991403ceb897ab25a0b4e49849073360c6,0.19,USDC:0.1860
0x85085a4c59f84f18f40cafb362ccaace3daf4d3e,0.19,ARB:2.0462
0x4907551c11bb171b8aab69cac895906a2bcdfe62,0.19,ARB:2.0432
0x83c3b51d088393590f97bc4127aac989b5444885,0.19,ARB:2.0430
0x5dc7b732bd4b804aed2a5900eca1b3af41cd7530,0.19,USDC:0.1855
0x1a1b574050bd458ba0b80fd03a431b7d24c719dc,0.19,USDC:0.0038;ARB:2.0000
0xaabdba8288f56ee7877690c187777bdc657b50ec,0.19,USDT:0.1851
0xd4b55182f943c84fb3156b2e8b4711ec7c796db1,0.18,ARB:2.0362
0xcb21dd698c266b73ee772cf78f0f74c191a14e0d,0.18,DAI:0.1845
0xedfd0b726fc1f490dbaec16f98d6894c3e2e9d76,0.18,USDC:0.1844
0x3039100c33c20a7d47b70ccbbe74a948e9870b15,0.18,ARB:2.0292
0xe9655c3e592d575863a0645dc8d3c0a67016182d,0.18,USDT:0.1834
0xb05048b0783641b86578da495202c98e35822966,0.18,ARB:2.0138
0xea6b01fd849f94e1e25a5b3c915c2fc2494598a6,0.18,USDC.e:0.1826
0xff8c3c4cb432b6b7965cc9bb2b972301d6b589e7,0.18,USDC.e:0.1823
0xbc0c0d03894d937f5d518c4bce52ef438ec82f13,0.18,ARB:2.0074
0x8089dc60b96554f08f88641626403f6f7960367c,0.18,ARB:2.0061
0x6aa360bac1baf53c4b7d6cf857bbc74b74a36ca2,0.18,USDT:0.1822
0xefa852b3ec799b9d7ab7bb5f09dcb0aeb617446b,0.18,USDC:0.1821
0x3e58dd42d7908d8924a599e5e28e15f4f58c4075,0.18,USDC:0.1817
0xfcba0693fc16dcb2a4e8fa7ed3da31f5296993e4,0.18,USDC.e:0.1817
0x96a71bc5a36224d85ac769e1a8e06fa80f53929e,0.18,ARB:2.0000
0xe70c5c4e3475703b1f7df107eda789c2670301b9,0.18,ARB:2.0000
0x0c582b3ada2c115dee7e202abc24a414dc489245,0.18,ARB:2.0000
0x1017ea4a233f01c0cc74fde96b13f38f5f11f3bd,0.18,ARB:2.0000
0x379f75d14f5822e3491d4618f9517a99f881da0a,0.18,ARB:2.0000
0x4cf0d5264ffafb3ba10d91db9b850b4d2ab2bc16,0.18,ARB:2.0000
0x60a1543654422adb451b61610762179557f50ce4,0.18,ARB:2.0000
0x66cf0a46358adafad5e18c82c1e8aa64e2af0dfc,0.18,ARB:2.0000
0xc5a61cdf91d38a94197ffad374d9e562a5ffa4ea,0.18,ARB:2.0000
0xd3f441585bde597ff9bf9ab47ac6b394e570c12b,0.18,ARB:2.0000
0xf1a8ce87ffca09dfc15ab1e66937aabf0ff564ff,0.18,USDC:0.1816
0xd5635f817d27b29b888a48e2b63d02e479884d0e,0.18,USDC.e:0.1815
0xb4e9e1f44976c68f21fcacf206c9b2185f3f9096,0.18,ARB:1.9966
0xeaf3ca3f2026cd03ff7844e7ce69c03478e73675,0.18,USDC.e:0.1812
0xfaf7a068cb34d477ff1f4a2e6fec1d7f1ab3910b,0.18,USDT:0.1810
0x226475888418bdd5b29c2c70bbd133869df39d08,0.18,USDC:0.1807
0xec42fc89520a0897593dbae681f1b5e0a4086df0,0.18,ARB:1.8599;weETH:0.0000
0x216b81533b7a1a84327b3ff01ff92ea6f86fbe54,0.18,USDC.e:0.1806
0xfa864002bbb38e29750b06f363cd1ef70241948c,0.18,USDC:0.1804
0xdbf1ed436e8046c1b7397fe8ddc77e43bc1b758e,0.18,USDC.e:0.1804
0xb31b4b3d2ce86b535c666c486cf33faae05eb0eb,0.18,ARB:1.9844
0x3b487bf35e4929c58bd6d1be28f7a1b8790b03e1,0.18,ARB:1.9810
0x7ae88ab2e18ec182d509ebdcf4c5eb272e8947d5,0.18,ARB:1.9806
0xab7f9c1a029e2e24334862dfc885c23e1f6f8ecb,0.18,ARB:1.9800
0x00a4e016172ecca7a8ec74acb139ed51c6ab6a70,0.18,USDC.e:0.1798
0x089517a39aee53535a3b1f8be35625f1c82cbc28,0.18,USDC:0.1797
0x0e8e7a0d1aba88cacd96c1da816ce2b4a344fafd,0.18,USDC.e:0.1794
0xca36cfc48e87643d5c9ea779f7763b647a7e2357,0.18,USDC:0.1786
0xdaa48063a179a61dae1ae3e34e90d3230183b151,0.18,USDT:0.1782
0x8066cf4f7528b8cc9eeede66a003f88044faa515,0.18,ARB:1.9611
0xd7f82e6b1e324eecd488ba858f5ab507722b6e68,0.18,DAI:0.1781
0x4d412d75fef944581817bf89942df551a19527ca,0.18,ARB:1.9554
0xf060edb18a08dcfd67f59a22f75d43330addf11a,0.18,USDC:0.1775
0x65d4fa63080d232e46a0b416b1f278da9e438e02,0.18,ARB:1.9517
0x0c9711684142c27cc0c9206f4c7886cceb17eb79,0.18,ARB:1.9505
0xb84636f187a0f496e673f6f0b26fb96838c89014,0.18,USDC:0.1770
0x0dc7e7762be25c53a99c1966778449c0129030d4,0.18,USDC:0.1769
0x5ffba273afac367e22d2dcd21e06c7fd658efaeb,0.18,USDC:0.1768
0x6a5b9aa2a4b64e56efa0c1c49899490159d89d42,0.18,USDC.e:0.1766
0xa92a40457e419c5ec245a646da09112cdcc6cfb6,0.18,USDC:0.1766
0x3b0602b1f60db152cc9b9eb7ad90e79ee999550c,0.18,USDC:0.1764
0x1d469d53942358b1754aa314548ee85cec3d2084,0.18,USDC:0.1759
0x54df15ee9132a8e697f4d31a3af510803e0862df,0.18,DAI:0.1753
0x13d1d9f4daee63d891605d3d8bc855f8e645971c,0.18,DAI:0.1751
0xb9255474737c8cdca0560a2f4f97bfbbe3768e4e,0.17,ARB:1.9204
0xf6bee28a08257719d81dab4182617268d34b5686,0.17,USDT:0.1743
0x8ab0cdc13eec517d688805ace9f828c104b5c821,0.17,ARB:1.9129
0xc6d10cf59383942af08c851311622d6abfa4c3b2,0.17,ARB:1.9020
0x6eb205f295d042bf7b09b060391c97cd720ac02b,0.17,ARB:1.9000
0x5d454058ee40a99151062fcd4bbb7a79f5f016aa,0.17,USDC:0.1724
0xa12f76490d1552d2e7f555224ebfb0d98a8adf56,0.17,ARB:1.8971
0x29d593d60c78510581fc71226ab8c29a076b1e55,0.17,USDC:0.1719
0x0291c611fcf96ae006bfeb0958c5395725473438,0.17,USDT:0.1718
0xb5f632353175e45ad85054f369ee778875133ab8,0.17,USDT:0.1717
0xb40088f804321115405c3dbf1b9fcc2099bd7ba6,0.17,USDC:0.1707
0xb4dd6b8619fd6794c51a907223c2bbc17eb677f7,0.17,USDC:0.1704
0xf07341ec91a9ef84bff3ae0b27b864158f51006b,0.17,USDC.e:0.1703
0xc3a6270bd82bd32bbf7152d47739965aacee2003,0.17,USDT:0.1700
0xefe48edcfd6a3aea729cee7562b8bc13b85a7fe2,0.17,ARB:1.8699
0xc6947542bcae946835728a60ec226288b7874a1d,0.17,USDC.e:0.1697
0xa41b7cf6223c776a8ba63f9aae1a026c58fdd918,0.17,ARB:1.8658
0x50a5a254b122340bd1e4fc2935eba8425fdb926e,0.17,ARB:1.8598
0x2a87ea22e6ccac37fbc23d1869abec785e222bf6,0.17,USDC:0.1680
0xad24ebcdcd8647b2d55eaab05f02c06726aed4ba,0.17,WBTC:0.0000
0xd1057878aaf096d81d05e71dd2da79e2070495b2,0.17,USDT:0.1675
0x13f70ae5e2c26dfa50912d8df1eb901a2b22923e,0.17,USDC:0.1670
0xdc645368268cc0505abdbee90c3fb20756b1f776,0.17,ARB:1.8387
0xc7d7189a76a3d467ca7538174df4640d8f6639eb,0.17,USDC.e:0.1669
0x26d5c2bd940389859151f9e65c22ef478d4cc203,0.17,USDC:0.1661
0x00046f7598ccca7ba12630ee89c6abe4c21ab36e,0.17,USDC:0.1657
0xcb7b0c128bc2b594d5975586a5ac0b943036dbf9,0.17,USDT:0.1655
0xa44f5cd1f6790043e36cbb3e4183fd048780cf08,0.17,ARB:1.8203
0x8b2699642f1d7b0ff1501e7697523071c308f317,0.16,USDC:0.1646
0x1294b31ae9b3485184e0da07e6a89d2f67a668ea,0.16,USDT:0.1645
0x33307b962289b94b66e5c2e4612da75f265ecc4e,0.16,USDT:0.1643
0x4acb134fc6a4595893c7070caa58eb392ccfbf1a,0.16,USDC.e:0.1148;DAI:0.0493
0x081c9392b3e98679b4b1e3b32960341507970aa9,0.16,ARB:1.8015
0x52f09cabf502d9eb24b464c470e4593a84d4749c,0.16,USDT:0.1633
0x25ff1da16ce5ee524028d1b0e8eb904a6e71b648,0.16,USDT:0.1633
0x29fab8ca0d5f9dcd5985dd31030d3a36513bb20d,0.16,USDC:0.1000;ARB:0.6934
0x71b8331d475a5e8ce4007e89679d054ec665abf8,0.16,USDC.e:0.1628
0xdd2c719433f7c6a51b2ad6c3339f536ceded5227,0.16,ARB:1.7900
0x9701cf11e11952ea33ef64e567c35f8ca38c137a,0.16,USDC:0.1623
0xad8dec4dbfb19cf4f293df95f767e301362a1eab,0.16,ARB:1.7857
0xa204c289234205296f6b05a39e647e3b07012a4a,0.16,ARB:1.7847
0x8dd1f1117951c59adec8b2c4d9e4def76f280291,0.16,USDC.e:0.1620
0x2bb2276a3b85f76416e5941ca07b3e967e7fa89e,0.16,ARB:1.7810
0xc61f1952968f6ff921a7d7f6b851a09036154ce1,0.16,DAI:0.1616
0xbc9570205dd8397802e573526bf6107e5e21d811,0.16,ARB:1.7785
0x488c642f3aca4cab4ec4da210e4b9b26d01d99d9,0.16,USDC:0.1615
0x3f8ab8129fe3b8e535f944b9f255ca313aedd15f,0.16,USDC.e:0.1612
0xa21098579fce0bce671d25397f02b3433810f6aa,0.16,USDC:0.1611
0x392192e5945ea983f213d24630dab56a5f43e0b1,0.16,ARB:1.7722
0x71238ce5dc73fc7db4e6314f757d5a6c27f904ad,0.16,USDT:0.1609
0xfa66a807f8a6356e3444891857075fa1b3ad9060,0.16,ARB:1.7657
0x63ed80a5ca256166eb934193d68a9d2aae12769f,0.16,ARB:1.7657
0x9f920f15086c8b1bb0f3ab631d829d11c8710c5a,0.16,USDC:0.1603
0xbd57554acc0885a8829865241fe2c7a6e2865c97,0.16,USDC:0.1600
0x1205409446694a25a0e57d36ab6cd2edfb8c4674,0.16,ARB:1.7579
0x6c30ad270d7e119bda6ef0bcb7da20507e866367,0.16,USDT:0.1596
0x174afd8747c3075eecfd5737f9c312a620f37053,0.16,USDC.e:0.1595
0x7bd011dea5aee4b4f61efefa7faf27dc4befce5e,0.16,USDC.e:0.1595
0xd9a28554785f30091c95caf95770d20005acde81,0.16,USDC.e:0.1594
0xcebcf271eccb739abdf483bbd504daba9e5bf67d,0.16,DAI:0.1593
0xf31c9291530499b02083447121d42a528fa3fe4b,0.16,USDT:0.1592
0x23f70567cedca82056c65d3f4f2592d53271b14a,0.16,USDT:0.0111;USDC.e:0.1478
0xec1e8b34fd51a53f1e44f40a31a6a6428f2529bb,0.16,USDC.e:0.1583
0xb39341619bfd28112e3764738a24b87eeac154e2,0.16,DAI:0.1580
0xf37a744d32e3c5919bd7cf219ea5f4d27a99ba3a,0.16,ARB:1.7348
0x0715c3329e38790c853f6ffd824f2771a02d37bf,0.16,USDC.e:0.0681;ARB:0.9827
0xe78bae6df586da04bc5c20c84a156515b642bc77,0.16,USDC:0.1573
0x77de36165e81b607a000768a6082d43893198bf8,0.16,USDT:0.1572
0x00361539edabc1817b902627021d5553962468c7,0.16,USDC:0.1571
0x6712b7f12d9d335a15b0cddeee7a061ee522bda0,0.16,ARB:1.7276
0x8b663b1901d7700c136715a204ae105949cd07f3,0.16,ARB:1.7211
0x9059336ba658abb643c10d9386a4112b2c6a33c6,0.16,USDT:0.0958;USDC.e:0.0603
0xd3e9dd474abc816023b5050e0842eb0d55d8136e,0.16,USDC:0.0006;ARB:1.7116
0xdbe1349220edb707538cdfe2a9a7fd77ebbd7e57,0.16,USDT:0.1561
0x978207ba9a082a7093a5cbc53406663f4fbad1fe,0.16,USDC.e:0.1558
0x24973426c51b9deac9779ff189d64f382ba1a64e,0.16,ARB:1.7113
0xab0b691d5228336f9133c77d2d7c02f8ee31a46c,0.16,WBTC:0.0000
0x522f5cc670b45feddc231b2912c797ca62d1b6bf,0.16,ARB:1.7094
0x641943777a175bb610eac3874f6409392d939ca4,0.16,USDT:0.1552
0xcebc87fe3ac648667f088689e95190012029e0e1,0.15,USDC:0.1549
0x85119d408a10f8b10c51fc73e2b59cc90de830cf,0.15,ARB:1.7021
0x4b0cb41897a3ef30ee27444a92da3c4872caca51,0.15,USDC.e:0.1546
0x29ad354683046087a72151e9799a8c6e782ab9cc,0.15,USDC:0.1544
0x3904b39c3121abfa0c0f24ae246d0ad0a9891b84,0.15,ARB:1.7000
0x7677ca334b5d2db96f3339b0969e6a8b988bc492,0.15,USDC.e:0.1542
0xf3ee2371850e668fa743ddbfb22a04a9f58d4b44,0.15,ARB:1.6940
0xfbada7b9f5470994e8975cd9cfef4ea3809f13ed,0.15,ARB:1.6928
0x89c176cc7c4ad870683353b63c69933a7d50e1ba,0.15,USDC.e:0.1536
0xc9038b5b9d1e74da7e9ae2d97a19eaa43181eb29,0.15,USDC:0.1531
0x8af02f008a07478386c3bd076e9aff6917475454,0.15,DAI:0.1531
0xcb63d09091cb199cb8b2bfd9c726078238532fda,0.15,USDC:0.1530
0x982cf216d7578563898fb9be93d06c4d7c790d0c,0.15,ARB:1.6804
0xe952e50d1f82bbfb5054311ca689807e343a1ab8,0.15,ARB:1.6800
0x39282d686c819ed8b5262bca5184132f9d9895ca,0.15,USDC:0.1524
0xef2766c851efc862acc0adcbe8e29b7edce9e84c,0.15,DAI:0.1524
0xf7fceea0403d49df95474843aa2636ef3155dfc1,0.15,USDC:0.1523
0xd00157f6f3854c6e623fc1d5031ab333cd17893b,0.15,ARB:1.6743
0x161e9e73dcf6612bb7b0243f770bfe3fc06d959c,0.15,ARB:1.6687
0x2f0447effdf6907bf5d18544916b2bb9d5e8dd1d,0.15,ARB:1.6654
0x82335682d65ef50bf135a3b24fe5ee64741f2f59,0.15,ARB:1.6610
0x226fc85190cffcfe47714e023e9ef7cbe471f691,0.15,USDC.e:0.1505
0x48bd67448a21f500cc3af9784e4e92d70bb5d10e,0.15,USDC:0.1504
0x0dc3acd7dd701d5f8c7cdb210877a6c133038b9e,0.15,ARB:1.6557
0x459dacc03aff2a28976e1cbaaef2022347d10afe,0.15,USDC:0.1502
0x8165112611f14353aa10a3110f6a6525260a0002,0.15,USDC:0.1500
0x84e99b69f3142406f05236e7a0b26e4c4c85134f,0.15,USDC:0.1497
0xcacc01e6147443f21bb835423fcf32fd1fdc52ef,0.15,ARB:1.6442
0x9ea536b0bf416cb073b4d8a9d7c95dacaeab0df6,0.15,ARB:1.6433
0xc60bdfa7c435d3c8f62d339f21d6d779e1ee4236,0.15,USDC:0.1492
0x34177d8f9e2c5e5ba2d89030ee25f6e0c3984a2c,0.15,ARB:1.6409
0x349b0f42725b8ea7402d0850a25b8c3da14761e7,0.15,USDC.e:0.1490
0x4602929aa030c9694b38793e7678d99cb4e49afe,0.15,ARB:1.6358
0xf99d306dec7f32af8d2094ff45e041a205388cf9,0.15,USDC:0.1485
0xf1e3bd378b0991d89630b910ecea4db8d98bd08d,0.15,ARB:1.6341
0xe999df82fc66da0e637a4997100eb900a4d76840,0.15,USDC:0.1483
0x7aaee75e1cf3079b7d49093b9651b362f8268734,0.15,ARB:1.6317
0xa42f456a02fb7a6d1f0cb66cf33e7ce80537c4ca,0.15,USDC:0.1478
0x71a17762317e7e0cbfc5d2f706fb9cba7d059e1c,0.15,ARB:1.6262
0xc89738b01487d0f7100a05f1ff1e84add475836b,0.15,DAI:0.1475
0x45ab3eda03eeeb01ba1e738bfd45311c821cbb25,0.15,ARB:1.6220
0x598e41691533a19f185e4036858fa4ce5f823844,0.15,USDC:0.1469
0x134a702a850a5612a0c060d29858f2f208d1c4a1,0.15,ARB:1.6170
0x9301e0b76eb7f5cad473261024460e1fb1a67f06,0.15,DAI:0.1466
0xad40ad7797c8a562128416d68ae6c436d59abac2,0.15,USDC.e:0.1465
0x8983bdffb9775c3c0984a649175280d29c76791a,0.15,ARB:1.6115
0xb8a8131116aa8efbb6fe8662335dde079fd0e88a,0.15,ARB:1.6069
0xab83551609732faa926de0b93d848942e4fe0fbb,0.15,USDT:0.1332;USDC.e:0.0127
0xb28e891174796eb9cfafc4eb6bb57c218c1c491d,0.15,ARB:1.6045
0xee1e47aeb0af3a95ea9ba75aea07009bcd923603,0.15,DAI:0.1453
0x0845b8f1ca34d50c7c6f9f658c930ad4baabc7d6,0.15,ARB:1.6000
0xbf00fb57f51d623805e3ef39b4f0e983b6239238,0.15,USDT:0.1453
0xc83cad05674a73f09182a73bd78174295ce2493b,0.15,ARB:1.5992
0xe664329c76a620e839092e496a95449bd61768ec,0.15,ARB:1.5970
0x21a2ac22bd8a7db63749e039e5c69d1ab21c806e,0.14,WBTC:0.0000
0x1cf8802dfe57b657a8b0b6c99d55eed0ec69c99b,0.14,DAI:0.1447
0x2e9cf01b827dc7e54d21b4655b0dfbc69c9a7124,0.14,USDT:0.1440
0xd35ab7f1a996b86dda680d31e70569b529a33559,0.14,USDT:0.0896;USDC.e:0.0542
0x416d5b8dfc5aaac3ae6322e7117c6f13e7402ff3,0.14,USDT:0.1437
0x7b549b93556f2be9b6512266597ccf84fcbb2c13,0.14,USDC:0.1435
0x0e9279f8f746cfde2f3e92aa0b3355d496f7d361,0.14,ARB:1.5788
0xb1ccde6d2e1235e0610b06bc4dd7f570383a809d,0.14,USDC.e:0.1433
0xb5bb73ee0aa82bce8c3e056a285e040df2cf0072,0.14,USDC.e:0.1430
0xa3bd750b113bdf32f37cae5a9ef760e04aefa6b1,0.14,USDC.e:0.0049;ARB:1.5155
0x9b914b57e1943efde70daf04d1e35fad090dc908,0.14,USDC.e:0.1418
0x064f33830de424022de479b970c2f7ae642223db,0.14,USDC:0.1418
0x981ef664982b85b7eb3ddd021354295fd77a1fbf,0.14,USDC:0.1417
0xb0a8957f1621866def04cb85005297adf825d98d,0.14,USDT:0.1415
0x8a894a1b8684d69bdd2ad6d5dc4ba21a9eb37e3f,0.14,ARB:1.5577
0x55ac8468b1d6c26d037493926cb7ab473ff0abad,0.14,USDC.e:0.1414
0xca564070c1a207600126070996e843337753fd46,0.14,ARB:1.5563
0x9284e5ff29058d9ef9cba555c19a1c67bd4b18b8,0.14,ARB:1.5550
0x47e2af05b8b2e405c741c3284f6e9f3fd8a3c6f9,0.14,USDC.e:0.1408
0x4e2e8f0b285833ebe1e9cf6bc96059fb45d2d9da,0.14,ARB:1.5489
0xa277052145c456a18343a8c8648937e0ba79e935,0.14,ARB:1.5487
0xb88d9c8e8538fc88ffd516143983087c05f1e62a,0.14,USDC:0.1401
0x3d12121bd94dfff66d4893df43180fa8c1bcf789,0.14,USDT:0.1400
0xc261cbaf1197d4d1878c2dd7d559760cd9968536,0.14,DAI:0.1400
0x9e9d1685b1c8dc39c093f6e9dff98883653e6082,0.14,ARB:1.5398
0x670b1cb965156cfb74b62cdc3653139b779f8b01,0.14,USDT:0.1396
0xf4ad6990d10cabcf34508d76123db3e08b08ca14,0.14,USDT:0.0427;ARB:1.0651
0x6e353100bc1105bf4b5a56ab136065917725a703,0.14,ARB:1.5221
0xbecf608d8653c82469fa75d2e0e58f65f848cc34,0.14,USDC.e:0.1382
0x7bdc78fce40ae052e17b7f3f61275510493ea838,0.14,USDC:0.1378
0xec6224b603dc0c9f7185a80a1dcef2a8d6574191,0.14,USDC:0.1375
0xb24db79c7cdb9d957fd943e48fec38047623c7b7,0.14,USDC:0.1373
0x006a876188e9784efb1a401fbcd444568758b5bc,0.14,USDC.e:0.1372
0xa85306b12449faf3e1ddcca15a316332aea8ea9b,0.14,ARB:1.5104
0xc6c5a204f6d853afd02ac7ef52d991bfcd5d31ca,0.14,DAI:0.1370
0x1b7b049274568da321c8798e9ec03ee37043ca4a,0.14,USDC:0.1367
0x8a4050b90a1b72bb5994e48e3fddb4c29fb964c5,0.14,USDC:0.1365
0xb84bd579254b1501e1ec17a57aaf07b06354cd39,0.14,ARB:1.5013
0x6b4f0cc41d8b8f00b4450c81524a687a38fde456,0.14,USDC.e:0.0561;WBTC:0.0000
0xabf4b964c9ad7ff4b9a7d7c20c37eaed628b1e9a,0.14,ARB:1.5000
0x764c50b441cb26d5599ce65c1f64b350fc04ad5f,0.14,ARB:1.4984
0xc9f152c8e7ba8896ed826521cb32fac48c9774e7,0.14,ARB:1.4925
0xd421cef2c07b89df7688ef1d994c753155f45d30,0.14,USDT:0.1355
0x1f0eac869b39d9cbbf58f3bd012ff87598fe77c2,0.14,DAI:0.1354
0xb07e4b43ebe9579eae37698ea2e9a9dbea2dc25c,0.14,USDC:0.1353
0xc204555b39a225b788435c164d344a60976ddab7,0.14,USDC:0.1352
0xcaeb7442a067c9dda0a7703d6048176ff5b6677a,0.14,DAI:0.1351
0x5b3100aafcc30c6924bb0e30ef8d2d3f20e0b818,0.14,DAI:0.1351
0x6ed6623d9a676fc79b62a5347e3017fa66a1dfbe,0.14,DAI:0.1351
0x7271cc7d85dbe220b273b55268dc044a2e8e2984,0.14,DAI:0.1351
0x5682600e35725f490613a9b04c49662ce8e7997e,0.14,DAI:0.1351
0xca4b065153fcbe0fdae269bab7217a8bf81dc6a9,0.14,DAI:0.1351
0x0d91af6cecb4deacb305c1f5ea9be34c700566e3,0.14,DAI:0.1351
0x0b4a9e45effcf59fdf08134a5122739e4a0c176e,0.14,DAI:0.1351
0xaf91149ba8a4beea7198b8aa5c0975254fc8c158,0.14,DAI:0.1351
0xfd735a16fcb11924ba512af4e7d3075d07052091,0.14,DAI:0.1351
0x249635279b8b3f633e6ce0f7127a88df3dea46d0,0.14,DAI:0.1351
0xb4bcb2bad5ea019e16128d2438b2f49eccb2030a,0.14,DAI:0.1351
0x780dc1e37a4f120000e36867ea1d775027872c1b,0.14,DAI:0.1351
0x41ec094daa32423a183a3fd2a5422dfb2caf6e53,0.13,ARB:1.4861
0x7b68856915abb58b47b446b05358cf32bbf1ba5c,0.13,ARB:1.4842
0x52008d9c70f4628dcb6d89d81ef8044afd867d41,0.13,ARB:1.4836
0x886e56a93117eb885ac2da1b284a86bb25732246,0.13,USDC.e:0.1347
0xad17737ad76e12e8aa7a1b4e615e982958d59ebd,0.13,ARB:1.4810
0x73cd09cf7ede207e691db01ad867df71df181741,0.13,USDC:0.1336
0xb53742ab3b0e53ac68d4e4ebd2df76437c9cd400,0.13,USDC:0.1335
0xfe2610062d1fc38203427ed1defe48f1caf056f3,0.13,ARB:1.4684
0xc1c7d27eff73fe4761eeeb01dc64f8711661698c,0.13,USDC.e:0.1332
0xbeca3a08cfff0617f2743f953a98b67130e61b0f,0.13,USDC.e:0.1330
0x932b832d26cc544cb55a8f1a44f0a1b23903d55f,0.13,USDC:0.1328
0x7bba51bfce9c65422d9370e9d75ca266fb482d95,0.13,ARB:1.4592
0xb54af570e9451560839c79b478af79598f8da84c,0.13,USDC.e:0.1322
0xa5f25845f6c44de4154a004e2bc801d7f7847767,0.13,ARB:1.0140;DAI:0.0400
0x2f915da3c8cd12258b7c26354e670ffb60de330e,0.13,USDT:0.1321
0x085e8a06c0e4415e8f630a871defd86df16a351c,0.13,USDT:0.1320
0x3f7d71464febaa8649ecc7d9528070ae5c174d9d,0.13,USDC.e:0.1320
0xb5cbdf26241c5b0b3360a781b1f4add144ae9f8d,0.13,USDT:0.1320
0xb9ac18532124016beaa333464f26b5bedb6bd235,0.13,USDT:0.1318
0x0071606dd1020c6384e0f7fca8f6e685b0eb8894,0.13,ARB:1.4459
0x9dbe4c1424b0d99345ffe4c7250f075a261ffc22,0.13,USDC:0.1311
0x0e114f553bf9073c9fba84236a9ab9f4cf23eaf0,0.13,USDC.e:0.1310
0xf4d2eda757aabbdc47855fce4dcb41c797051041,0.13,USDC:0.1310
0xc5db74bb8337bf2e1d911f8d9ec07f5f563d02b2,0.13,ARB:1.4418
0xaeecd8380f1a70571a1be009c56382dd223cf819,0.13,ARB:1.4415
0xa9a041c81e4a273d40d241ecdc8d2d5f70d885c1,0.13,USDT:0.0790;USDC.e:0.0519
0xc87766a832bab0f233fb625a0e7ca88c46f93964,0.13,ARB:1.4405
0x1d1ac5a9af03868c3b2d29df0926109a65cac377,0.13,USDC:0.1308
0xcfe2d69e7fd682a8c9a923a04852eb2755050022,0.13,USDC:0.1305
0x61e4193c268a710d56f00612ef81259ed77404e4,0.13,USDC:0.1304
0x9a1766adb80276ed333fe9b8d91a0f7191fd8388,0.13,USDC.e:0.1300
0xe60c11b1a2134e374537415b6514246f2ea3a2ef,0.13,ARB:1.4306
0x8cfd75aa02c3f5c3d48384c475313de6c0d52139,0.13,DAI:0.1299
0xb2294788c9f5c7e68aef81bda8ebcb4d65560c95,0.13,ARB:1.4301
0x40ca9d84cc98ed4195a3f5613350d79d9994b792,0.13,ARB:1.4299
0x22de71bcc1db0371f7425577dee403496e4f5b64,0.13,ARB:1.4299
0x70412be35627002a7061baec87d592a9aae23d5d,0.13,USDC:0.1296
0x87a48186b69b110d274f4d31328a1ed423f15ba1,0.13,USDC.e:0.1294
0x7f3ec9c1f3392ffcb60337d498face4ff9788280,0.13,USDC.e:0.1291
0xfc21ff1b5f41a44d467c45626ba8044431dafa34,0.13,USDT:0.1287
0xab214e68749b2020a329caa1393ce4fbb3227bb6,0.13,ARB:1.4162
0xbda5167887c99119ee0fa272a070676c886f6914,0.13,USDC:0.1286
0xd2d2bea6c833f01ef6df29baca6a016d362e3181,0.13,USDC:0.1282
0x4c53cade8e46e0e29bb5af68fb59157f2803a0db,0.13,USDC.e:0.1280
0xe2ad613b88aee339b867dbd238fd9a20b80b83b6,0.13,ARB:1.4062
0xa1414b90e71a48730a4ba938e187910a9d021a0e,0.13,DAI:0.1277
0xe8e4862e81430ebcccf1a088a2205857009f7e34,0.13,ARB:1.4035
0x23dff5bc0bf5642edcca7097f85f4d58fb063df7,0.13,ARB:1.4000
0x7c6dfac6ccb0e891b763e5a2e72c09374ffeb1db,0.13,ARB:1.4000
0xd7c67623a4a42e1218d51e9576dd37fa9bdd42e7,0.13,ARB:1.4000
0x930fd75c7b932e950df8754748eac957988b8990,0.13,ARB:1.3990
0xc47903af6d8e42585a67c258f78a10abed0d6e6c,0.13,ARB:1.3921
0x1d605b70a7ed32caa46591857cde6b086007b501,0.13,USDT:0.1262
0xa3be88592af6f7171c161354d459a3c96bd88a6f,0.13,ARB:1.3800
0x502d6a335a7fc32c01112a18a68cd2514dd4590a,0.12,USDT:0.1248
0x156bf73a550664957df98168ec37710eaee0e719,0.12,USDT:0.1247
0xdee5463a714a7024677324d2990d734fe56b3374,0.12,USDC:0.1244
0xe8695385a8806ccb9e4bd28b80b3ea35de4596d0,0.12,USDC:0.1239
0x9cebe6aa7b2bc2f1b25fbf28bc8f9676654f254e,0.12,ARB:1.3639
0x7f1f97bfc5d6ae68d8c02d5605748ef3c83795ba,0.12,USDC:0.1238
0x6e7d6bd7ba8c812154c344e75fc214e89aac7a36,0.12,USDC:0.1235
0x9ead536f323b258629a681c932d60135450510ea,0.12,USDC.e:0.1234
0x170f795e76d49659c17f3f97af5a83b877528192,0.12,USDT:0.0521;DAI:0.0707
0x68595884628accb50dd18422c32badfcf4582288,0.12,USDC:0.1226
0x463fdb63a7239bacd2581a0dbd9fc94075f2b9e5,0.12,ARB:1.3490
0x34b4b3c97dc83823867e11bea5282403d36247ff,0.12,USDC:0.1225
0xf1e76bd9d7cf614997e06ef328b94d08ba3c4fad,0.12,DAI:0.1224
0x4731cd32adbf2625ffd5a58957897c2c5fd649d1,0.12,ARB:1.3475
0x0ed29d98ebdb37eae3f4c4dc95937b66c3b802bb,0.12,ARB:1.3445
0x9f7a80d36f2b9f6bfd3c38fcfb2c6626bdea0500,0.12,USDC:0.1219
0xb932f58fd39c3e97a31888865c578a6504b377c1,0.12,ARB:1.3408
0x82f4c7650978e9a3fd2324892e67d02155ea76ea,0.12,USDT:0.0434;USDC.e:0.0781
0x131e9da90db2923e914285009ac0fd6e569be7a9,0.12,USDC:0.1215
0xa97d5a00a73b6cfd8dc2b91fff7a8386aa7a1e44,0.12,USDT:0.0560;USDC.e:0.0655
0xd774e3ba091fd35b6b9aa39e511365177961fb72,0.12,USDC:0.1214
0x4cc2f8d9a9574fd8c41298f10ae8160c559ac7c1,0.12,ARB:1.3358
0x8f77cd67d2297121d39ff48b25fd173e4cf8f174,0.12,USDC:0.1208;USDC.e:0.0001
0xdc670f82a2a4059ba24994f979e1d30fc40d514a,0.12,DAI:0.1209
0xbadd1db2ce4049f7b591d4461ebd876797b09ac9,0.12,USDC:0.0060;USDC.e:0.1145
0x57aebcc401b4220b3ff113b4810b0f6c4afb7b59,0.12,USDT:0.0898;USDC.e:0.0306
0x540d2ac3a392cc38b8c9ca4be420ca66f97444ee,0.12,USDC:0.1204
0x9d5f53f4fda9b46dd8207a297bfcee2fc2d2b5b2,0.12,ARB:1.3255
0xbbb0973d55cbe8f1c891f93a42c481f6fade9e45,0.12,ARB:1.3242
0x2bfdd3f9f77f5ac78d2b7bf188da68189d196d42,0.12,USDT:0.1202
0x0462c1012ebd91aac6293dd7a3be3cc80ae151be,0.12,USDC.e:0.1201
0x7edb96c5eb55343f8ce0c111219c3ebbb6a71c59,0.12,USDT:0.1201
0x422b8d56b3a53dc129a308c0639f67fece9ea907,0.12,USDC:0.1200
0xab8c7bbdc0e3307c3276c91a4aea53bf5dfd7a80,0.12,ARB:1.3193
0xf0c86038c20cd99c9899615caecc4585f4040835,0.12,USDT:0.1196
0x235e547d24d4e9dfb43b709cac2b5097ddd2a6ed,0.12,ARB:1.3161
0xaeb3b25b22d6813f601ac2e058d17d0d2df043a4,0.12,USDC:0.1191
0x08cc261c8bee7b35accd93b0f8f30b453e2fcf4b,0.12,USDC:0.1186
0x3318fb1cd6ca4cc84f052c7fdaf6d4fc28c3f765,0.12,USDC.e:0.1186
0x103ac82daf13da683f6251dc0c5008198fb2a402,0.12,DAI:0.1181
0xb697797ef9b4f90284bae72e22aee60a301ec843,0.12,USDC:0.1180
0xc5bead861db7ad194ca906b396a35d8bb1ef6a49,0.12,USDC:0.1180
0xc15f1628bdcc22e8b757cfed5d4af332f1cbd0eb,0.12,ARB:1.2982
0x47f64f9f7d12ec0dd58e2c1d829ad822ff810d00,0.12,ARB:1.2980
0x1557ee78ab23f7264366a055ecace48390b5b0c7,0.12,USDC.e:0.1179
0x12afc9b380e6cc8ddebb3759f83912febb6e08f0,0.12,USDC.e:0.1178
0x5067408c24dc793ffd12f3deee172ec70718c2b7,0.12,USDC:0.1176
0xd750f3559e51d0a75c4fb2cff89cce069ed856a1,0.12,USDC.e:0.1175
0xa7ad9cd159cf8acb715887d49e44a2476c75b39c,0.12,USDC:0.1175
0x1e38260b9f5f2aa0d82f050089d5a79ded8f8242,0.12,ARB:1.2926
0x75c83ec6844e00099ab5cfb6c1c2b126a9090c2e,0.12,USDC.e:0.1169
0xf6ccfa7c0cbfbfdbac2e413c62a767749d301318,0.12,USDC.e:0.1165
0xffa9d495ba369c579bb2c47b44f0bc849093e8fb,0.12,ARB:1.2818
0x850387924a400860658cc36ff92c8cc8fa57c2e7,0.12,USDC.e:0.1164
0xf2322002cf500fd1babace20657f8091987be4e4,0.12,ARB:1.2815
0x447f29f1836403b573f71f07090dd9f16ebc8501,0.12,ARB:1.2810
0x6e20b131a81df04f4193852ba9be092211667f73,0.12,USDC.e:0.1163
0x03746a4affe38dcc5e3e21287a414b66679d55ba,0.12,USDC:0.1157
0xc903460c4620da7c54e5cfc353c18ceaa9c5ba9c,0.12,USDT:0.1154
0x2f254a685dd3d458d7d99bc9b5c8f0ba028a1a83,0.12,ARB:1.2704
0x7e46881d9d8ed56e727be69f3351eace661cd1cf,0.12,DAI:0.1151
0xed7daee0c1ec4945b87e4b628d20c70c02cdaa91,0.11,USDC:0.1146
0xce1c12957ac0e5b1643188d41d8f23752aeedd61,0.11,USDT:0.1144
0x5a2a7fd2dd582d188cac05294b290edab6189672,0.11,ARB:0.2602;DAI:0.0903
0xaf902d70f48fac9c417a9108f0093c28402f2935,0.11,USDC.e:0.1139
0x50484eb73886f385724fbf51ad3b7d5f26bce43b,0.11,USDT:0.1137
0x2a886f92fff093569bbf6f114c6e67f50e129aa7,0.11,ARB:1.2504
0x8844529ae133b03df0098f03575c728388348d63,0.11,ARB:1.2497
0xd149ac3a1eeb93e3cdbfb4c502ddd419f0572d7d,0.11,DAI:0.1132
0x72162363d864512dc35686bcf8d4e221037a901d,0.11,USDC:0.1129
0xa287be9e875232ac5631725228df5affae14f4fc,0.11,ARB:1.2434
0xb16f1b3f63d12365aa031ec36eef11d9d09a5372,0.11,USDC:0.1128
0x47bb1ab7f7fef868344928d93c5491fb9b22dec2,0.11,USDC:0.1128
0x1473c9a6ac0c9087b8bbe14b29b97222519b773c,0.11,USDC.e:0.1127
0x783d7a54a349da3d9e622179d980c6d331af0324,0.11,USDC.e:0.1127
0xd100396d978a2cf7299122a2a012cd81541af9af,0.11,ARB:1.2393
0xb2b70803dd486898f8ee0c17b0934c304dc97aea,0.11,ARB:1.2358
0x42f1dc24dd3bbea5d9f10b29873bf660b4336944,0.11,USDC.e:0.1122
0x4b7b9306a79d3153f3a3c00e5d3b7fcb938e1da7,0.11,USDC.e:0.1117
0x55e6b681503af69cf4e0faaec5f510dcbb184f64,0.11,ARB:1.2300
0xfee2a19bb9f8d1d9455476da46d0345ae1f7440b,0.11,ARB:1.2293
0x75ab61a0c1ff6421fa61fda29e2fa10309996acc,0.11,ARB:1.2272
0xc38a18fc9bdaed6dc64efab2eec1b92530ea99ee,0.11,ARB:1.2254
0x9436d0130dd06f86b522a7e17b37b379fc0abdbd,0.11,ARB:1.2254
0xf2083f557625a6b24b89eb21265a8173d30f8f51,0.11,ARB:1.2195
0xf1188673bb79ab65b5e2dc63ac90c415ad8db2d8,0.11,DAI:0.1107
0x8f6a2ac1746117666b95b635b95405783501b17c,0.11,USDT:0.1107
0x80e51440fbdc8c70f438471bdedc64affd8d3c11,0.11,USDC.e:0.1106
0xa607c7fe9866e423c61b124368bc2fcd8b59d702,0.11,USDC:0.1104
0x3c9928b856a109cdce171976a9fd08d18ebc1f82,0.11,DAI:0.1103
0x003d47986925b469fc55dd6a3baa4ab998c5fbb8,0.11,ARB:1.2141
0xb5bffbd1a62127173b6bd2234955df661309c755,0.11,USDC:0.1100
0xdd93a3d2c593da80684cdad47e7420eb712a2bef,0.11,USDC.e:0.1100
0xa2166bdf55a31284985fcb14447eac128df3664e,0.11,USDC.e:0.1100
0x078edefcdda37bb35af1169e6671291a26e0e3f1,0.11,USDC:0.1099
0xc1c12b41af36ad8de94b19f3990a9af8c7090a9f,0.11,USDT:0.1099
0xeb2c61f2cf261ea09bc0bc3d0e7d5e5f285adb93,0.11,USDT:0.1099
0xf9b213f87a6cf242e1ca0ea531db2e30af2f3e7f,0.11,USDT:0.1099
0x4ac17392f185c253af8a8db1ba6a38dc613760d3,0.11,USDT:0.1099
0x7913d5b3daf24855e98a8a444f505df94abb18e6,0.11,DAI:0.1097
0xed60c1ebf5b949316135d1b7378996020a8699cf,0.11,USDC:0.1096
0x5e91b19823927d28261cb200eb2afc2ea5636f3f,0.11,DAI:0.1094
0x3ef6ed97236724d928b3a5324b723ed305b9543f,0.11,USDT:0.1093
0x5465fab628df27a013cd93532570077fc5240331,0.11,ARB:1.2034
0x57f9b676b13c2aa310019eb938e8e085fbcb6680,0.11,USDC:0.1092
0xd61e8789d1864eef7bf2d68753197c59213b22ea,0.11,ARB:1.2015
0xe1e1303027877c0c2d55d2811d2a9879d29cdacb,0.11,USDC.e:0.1090
0x8b0bcae7132338611c8c969a4c055a93065e8eed,0.11,ARB:1.2000
0xb547d28bae5750b59796baeba880bfb45cdafd29,0.11,USDT:0.1088
0xfa9fa9f2fb9c5aee6fe5f92dcc36e0de21c8719b,0.11,USDC.e:0.1087
0xf0ca3c0682c588f3f849ab00d07ce73827ce75d2,0.11,DAI:0.1087
0xb4f68091c7001218aecc8eb4bd1ecf20d8da12ec,0.11,USDC:0.1086
0xbfb72f5a7654176ba7a3ce4ef77d05f30468365e,0.11,USDC:0.1086
0xc0a783deda28a6122d391b38ec4bbbf7062501ee,0.11,ARB:1.1947
0x79ba6bd4a7e79faa79c56b44b88400a5cedaec00,0.11,USDC.e:0.1084
0xf1a0abf5130effba813288e74e0692b6a70c95f2,0.11,USDT:0.1084
0xcf1f7ac776698da214937755ab764e15e818b2bc,0.11,USDC:0.1082
0x75abf28b9cae8edb0c1209eff172f9420cc63549,0.11,USDC:0.1081
0xe0ebbb3e83fa6597110a0b983b60c93f3418db48,0.11,USDT:0.1081
0x6e4843df1beaf8ab171f8e50e9b14a7debff453b,0.11,USDT:0.1081
0x435e05598fe279349061253f1512c0084b278ff4,0.11,USDT:0.1075
0x6c5c60b0f258134a5213c4c5146e8f0c242a85d4,0.11,USDC:0.1075
0x7fcc8be7cbfb799cdc2162f1c6b1b1c813a1fa5c,0.11,ARB:1.1811
0x67e7cc7d587177d22dead10d3bb6ae8f2d40cc10,0.11,ARB:1.1806
0x83c1d1aa78a46a62441b4a3c8fb91ddb20dc9101,0.11,ARB:1.1794
0x5d677e5f467c555084c03eb7771debd18d4c7e22,0.11,USDC.e:0.1071
0x8ab366498c62c17a34c2d025b01b486a9c752df0,0.11,USDC.e:0.0070;DAI:0.0999
0x6513b9ed5a2fa2066ddefc9da631b4cda64aff8d,0.11,USDT:0.1069
0xb96ee745bbf8055419ded870d0d77f76f23e2958,0.11,USDC:0.1068
0x819fd305473f8ba3d1962681abfddff554d45897,0.11,ARB:1.1757
0x7672d79f31fdd33061323894fbbb2f0c7a8ec020,0.11,ARB:1.1754
0x4768b433f9ff35656141ec8fabdcfe95618b66dc,0.11,ARB:1.1744
0xd82e74b8c22e8efbe8465e9e58b0d7460c50ecc7,0.11,USDC:0.1066
0xb287cbd5606ecb4e865cf316a8be316e09a15668,0.11,DAI:0.1065
0x1db122e4c8ed12b1abce0d79ef8741bab1d9b8e9,0.11,USDT:0.1065
0xdd0810b4c3d408d80740e3a659f1eef676fd1828,0.11,ARB:1.1722
0xc4e5192fcff38ead1f6b7e159ad936cf64e9a59d,0.11,USDC:0.1064
0x02f3584caea574c6159d6b4d0c954a791be5afe5,0.11,USDC:0.1062
0xd0561ca35eb7c3cc390182b5ca99101be0e1a66e,0.11,USDC.e:0.1061
0xfcbd26d220b4ce86d215ad0b4d4ddfcdc0c4ff6a,0.11,USDC:0.1060
0x70ef3cf3eddb23e2fdcffcd2482019eb2b6f77cb,0.11,USDC:0.1060
0x6b9f3892f54fcba1fc59b93afe68a71f35e53640,0.11,USDC:0.1054
0x941b9c5900798298f50ffbd0efe809df31d5f75e,0.11,DAI:0.1054
0xff9b7aa1d209c4194bfb8819b48b22c6b02df1ce,0.11,USDC:0.1053
0xd6d57029b2792294df85d560120eea7e6ac8e873,0.11,ARB:1.1596
0xf6ad4eed9acad6cf517f9d270df2ad5c2fcb9c9c,0.11,USDC:0.1053
0x9a540469268b3d181fce89f8d39ce44273571805,0.10,ARB:1.1549
0xf84fba118a7341eb8a48af094a832d41fd925f69,0.10,ARB:1.1521
0xcec2d584bb94819ce6099c7dfa9e4d89b1ba97df,0.10,USDC:0.1045
0x72d4b345b54d4a25598f7a0ced352631331fb193,0.10,USDC:0.1045
0xed41aa4abb256b13f02b87cd66a39ddc7a6c9a22,0.10,USDC.e:0.1043
0xb3d2ef36d4cb68120792f26528942e15f1c57a20,0.10,ARB:1.1471
0xcf25d861c7667cd84d9455cce87d962140859b86,0.10,USDT:0.1042
0x3741c4162aa67cba3653b82cb6922eb49e9d63c8,0.10,USDC.e:0.1039
0x53ab398edc8f1bdfd25d3230416c84120d76380f,0.10,USDC:0.1038
0x0aea51a48bb6afdb068f8c86979a326ed0af24e7,0.10,USDC:0.1037
0x3e5fdf632290323ad2c4fc59b73fc0ca06f5a865,0.10,USDC.e:0.1035
0x3f7e093d48f2ec335057713de4682863e27e609e,0.10,ARB:1.1390
0x49e446ecf93bb0fd361507be85415f9f3488b6c1,0.10,USDC:0.1032
0x19b8c73a40294c2b971ee784c276d700257f77e3,0.10,USDT:0.1033
0xe81dd2fbe17f52631e9004e65f5920c0b5e23357,0.10,USDC.e:0.1032
0x20343652409ab63018d243d66e58991b7618c5ba,0.10,USDC:0.1031
0x5e04fea1cfbf45d03f7d67090e366b0ce7fca528,0.10,USDC:0.0107;DAI:0.0924
0x796e71115d1360998f6eafd014b206ab81f6da34,0.10,USDC.e:0.1030
0xd25d7feca1751adfb00ae8154521e35e73130d8c,0.10,USDT:0.1030
0xcec4d1fd5681aefdbc6babfe51fc81dd0f820d73,0.10,DAI:0.1030
0x4e3c09bb8809f9eafcca0ce248cf9fb1993c3c49,0.10,ARB:1.1319
0x70ced69d3bed0a4c81e5935c11cef6f26516efea,0.10,DAI:0.1025
0x3c4e8f6ecb247b100611950e3c0bf3aa964726d9,0.10,USDT:0.1025
0x6038c04f565f8e975c61c20f79d9f071b649e8dd,0.10,USDC:0.1024
0x983ef6eb3d09864b4a34fd352bd2b11a118f75b7,0.10,ARB:1.1255
0xea0653daf2f0242cca447e81f779041d3637c665,0.10,USDC:0.1022
0x77aade82150f66b84f6a51b8a34691fe4693d2fb,0.10,USDT:0.0073;USDC.e:0.0948
0x3ee52d141b392c4acaa6bb3bb213af761e483262,0.10,ARB:1.1232
0xaa96659557b27816661db781f82c7f4b4c13866e,0.10,USDC:0.1020
0x671e3c7c08310a07e1102ec2765f8e6abfbbbee5,0.10,USDT:0.1020
0xfcee7c01cd9e25339236da143eedb20c3fad2278,0.10,ARB:1.1227
0x956294b86da6f36ff8f4863a430a86dd173e6171,0.10,ARB:1.1219
0xd7858e7f206d59f40ef44123efe9eda9ee2719ab,0.10,USDC.e:0.1018
0x6f68d6ef77af21bf78aa587efa6795d7599f3463,0.10,USDC:0.1017
0xd91a2f1081ec8804b14f6801d89e777b9067f9cc,0.10,USDC:0.1014
0x956d474f4cc4fe88852904d808d5f65d7b56fda7,0.10,USDC:0.1013
0x27e46603d36cb10a54e3f4587c4e65715ced291e,0.10,ARB:1.1144
0x8f6582a2f1e5e5c10a25b5a99c49a70f7f649811,0.10,USDC.e:0.1010
0x3776e608e3b041a717b0c04a2886a3e4c8111bdb,0.10,USDC:0.1009
0x9ec52840f69d410e0753d4b70ffa5ebad722a3db,0.10,USDT:0.0590;USDC.e:0.0418
0x04132e84d85579f6c712d742d207b8d399f16345,0.10,USDC:0.1007
0x22d0fc900d0ac41bdf4cb9c468af98ea236f4bbe,0.10,DAI:0.1005
0x514c6351040abbd117ece95f6ba2f4fdbd3d9b6a,0.10,DAI:0.1004
0x6493862ea4f7c1d847a85b5166c3576d5e7964ce,0.10,USDC.e:0.1003
0xedd5134d69343dacd741256e33d4c4a982d2e09d,0.10,ARB:1.1042
0xae3ff00e6ef3dd878266196f4333425e86ec4d85,0.10,USDC:0.1003
0xe6dac0e4b476e9b4014bc85834eb4b0814e9ff65,0.10,USDT:0.1003
0xe76c17952ab8c3664a3e5f5e9116fd37372376a6,0.10,USDC.e:0.1002
0x59ac47783d3a2b73dac1d87ab332557e5f462454,0.10,ARB:1.1034
0x7449fbc1dfee38065c9d79a5177757e566e06708,0.10,USDT:0.1002
0x061eb5ebca90704a0108d18765ad5fb15179bdba,0.10,USDC:0.1001
0x7f63a181d7e54f11bfe241ef3b7f94ecf0976ff1,0.10,USDT:0.1001
0x4dffab533e746cfe0259d6513e5ba967f7472369,0.10,USDC.e:0.1001
0x1d64103304f6aa5a9e80febea9fe0e62ddd97643,0.10,USDC.e:0.1000
0xcd9e513fac21d9aaa902bfd6d3c73b3b95f63eaa,0.10,USDC.e:0.1000
0x4a92ed569d0a91055a9f71f3936c24221106b629,0.10,USDC:0.1000
0x53896913f9925560fbfb3857efc4fca0cd14caed,0.10,USDC:0.1000
0x65a00b88347953c38e69664ceb6bcc3e8e0764e6,0.10,USDC:0.1000
0x6f250ad1ebede32489b7f4e147aa333d88af40ce,0.10,USDC:0.1000
0x6f5a134a9b860c56f156ffeb1e1342d1a5114cb3,0.10,USDC:0.1000
0x820b32fdb32814cdd06d684c14511954e9789f43,0.10,USDC:0.1000
0x977742119739b8f37901ac38f5c0a3d946ffe491,0.10,USDC:0.1000
0xaf248616f60d739332fb5d849099863094361304,0.10,USDC:0.1000
0xc0c826dbd15bb3b25850d9a8356b468b4109646c,0.10,USDC:0.1000
0xe7d566e18087873bf68e70b614fd0f810db8ef04,0.10,USDC:0.1000
0xf7977e5e81d9caef2d2e80bc73c0ea28cc49c75a,0.10,USDC:0.1000
0x08bb9499c9b4d6c752aee3c90c856ffa0110db98,0.10,DAI:0.1000
0xed0b249da6bd10a3489b9e972fa6a2f1634dc72b,0.10,DAI:0.1000
0x4791e233a1e6a2a59a8175feeb734de3d6e6e451,0.10,USDC:0.1000
0x1b63688ebbc177006af7cde8e38b4e56b0dccdd8,0.10,USDC.e:0.1000
0x8bf525196a53a88a2c7e3bd44c17ca42ef0ed872,0.10,USDC.e:0.1000
0x9255f964d375e5cd45da10942d04d316d5b90ca7,0.10,USDC.e:0.1000
0x95902206430a9e0add0cefaf9bb44fbe0cce671f,0.10,USDC.e:0.1000
0x97cb59ea926535807b95cdaf9266b75f4c19cf5d,0.10,USDC.e:0.1000
0x9f834835927a0d9d589620669c0cd16b6af87d57,0.10,USDC.e:0.1000
0xb5fb45b5b840f177c2cb3d3c025ba06b3de3366a,0.10,USDC.e:0.1000
0xd75d3f718013c4e03e5d1fc32292ae9d8f6c6ad0,0.10,USDC.e:0.1000
0x5f030f6f1394c4df7f97d816a8d6cf282b0f60ef,0.10,USDT:0.1000
0x0eccb3dc5782d9b38c68339389ac0e56de8c0b70,0.10,USDT:0.1000
0x13ec8127b11041c372dcba1e4ca285a7e9f142ff,0.10,USDT:0.1000
0x2ab771be6bb220735871df5599d806103995d29f,0.10,USDT:0.1000
0x2f1b0cd2a51d6c887efd3fbd83b2cddac08a09de,0.10,USDT:0.1000
0x37bcd0de3c9e8b76e33f3d2ddb648814d700a10d,0.10,USDT:0.1000
0x5f081fd0f5f207b0639241c653425acedba90332,0.10,USDT:0.1000
0x64535258987c5e32a3610714d7370db68c085c88,0.10,USDT:0.1000
0x7e5d8b7bcbbc00b9dee995acf86eb34d25ab1eea,0.10,USDT:0.1000
0x85b58074624ef879e932ad203d92a4a933fb6896,0.10,USDT:0.1000
0x8a24293571f920341490c25e0ad8ced436a39848,0.10,USDT:0.1000
0xaa5c332d174a64253cdc9674bfc0030c928c7d82,0.10,USDT:0.1000
0xb1c11f72f18f8cbba5d4a8140093879280445214,0.10,USDT:0.1000
0xccb3c392814169bd60aafaa184fa2301a8e1a34f,0.10,USDT:0.1000
0xf1f6ab8f1ca88d6aefbc96846316fd943d80c095,0.10,USDT:0.1000
0xf6fc335de65b676049ea5ff2b378b030bac4df46,0.10,USDT:0.1000
0x4b4b671f664a45f3f292e20d5c59374a2c8e7c9d,0.10,USDT:0.1000
0xa3f7687cad9d1f5ba908ec083033712e1db9c381,0.10,USDT:0.1000
0xc9086c14679443ac01f8a4f562d91a97c708d4d4,0.10,USDC:0.1000
0x4cd968a133db07ec833a8c2776e34ea849fbabf4,0.10,USDT:0.1000
0x2a2e0332603565f3ee0340b41385bee73c22bb26,0.10,ARB:1.1007
0xded898874e18a638135209ff4a727d32d90cae97,0.10,USDT:0.1000
0x242ffaf81a0cc00706ceb66beb3e97393dd87d5c,0.10,ARB:1.1005
0xd5c7eae166ddf0e3d55ec1c024f6bfe99515c341,0.10,USDT:0.1000
0x50307265197e9b2e15f60f2978c2708ef8b38d5e,0.10,USDT:0.0999
0x1ec2a6118abdaaddf7bfccdad931ee250562d845,0.10,USDT:0.0999
0xb23aed4315577d43b452a83c8cfd59ef720b9224,0.10,USDT:0.0999
0xf202a9078f9b624df6ea62abf22ced2ccc9fd2ef,0.10,USDC:0.0999
0x8ff6f506ec1ab69f06cea70f599ec9b568413d2b,0.10,USDC.e:0.0999
0x44a1852a799545ca38a599eae96cd47070010741,0.10,USDC.e:0.0999
0xbc905da8515651e062ecd314fc82df63d9f06591,0.10,USDC.e:0.0998
0x4d25aedbc4d1dee754cddbe71084215821ca75ea,0.10,ARB:1.0991
0xfc1054bf27743a4322ef3dcda1b067c3bb4bd8ad,0.10,USDT:0.0998
0xddd500be965c3d2650ef5f3d6bedb8ba33efb896,0.10,USDT:0.0997
0x9a3d52bb1dec278c2c5aa151f45b5e1034611a9e,0.10,DAI:0.0997
0x998133406b8ed145653dde36ba06ee74c36c8fad,0.10,USDT:0.0997
0xcb04fcbd20c9da8108953f4361f597b78330345c,0.10,USDC.e:0.0997
0x0567df7f4c5aadccafa852d9dfdc0e9c989858d6,0.10,DAI:0.0996
0x8a69616f9f7016f24e78da00b9b40b98a2470938,0.10,USDT:0.0996
0xbbd72f90a178ba75e530fd39bd50c7d24fc77fe0,0.10,ARB:1.0966
0x143cec2f1851e9b7658e95fcdbccf3a4b4eac534,0.10,USDT:0.0996
0x46d7276565da7b7efd81d399896a8178974c8f8c,0.10,DAI:0.0993
0x692b8304aac4e4aa29dca6c92379bd04c6286952,0.10,USDC:0.0900;ARB:0.1000
0x988527874c7e3f02115f89a6a97135c70b6a47fc,0.10,USDC:0.0990
0x4845ca23fbb9a4a02a6920f4608c12207c6e188a,0.10,DAI:0.0990
0x94344ad4d09a93546d83baffda30a31f24391d42,0.10,DAI:0.0990
0x3bb3428dd607524d8ec6ce81f642e596c7f57c12,0.10,ARB:1.0900
0x84a91dfd0241f2dcb1a1c9b8b4b57f3d189f77dd,0.10,USDC:0.0989
0x6a362bc8003e366d8ca13f7397ff51e00ce65d90,0.10,ARB:1.0885
0xcf45830be3ec14b4e2169ba19e909046be818e33,0.10,ARB:1.0882
0x6562b319cb20fa4633bfad7ce9ce84f71421f486,0.10,USDT:0.0988
0x6eb0e41d95c8528da47e7e05bb27831ceb17bb87,0.10,USDC.e:0.0988
0xf034d660c59e5a3e9510d09871720fd9d3bbec5d,0.10,USDC.e:0.0986
0xdff5823c14908e4a4b22c6aee2fe42a4ca3c4bc3,0.10,USDT:0.0982
0x55a0bd7494c5a40b55c1ab449bcb8ae85eade66a,0.10,ARB:1.0810
0x50713fd4f2dfa7424ab2d05fa2aca48bbcf781df,0.10,DAI:0.0981
0x03c19cc87db26a20d68b95626bdd90dd52f5bef3,0.10,USDC.e:0.0981
0xe1d246047c841b45549579b69da482e4eb0d4969,0.10,USDC:0.0980
0xb245b664bcb5693b889dc0a58e46e30b14d5faff,0.10,ARB:1.0794
0xda6635b0e132da60d931ddd7594c55d8f71c127f,0.10,USDC:0.0980
0xa2d61aad34b970152a9950477507500d88c077ab,0.10,USDC:0.0954;wstETH:0.0000
0x11882a50d32da86c0e9d2a25b7ac17470ea2c74a,0.10,ARB:1.0785
0xb9640327e5c2778f53b5f4f8df1e66959394b958,0.10,ARB:1.0780
0x8169b1d17ce9baf28bedd917937d1b9352c362fa,0.10,USDC.e:0.0976
0xbe3636713ff6a78486152b4fbefb241d62df278b,0.10,USDT:0.0973
0xa346cddabad067034c12efbb45abcf666d878672,0.10,USDC.e:0.0972
0xa60c9a94392b9aa999d50f09c8bfde72ef9afa99,0.10,USDC:0.0972
0x0f87e9112817708e74c283613a99f8cca499ac10,0.10,ARB:1.0700
0xfdf5d1760be6fa13486611b5d47e8aa2edaebca1,0.10,DAI:0.0969
0x2cbfb6e19ec316c46ae2a777c8fffe91bdcd334e,0.10,ARB:1.0655
0xdd211bc6df709ae171df3c5fbece0b375c07af79,0.10,ARB:1.0654
0x2c2b0926a8f8cec83cfc3044f851b9ca23ec9014,0.10,ARB:1.0654
0xc199d8f4bcbdc79ea96a81ffba0ad7bf43aa88b5,0.10,ARB:1.0654
0x3b8d3823828a50f4b32ea6c84f1502d20b4b8a4b,0.10,ARB:1.0654
0x9393f515f5f229beaae1b7a9ea6ff955f8e51490,0.10,USDC.e:0.0966
0xe9f157f18848fa600bd003e4a81ff98349c9c55c,0.10,USDC:0.0746;USDC.e:0.0220
0x0c010fa0fc298012caf0d5c85c7522cb11c6ef4f,0.10,USDT:0.0966
0xbbc1dc0b4583b5bad126ba300663c913fc8a65e3,0.10,USDT:0.0965
0x060b01afacfb6b4035e0f4f480f6ca8d281f8a5b,0.10,ARB:1.0586
0x5465a7cbe24b479de29138634eb315511fb72891,0.10,ARB:1.0577
0x7a81ac54ab686e8539d774e266832650774ca144,0.10,ARB:1.0572
0x70352193668344dcadbd37bd349383ffd68da8f3,0.10,USDT:0.0959
0xbe3ff5c1243adcfc5de06768e26b8e1fcf9aee1a,0.10,ARB:1.0558
0x0aafcb8dbfc1318db4023b6acea6c1f3195b7e44,0.10,DAI:0.0959
0x7c8b3d6d877ad14ea57e868081b6e11275fff717,0.10,USDC:0.0958
0x8679887365b46cce930caa82f70958f96ca1d3bd,0.10,ARB:1.0549
0x19c87da43c9d6d90d313be35282cc5090ae85a1c,0.10,USDC.e:0.0958
0x1d59bcc9836c6fda59cc240827232de9007f80f4,0.10,USDT:0.0001;DAI:0.0957
0x5abff0a2d953104caeaa41919fdb5314539054bb,0.10,USDC.e:0.0957
0x6b04eef9ca984657aec3ac700250c3c57caffad3,0.10,USDC.e:0.0956
0x6ac23e1a3e7f9cd776267b63abb809328efefe75,0.10,DAI:0.0955
0xf8921ee726cce4460a82e7f5c389d1ad5fd5b472,0.10,USDT:0.0955
0x3c9c915dd7dbf1b30d6715e912195cd64d70122b,0.10,DAI:0.0954
0x40bacc686a33b111f0633df37d2d38ff4d906817,0.10,ARB:1.0494
0x592626becc15ddeb435d8947366dde17a91b14df,0.10,ARB:1.0485
0x3c6209d0c47bd867ab1b483d3f3237f66b76f17f,0.10,ARB:1.0479
0xdbf83d86004ee2bdbcf5dae2f47f2569e60183de,0.10,ARB:1.0479
0x46326006e0264c03fbcf233fa8e017bad52f76fb,0.10,ARB:1.0479
0xe5c37eb38cac778a3359587def554db2c3c27457,0.10,USDC:0.0042;ARB:1.0000
0x68f74a81fb5da84bcba237858eb13cd7382729b0,0.09,USDC:0.0950
0xe57b167469d63b25cddbfe45f41325a11853457c,0.09,ARB:0.0000;WBTC:0.0000
0x805f41a0c9302604fd2b1ca95f7354ec334af148,0.09,USDC:0.0948
0xd913ebe552070b2b2b5fe99c8896aea77c3e9812,0.09,ARB:1.0417
0x1f423ce257f8777c1687bb55a42a366207488870,0.09,ARB:1.0370
0x7ddb6da273a97b338e0b8427a65b6802b5bfd3be,0.09,DAI:0.0941
0xe49ead8e7f43a02b75af7a4367b47222b766ff37,0.09,USDC:0.0939
0x84b450cf0e24992b78fd869da09ba10707306a6e,0.09,ARB:1.0326
0xdafd4fcc1bb610d4fa428891bb548f524edfaa66,0.09,USDC.e:0.0937
0xee925df38a55c8003dc4795940c4a5831df550f3,0.09,USDT:0.0937
0x3a315f541003349aa597f6bfcf6df6a2feab58e1,0.09,USDC.e:0.0936
0xee16d17f168395a59b90304b5135471fa7fc3ecf,0.09,ARB:1.0289
0xdf8f5d22d203e625ed4981f1cbf569ceabee6429,0.09,USDC.e:0.0934
0x4ed2b3c68bb4fda084ce1591a210f4ac8b71234a,0.09,ARB:1.0284
0xd8ae876262b86c86d7ff6303775810f695eea424,0.09,ARB:1.0279
0xc7de409c439f42f1c4bf4fe6d392c0f1dc3be214,0.09,USDC:0.0933
0xc81ac0c3315641a47486c3456ec634a31f1adf76,0.09,ARB:1.0267
0x4663bd0c4309324f655bf8002e88fa094fd27f32,0.09,ARB:1.0266
0x9a482496fd663a0ef5cd150579fab27a9853826c,0.09,USDC:0.0930
0x7e989d5d95d20d1becb974f01145d2452a00727a,0.09,ARB:1.0242
0x8ef7a964de6c68c6e0aaa22cb13fd65865c39e54,0.09,ARB:1.0234
0xa9a84c0fcc33dca0ed28498e06dc2a8da19dcbbd,0.09,USDC:0.0928
0x711c7157958910b2e91b1c56844689d2b58eeb9f,0.09,USDC:0.0928
0x72a3e5d532d46f49488026739c6dec2ec2feb275,0.09,ARB:1.0204
0x299f1612a3d501690690e14f4a00d434ac4e4232,0.09,ARB:1.0199
0xda9049f5c0d2714d1d3e50a4730915756f99baf7,0.09,USDC.e:0.0926
0xe8edfa3ea44fc431340ec31da6aa921d8f0fd88d,0.09,ARB:1.0187
0x79b4dc378fdd9ad8e8dd616abdbd453078820ddb,0.09,USDC:0.0924
0xcf19298c5099cb6c24b9bf93fed7c03f4b0c167f,0.09,ARB:1.0165
0x9d7726178d583bdab3d00f25895c0b19aefb7c4c,0.09,USDT:0.0922
0x31c4d313b237a7e78ff610173f56fc5cd1d6aab6,0.09,ARB:1.0138
0x33e6bc04670d97acc89ff8b227572d20373abf78,0.09,DAI:0.0920
0xc0ea7a9086a3b71bd677cb0fe078189ac7d0b3b9,0.09,USDC.e:0.0919
0xa9f6afaaee6af25dc3aa23ca1e5acd398726fe2f,0.09,USDT:0.0918
0x754010539fe8f2a01906c954a704c45ccdc95366,0.09,ARB:1.0099
0x68fe8adbfa499d2d466196df8d10ec3f1f5240a1,0.09,ARB:1.0095
0x01e2b8d4068c58d1f7c6a5f675e0f68635d64033,0.09,USDC:0.0915
0x331c5ff101d1091e66060fc51711f768b06af6d9,0.09,USDC.e:0.0914
0xa476c5bb580bab28e1c20e5a03c9e6b2d21463e7,0.09,USDC:0.0913
0x65b90d258bdde5f7ba33094171bf43df4cb1db8c,0.09,ARB:1.0050
0xbfa451c756b3248b11b363ff8824820b0f244c60,0.09,USDT:0.0913
0x3bafa6416b8ea71a591ed1a7475905f37d3a38e0,0.09,ARB:1.0045
0xe79cb6b55f074125220ef8573e4d96afc0a4a323,0.09,ARB:1.0043
0xfe83adab4435ba7ce52703be42de920d4bab1ac1,0.09,USDC:0.0911
0x024aeaae62b5a75b80fa967abc1d5c5d3c21e876,0.09,USDC.e:0.0911
0xa98f8043eb2c880765c952970988cd12d0b8664d,0.09,ARB:1.0030
0x46e0ac29855dc5d7209c6b51ab22089cbb113394,0.09,ARB:1.0027
0x27a3b46329821241db6f5a21499fc92758b7bb8b,0.09,USDC:0.0247;ARB:0.7310
0xe516dee5a90e0f52300a7156eac6ffd3148b7a63,0.09,USDT:0.0911
0xf9be104877b6375e0f7fc5baf2eabef1aeb53b39,0.09,ARB:1.0025
0x8cfa7b89ed36718abdafd2023b889dc246313dbd,0.09,ARB:1.0024
0x55040be8471b5dab774dfb6911a5e38ee085ae34,0.09,USDC.e:0.0735;ARB:0.1930
0x8c674859f8772570d34f529626b8636f832130e8,0.09,ARB:1.0010
0xa64a89112372eb64c7f67bcd82fa318c057570f7,0.09,USDC:0.0909
0xa2e5bd680148ec2b9d2210eef667e69337c547af,0.09,USDC:0.0909
0x57f819dc869082c56be579e539515bb9d58fa775,0.09,USDC.e:0.0908
0x74b36cb6e1c7a0c7d2728a574fb57091a1b57059,0.09,ARB:1.0000
0x34634dab172c2ab836c25afa969b238deb78e237,0.09,ARB:1.0000
0x96f4b6ee6ccf110803287c05b7f36c3f71b7519b,0.09,ARB:1.0000
0x00a0e3278976e9d3702e21c1037bda0fb28b16ed,0.09,ARB:1.0000
0x05b209a218271ad7c77e010c3ea5ac6cb267669d,0.09,ARB:1.0000
0x085737816a96fc5b8c16a0b467fbc6e2f2e925b5,0.09,ARB:1.0000
0x10867fab4794f3b3fc35ea027d120a8e5e5f0b4f,0.09,ARB:1.0000
0x26feb92c50e537bfb6fed7b313964355bbe61d89,0.09,ARB:1.0000
0x282b7b21f12a150330d1de3bfcb0a3005e9bbef0,0.09,ARB:1.0000
0x2f57a497769db27516be33b958970ea5d0cb7934,0.09,ARB:1.0000
0x33d7cbddc1f8fc139989019f1b28bc9a89216746,0.09,ARB:1.0000
0x3d15c236448eb87421709842157dd08cd2702366,0.09,ARB:1.0000
0x44f4e83e6ffe27164ea7f4f232e3399cd36aea36,0.09,ARB:1.0000
0x51312202fafab4f5ff40f234c38adc69fdb78284,0.09,ARB:1.0000
0x54d7ad2590e9438c383e65f3d05ec340f442d4ce,0.09,ARB:1.0000
0x638db4ec10b5da4b42bfb5e0633421d6d031d296,0.09,ARB:1.0000
0x6665e760cfbb43020c6221885e449b65897cf009,0.09,ARB:1.0000
0x68b26b62427acc4c00fc07d3a4df99f350866a71,0.09,ARB:1.0000
0x6e54920834fc8db0eb0090a48fae04fb6b8188d0,0.09,ARB:1.0000
0x6fbd9564fdd3eadcd877217fec68e0e885bb7716,0.09,ARB:1.0000
0x711153457d1623617ea6eee68e12a00ffc8e0248,0.09,ARB:1.0000
0x714953ee81a9e36415b704ee690612bf52f6a8f5,0.09,ARB:1.0000
0x7c7523ebe99fddaa201276fc4141c78fd4105d66,0.09,ARB:1.0000
0x84ceb48be4bf8f8f4ea5398d43d1fe7974c6e4bc,0.09,ARB:1.0000
0x8801471b21b4160fc7e4e9dcedd4f608bf71c7be,0.09,ARB:1.0000
0x8b16e4834e2f045900c5308f293d02e7557e017e,0.09,ARB:1.0000
0x93d3758d9633f9c903aec7368c833e4892311963,0.09,ARB:1.0000
0x986b29620237bd4e0a30b62ee4c6401522b6bb91,0.09,ARB:1.0000
0x9c602314759e6c3fcd26a8f5e508e5d536957271,0.09,ARB:1.0000
0x9c8cebb743c6859a2f69f3b98bf259f2d1a72dee,0.09,ARB:1.0000
0x9d103525432953cca483d179dfc9d4a2d163baaa,0.09,ARB:1.0000
0xa755f691eedeff3cb43c993f170dd0c0e02040f4,0.09,ARB:1.0000
0xaf093e0a99cd4437c16b60128c94e89f0a57592d,0.09,ARB:1.0000
0xb60ece4d3b884f8b99dbae14adfae809fbee11a4,0.09,ARB:1.0000
0xc636ec471c8f44c8a5d79c86045aea9f3c4d5bd9,0.09,ARB:1.0000
0xd03e0375a318d32403bbbe147fe2c6cbb020e045,0.09,ARB:1.0000
0xd0b7e41a0ebe3a468b08130b4079538b9fd4f2f8,0.09,ARB:1.0000
0xd452a93b53b53ce2f1b2f94fd58d8c2d3ce4858e,0.09,ARB:1.0000
0xd4a21bd7abe99510d6ab80d4bcec1f492db9a168,0.09,ARB:1.0000
0xd5e24f1400efd98688ed09ecc19f96efaeee91c1,0.09,ARB:1.0000
0xe16066df489608ec0c891eac5fac11673794b00c,0.09,ARB:1.0000
0xe35b6843d610798258ae15c46564d0b8434cd4e1,0.09,ARB:1.0000
0xe6013c2854ac35090b5972040f6fbfd425b0119c,0.09,ARB:1.0000
0xe698f9123660838c19e8f356add94600da1e316b,0.09,ARB:1.0000
0xebd21350e741a87ebde47116bb14af4e7a041057,0.09,ARB:1.0000
0xf8bd80783318b8d26e22eb51d7f6c078872a3026,0.09,ARB:1.0000
0xfce65944c9a42e8303841439bf8446bb80aeb9a2,0.09,ARB:1.0000
0xfec6d684fde28eb720ed339c305668b73ee0b60e,0.09,ARB:1.0000
0x3db168233b5bf133c8167df5a7801741239732a9,0.09,ARB:1.0000
0x24eb2b4fc564865278c683298b6fcab615017091,0.09,ARB:1.0000
0x1780646e69ccb4a852e8fd6b04cec9eb09b58207,0.09,ARB:0.9997
0x6acacf9e47a6dfbd53bc1b076f2a6be0a09e6499,0.09,ARB:0.9997
0xfeea6b9796c1f39064db8a2f20dd8b169f4d2110,0.09,USDT:0.0907
0xe23a23052db3cf01baacc72e4b7f9fdf7a7fea42,0.09,ARB:0.9985
0xce3b0d5cf1b71ea168b445bca674c273c24dbfc8,0.09,USDC.e:0.0906
0xb61acc4aa30a72a04862a030e676cf59585f4067,0.09,USDT:0.0906
0x0ceb768fe9e793f502b580e906b73079a5198704,0.09,USDT:0.0905
0x5bf525b103a6d61b83beef16676fccd1e448da6e,0.09,USDT:0.0905
0x4e6f273b9b59adc1c115b877a34a5e17a5425d7c,0.09,ARB:0.9951
0xef3b62fcffc159767faabfa51cab56e076c2622d,0.09,USDC.e:0.0904
0x051229a1053f5b5910dad5353f8980d4a1e840a7,0.09,USDC:0.0903
0xf3b65b3bcc086ab6fd2636df04ec367449ec8b8d,0.09,USDT:0.0902
0x7969e3ac648a88665f39bd64f574d8fb8b6a857d,0.09,USDC:0.0900
0x813eecea69f2f701c878148d0623e2e88c88392a,0.09,USDC:0.0900
0xcc19c7ed3efee58dfb67484163bfa8bf6610fb6d,0.09,DAI:0.0900
0xbc463645947d0266823fa4de41a1c16813f3734f,0.09,ARB:0.9910
0x6a9e208f2dac6578013b3861a5892fb43e025002,0.09,DAI:0.0900
0x680e076fc448c5a05a9f514aa78eb86a70236f8f,0.09,USDC.e:0.0900
0xf14023db16cd67b1cabb58a00a5e245238065966,0.09,USDC.e:0.0900
0x268dbd0382eafdd3d6c8d3c1cf8bc640cea05d90,0.09,ARB:0.9907
0x0df840f484dcbe1ace5e50026c373a8607037af7,0.09,ARB:0.9900
0x14489301dff5aefb38c8a9337bdd71c5326bdc95,0.09,ARB:0.9900
0x160f4759b6e4dff29edce40447de0e3f3893a08a,0.09,ARB:0.9900
0x2b002ca3b36c28f88c6e92a90164957c64fa4cf6,0.09,ARB:0.9900
0x58f55938d928ebc35fd87960e8a45618f21758cd,0.09,ARB:0.9900
0x8ed624f6594c3f5764f2f415262352ca812851ba,0.09,ARB:0.9900
0x08176b362034b67ee8735bdd7126d5222d7c6638,0.09,wstETH:0.0000
0xc917702fb825bb5910ca4e894689a4da5548ef4c,0.09,USDT:0.0899
0xf95c940f4aa347dda45e0fce400f40cb02137f59,0.09,USDC.e:0.0898
0xa3a89931799ba449a7bd1658efd9c8662dd22bca,0.09,ARB:0.9885
0x07c5e8aa3f0365c58251bbafa8279e37a6af6a83,0.09,USDC:0.0894
0xbdc318a5ebaffeee504d8b1b8d727cd06836c32c,0.09,DAI:0.0893
0xf4bedc8d0b3c8754923615921dcf6a6b730b9ca1,0.09,USDC:0.0893
0xe7595eafc8ded5d7c50b74c0735e19c406dc0877,0.09,ARB:0.9833
0x68e8e0cb27d3532cf2c600145e8002f6ff039d79,0.09,USDC:0.0893
0xb1f1533811c42492f43bf63218fc4e73668a5ba2,0.09,USDC.e:0.0892
0x214150cd1647db9409131171ed1020a484cacfd8,0.09,USDC.e:0.0892
0x1dda27a5de6c4305065c82ada471af0b1c828a15,0.09,ARB:0.9819
0x153d6b12505e4c065fa6881d006a9f2629e2cc00,0.09,ARB:0.9813
0x5b3da919c58bf082e0a34860191f756e1a4629b0,0.09,USDC:0.0890
0xe62a093360414a9f5110f33d5a54b02519ac69e2,0.09,USDC:0.0890
0x4d8b00231f526333d951c31bc7ec681bcf928d36,0.09,ARB:0.9800
0x85b0ef8c3ee5c3dc27f914f15425a5dac4e52e13,0.09,ARB:0.9800
0xaac34cf759be23c9636c0703d1168e6aa488294a,0.09,ARB:0.9800
0x5567e3ef2dc94c51650985e4182fd35552004515,0.09,ARB:0.9799
0xbdc5f12295762db42776b7c3a27853fbc074d6c6,0.09,USDC.e:0.0890
0xd51ee87fb787224f746f095c45eb37a8dea760e1,0.09,DAI:0.0889
0x176d95c86c1e73210489355fc3934bbdce2cef23,0.09,ARB:0.9790
0xb9077e780e16412e9aa5a483a1fc7624b14d6d3e,0.09,USDT:0.0889
0x8c19df915d0d0c94aeba54524558f6f0dde92b3d,0.09,ARB:0.9787
0x81b3bf1cdfc8a0f14cb2351eaa03d95cf72e2206,0.09,ARB:0.9780
0xecc9abdb689259d8e2b1c5b6b489030ced057876,0.09,ARB:0.9780
0x28b08f4ec775283cda126d325368fa31beb6c497,0.09,ARB:0.9776
0xc2b9643ce66b1ad3d6d3369434df520a591fbbd0,0.09,DAI:0.0888
0x4a0d98cebe036e56adf9033a805d612fa64ea805,0.09,ARB:0.9768
0x599f8aef7fbfe242eaa84c8c13922afb91b70f08,0.09,ARB:0.9754
0xd4292de687c16a5984e5ea80e5ae4d47dc4165a8,0.09,USDC:0.0885
0x1cfe93401ad9061b2687215ed7dc2cff9d34d02f,0.09,ARB:0.9739
0xfbbc67402f1c0d71e3f3136928a38dbc131e5e79,0.09,USDC:0.0883
0x9c1d152cc101a68226c7de4d502f52ba0d76dc75,0.09,USDC:0.0883
0x2948174a292a8b2dae23cebc4e0a3eac923ba66f,0.09,ARB:0.9709
0x28bdd7b78ee05361abcda75e76178c3f03f8d948,0.09,ARB:0.9700
0xb9ad5fbe3dad72de439f15db432edd527ba85f8c,0.09,ARB:0.9695
0x90bdef341affa71e07c208be8cc4cf55f94720b5,0.09,ARB:0.9680
0x846ebce201826c7ef3bfd5702401b53fd9779860,0.09,ARB:0.9677
0xd3bc3fe1d2be7cb8169b57ccba4be5a3ef228ded,0.09,USDC:0.0879
0x1eab32ab87407fed9dd38546530a88117080b04b,0.09,USDC.e:0.0876
0xdef78d801b4d9cb17e344e370aa5bf6ac9286db0,0.09,ARB:0.9640
0x4d5386fdf1c3a1705ff4112e6b23e56268319dd5,0.09,USDT:0.0875
0x46f259cc5501b5e7d5ff3b9682796f04b60c6204,0.09,USDC:0.0872
0xcfe4d63e1fa30ca7a1e3fd0fb8b4815fe9816747,0.09,ARB:0.9600
0xd5d01dbcd88be9a86c93b6d65a6f368de236ae33,0.09,USDC:0.0002;ARB:0.9552
0xe8560fa7b864d69a4d5a81e58116088773ff8767,0.09,USDT:0.0714;ARB:0.1716
0xaeaa373b82a174967d1e253b5310ef6f3cd58ea5,0.09,USDT:0.0869
0xbb8164112d9051510877b889f0c6b922a8aa69c2,0.09,ARB:0.9564
0xb1df2d8e639703f6d71f4881801709f9778f84fd,0.09,USDC:0.0868
0x9cb98de47f60f10e9840dbdc0a09e8632ad920d7,0.09,USDT:0.0096;USDC.e:0.0772
0xd787982b44f1db35b19b9e44eb7a8507ee15974f,0.09,ARB:0.9537
0x20355b44f80dfb4e22ca6e27ad297ec1e3230666,0.09,USDC.e:0.0866
0xa096f43b071b723ca49a334390fdc1ffc966a1f3,0.09,ARB:0.9526
0x8b542bf6afd4f8a6ee3bfc93a543e58ef51af306,0.09,ARB:0.9520
0xc210e83b62fa41c13038087f03339ea741a198dc,0.09,ARB:0.9514
0x98c00c7c384f3e61dacd4cff188c36b1269a0558,0.09,USDC:0.0863
0xf1e8c709754ddf2ed4a489aa94545efcd6418232,0.09,USDT:0.0863
0xcb29a7a5a531c27315a1f9e362d2f44800d55e04,0.09,ARB:0.9499
0x5eadf103172407373f2d7c61e26d9262954cd9de,0.09,ARB:0.9498
0xc234bdc7fcbb2e1845f08c73e51085d80869f84a,0.09,USDC:0.0863
0x947d58e43b81080a358fc72f397fb1bcf1709471,0.09,weETH:0.0000
0x529348de3f42c1f153c97c178a212ca9268e609e,0.09,ARB:0.9474
0xbab0e5e6f74cc9c1ee4cd1aa344a1c45f6e8581b,0.09,DAI:0.0860
0xeac951393aaacb2690d1e7a16d075560f8181ec6,0.09,USDC.e:0.0859
0xc3b1a652e37348ed2074abb6deb475fe45027a4f,0.09,USDC.e:0.0856
0xd3043dc6b2672d1b0cc48d95e5f326186b3c76dd,0.09,USDC.e:0.0855
0xd529c33b45bf7b1f0c1968e5daea11f93e7dc4ff,0.09,USDC:0.0854
0xdfa05f1a8c8b5a8dbf27588cfb747b5fd3c967f3,0.09,ARB:0.9397
0xd45b9beb40fb419402cca3028730fac98fa83647,0.09,USDC.e:0.0853
0x3f9df9b5f8dcf6210c99c41406e60ce7215a9d79,0.09,ARB:0.9388
0xbff2e34184608dd4f3cd92178b13fd60ff76d21b,0.09,USDC:0.0851
0x6adbddcf2f4c0e8a34d3ae80362a54ed27b50194,0.08,USDT:0.0023;USDC.e:0.0826
0xe83814c8ac47e52c034e85f71c811fd8f387fbdd,0.08,USDC.e:0.0848
0x048dbb3b6eb6be345ecc0a22c90e7a8c55f1fbe7,0.08,ARB:0.9322
0x768f4d8c7d1cfd1cb7252301f3e740c5f8eee9df,0.08,USDC:0.0155;USDC.e:0.0692
0x7cdd038cb5c2b8616d5db89e1f0bf4564a4aa122,0.08,USDC:0.0846
0x0a46dbbbe111efcb20c3c4a375c87e5f9fa4cc8d,0.08,ARB:0.9306
0x4cc85a02da5e4c7f94dcd9a681c7aa41b36cd4c1,0.08,ARB:0.9300
0x13700d7e8d2ecf4009f9d02de5df0abe5131115f,0.08,ARB:0.9296
0x1c37e98c0f9e36be11c50d803cd3069defe212b8,0.08,ARB:0.9256
0x22e1e3d9f365a83d49cb4a4b09c50a01dad1ebf9,0.08,DAI:0.0838
0x52786fedcae7981fb1880a81b1db8cfc5a5db7e0,0.08,USDC.e:0.0837
0x6e4211efa2c0f07b58e4f3bde264994e4fe03cdc,0.08,ARB:0.9200
0xed8b07d3c4c9f1a391ecb61acab6fa17e9d1d610,0.08,USDT:0.0836
0xbb4fc0f88fd64089a8d38ae2aaf7239080183985,0.08,ARB:0.9198
0x3c3e51a7dc6a21597387216021d4d3528860ce97,0.08,USDT:0.0835
0x5bd423d2f7b857442adc9ec422df3dcdf7d970df,0.08,DAI:0.0833
0x12679a3458743746152ac6905069119fb2afa3d1,0.08,USDC:0.0832
0x29b5274fa4ee4aedf97c7d44a7893fe7b7ec12d7,0.08,USDC:0.0829
0xbc7ec38c135738610b180051791465647c9d3f25,0.08,USDC:0.0828
0x8eb7bd1005dbee365191bc7cc786892879bea002,0.08,USDC:0.0827
0x9bc499a9f863eba53f815c78934a3450ee606e0c,0.08,USDC:0.0426;ARB:0.4423
0xea2db65095eca6976eb46775effe8975e55822db,0.08,ARB:0.9100
0x404490e9bbeadbcb7a9361864782560620281313,0.08,USDC:0.0826
0xf7620fe5b1a5c9910d5b9184899e8935e09ff223,0.08,ARB:0.9090
0x172b6e023c25a1962129177f18d5b5dce441e8e6,0.08,ARB:0.9083
0x9f12135018cd148ab71765b95443bc5dc1e0dde2,0.08,ARB:0.9065
0x02ebc931f923eb460df5dbae4d11e1d7bdefb947,0.08,USDT:0.0821
0xaedaa81bf453e2e2bfb50ddbf629ae55c6f21437,0.08,USDT:0.0821
0xc6c9a6bee8220b0060cc165eadc47b2fc090799d,0.08,USDT:0.0024;USDC.e:0.0797
0xdcf71d47403cd810509c4167bd0f1138658bfc36,0.08,DAI:0.0820
0xb7197c80bf6d220f0bffc7f89ccb1cab1b444f90,0.08,DAI:0.0820
0xe314038e5742749e3c13b9e0a251fdbbd396db7e,0.08,USDC:0.0819
0xe04facbefac754636c59be39d40bdf95d5011250,0.08,ARB:0.9007
0x0a310c76f61dc3ace5c1f14291c51c9ef123f823,0.08,ARB:0.9000
0x1ad89d4492f440288ef6837ba0223e4d346292b9,0.08,ARB:0.9000
0x1f7b9e8943d3d9ff1cf27ccb75a54a520997dace,0.08,ARB:0.9000
0x2bb477ab9361d014180f5863674e9c26cbe84c5d,0.08,ARB:0.9000
0x3be41be04d559cebf93af8d657c5484fa1521861,0.08,ARB:0.9000
0x446386c4152618254286bd3b6fee38f18b1fe537,0.08,ARB:0.9000
0x480c409504f2f7f28592cb5a2bf40e663311780f,0.08,ARB:0.9000
0x4d096cecd7eb7c1b228220c1ce7352e9b66e22a3,0.08,ARB:0.9000
0x7a552a74d58868def7c55e688e2c5515a4cdfa29,0.08,ARB:0.9000
0xb60fe07a512fa3a99f1be02f7082bfa46af6c8d4,0.08,ARB:0.9000
0xb62b35a44764a4e7d7caabc7c4d813717a2c724a,0.08,ARB:0.9000
0xbbf646cd1f09a4299db98d9ebc41d8e11d893a21,0.08,ARB:0.9000
0xc5c6eba5efc9e69264ca72593500ddb29e0188a1,0.08,ARB:0.9000
0xca043b1e64cbfd3224ce64a28d6c31f53cb8c5d1,0.08,ARB:0.9000
0xeafbf597fee68e00bdb06800188972ee07f08be4,0.08,ARB:0.9000
0x449833c57904f9d88cd3c26932060a329b93fe94,0.08,USDC:0.0817
0x06636d704f704ff633e0c1789bc5b7a5ae4f77ba,0.08,USDC:0.0817
0xca60e4c8f7835d49602bec96a3643a7735f17e24,0.08,ARB:0.8980
0x15b56359a31b7a7dd51da0de9315142da3b0c4a5,0.08,USDT:0.0816
0x6565fe551c06757f6b540242a41bbef696a3852c,0.08,ARB:0.8979
0x49e1d7e2d615d11d13f56dea28ce538edc28c218,0.08,USDC:0.0815
0xd56bb44d15c7a31f1048228294634581918023a8,0.08,USDC:0.0813
0x6f269b34b0e8f347ef74fe0b6c3aa71142a313d2,0.08,USDT:0.0813
0x03628659a47a1b81fb79e12468178314d921d3e6,0.08,USDC.e:0.0812
0x461468dda58a2ae3e2e00a3936096ce0f8bad7a5,0.08,ARB:0.8925
0x9dd7f8396789d459c3d3a560f264b2ba8ee03cb5,0.08,USDC:0.0807
0xcb7958ddf673aa8f21614346d3e1c46182a9454d,0.08,USDC:0.0807
0x311e49cff57111a7fe2e6d7bdd03874dafa2efac,0.08,USDC:0.0807
0x830013de5611e20e687226e4660a197febc06ade,0.08,USDC:0.0806
0xa40ac00dd5dedf94b0c8dad1a06cc3936315b8aa,0.08,USDC:0.0806
0x5ba83ec1c376367672ce355caffc2e1827efc592,0.08,USDC.e:0.0805
0x5495d2c88ca40b5177a48101c8a825349b7a4b00,0.08,ARB:0.8845
0x171b9ec9a9a114a1fb0bbf67d7131fad33151648,0.08,USDC:0.0803
0x356332de34fde6d72b6668402e2c632002308b63,0.08,DAI:0.0802
0xa2ac702793a80e08e33064d3947c51d92988feeb,0.08,USDC:0.0801
0x89cfa0124421aa67a832071d65c98a0e872df924,0.08,USDT:0.0801
0x3a027cf559102b4916d0a1af50634dcc873b2607,0.08,USDC:0.0800
0xf50679fceee694f11c037517e4720df0056d34dc,0.08,USDC:0.0800
0xf6213722700716a081dd185566602e97f347e482,0.08,USDC.e:0.0800
0x752c32900fa321b21d937ad21267e31863fcfdc6,0.08,USDT:0.0800
0xc3bd826d80c61a7f554d10bec83655084a0f038c,0.08,USDC:0.0799
0x6e8556ad18942aa8bd7be15a58dc5be0fd60b25b,0.08,ARB:0.8802
0xa5466656fd20759050d0425f38f7d330c333716e,0.08,USDC:0.0799
0x1e458bb0600dd034073295ac0da3b30968b1a024,0.08,ARB:0.8799
0xc7ae41e657866f94fb93b49724a0a686778f0972,0.08,ARB:0.8797
0x618ea08a4eae67e837ddbb3ac6e14df3e2bd073c,0.08,ARB:0.8796
0x4618128efab1b6ed37a46c490d4ed3a73a5866f1,0.08,DAI:0.0798
0x3989242c1d1fe5d650a17a041c4a277fed777d6d,0.08,USDC.e:0.0797
0x207cd2fad876fb8099084d38a63bad73063eab9c,0.08,DAI:0.0796
0x3819f27ed0bcc972848b02d31cc027dac4eebaf4,0.08,USDC:0.0793
0xbda03341dc7ea1f085a46b9497fff3279688e047,0.08,DAI:0.0793
0x156e35572db6dc6fdf0111a7d4ba36c56892e668,0.08,USDC:0.0792
0xc749257bf1f1fb8b16978f3d5f77e5fe6c3d02b4,0.08,USDT:0.0792
0xadb3a666accef23b14a74fe4202ecdaac062441f,0.08,USDT:0.0791
0x35b33c1e31d6e785a48d0c276fba373524a1734d,0.08,USDC:0.0790
0x221fef0f094fdf4f7c4fd06ee9546a20bc13d114,0.08,USDC.e:0.0790
0xc4c07c7e3a0a63f9045d3b780383ec068f2192c5,0.08,USDT:0.0789
0x17427e8a08388d16fd965cb0b843c3b215e2e02c,0.08,USDC:0.0789
0xd5479ea862901ed1df45c9a953fef89cf9e56a73,0.08,USDC:0.0788
0xa58487a9cf1c10c1d4427602eb259be4203b3833,0.08,USDC.e:0.0788
0xdf797ceda17903e956f196fb815d7abe52462c5f,0.08,USDC:0.0786
0x93bd469a9fdbaceb48895e952ac072a093c4c73d,0.08,USDC:0.0786
0xdaabbb932725cc1b3ca487ee174b59cbd6b0ec98,0.08,USDC.e:0.0786
0xd19240a765204b33f79339510fe8955b0d995fb8,0.08,ARB:0.8650
0x7a89fb7bf3d346da0ae8abbb4e1a65e8e6a7df12,0.08,USDT:0.0786
0x766b6f21ed928c9de33eaa9658e6d73cb49341c2,0.08,USDC:0.0785
0x57ff785f3fb74e690d6ba8f09075411896c35eb9,0.08,USDC.e:0.0784
0x441ccf15c3100e2700a2161239bf730e5d215932,0.08,ARB:0.8630
0x962494365215dec09d5a3161f4ae3c5d17569810,0.08,ARB:0.8606
0x102b2e17147cf90a0c3386ff2e4c79c5795af68f,0.08,USDC.e:0.0782
0x007404dacda007a29237891cd44ce9f29a851100,0.08,ARB:0.8598
0x4f381b68f2d380c47a54ac31750347a4d86de31b,0.08,ARB:0.8576
0x945188a5ad11b6e69a49d2eb37a56faa7f9eb29d,0.08,DAI:0.0777
0x283781d6823f4862a34e86ea805c173b081ac04f,0.08,USDC:0.0777
0xdfbf21473dc2d549ecec92b5e1fc26f5e4acfc52,0.08,USDC.e:0.0777
0x03acb5b36cd75fc0174dbdc6376523c150a41e82,0.08,USDC.e:0.0775
0xcae282eceb1dd9ac39cc6a3adfeb2abb2c7205fb,0.08,USDT:0.0775
0x5f2f754645a092c622ab11fa670de47621b72e53,0.08,ARB:0.8529
0x6c0c0bab19ddb6579320553f0c2e7e0515081cb4,0.08,USDC.e:0.0775
0xbfbe845f2197d6f79d3151e5df1bfe648e5b6c38,0.08,ARB:0.8516
0x39c319c8731890496eb80d11d399defbc2c5f183,0.08,USDC.e:0.0771
0x377e59bf88518fbbf9db7159b95928ccba60f8ff,0.08,ARB:0.8466
0xc2c091056d3f42861076a92e2913c9e420c63143,0.08,USDT:0.0767
0xdf7ee36fc074fe97a8c144e3fadbc2ca1bd12a11,0.08,WBTC:0.0000
0xc5150ee35bbd51f9b1a6ee0d7a0a6f9bd8e96e75,0.08,ARB:0.6222;WBTC:0.0000
0xd3b27f520367da2d10f2187eedb4efc8445879ad,0.08,USDC:0.0764
0xc308381e2574570bb7e3ee503ad6fce1b67daba2,0.08,DAI:0.0763
0x53d1bc950cd3fa14d6d8f2af10dc17afb8435d25,0.08,USDC:0.0760
0x01d96ce649a8c111dfadd33cea5e980d6bacd8e5,0.08,USDC.e:0.0759
0xfce33bc153ee86da6e49cd80ed3e319537c1007a,0.08,ARB:0.8347
0x1b438ba4b9e865b5553c34dc0c0bc35d5eb7c842,0.08,ARB:0.8333
0x2b8861452450632b8b1063974983a67887ffaac6,0.08,ARB:0.8333
0x671bbeee5bb6ad9c304bf16122ed77ac5a2e91a9,0.08,ARB:0.8328
0xba9a69b06a7f0fa965d73aff6be5cfa0eeae3777,0.08,USDC:0.0756
0x84f649163518016d99ac9d8997d377a4d7ec3af8,0.08,ARB:0.8306
0x09eef7a62922d20d1549cc31e70a24b1e9aceeff,0.08,DAI:0.0753
0x9b6d050e6176726ce5ba88a3b5a2cce7059a8c33,0.08,USDC:0.0752
0xb7519a3ba03d9b73b09dae21a3b60cb4c4a529d7,0.08,ARB:0.8278
0x37d1ef2d2af0a5d6a12789e074e25050a7edc7cf,0.08,USDC:0.0751
0x98411807ee5afd7c56b424a101dfa2681ba9a92d,0.08,DAI:0.0751
0x66ac408387032adbc3c8cb7e58a146e39f033f23,0.07,ARB:0.8257
0xc94355a482ee50178add8487ad54fecf817fd05d,0.07,DAI:0.0750
0x71e05e3b55f884567be31c8e32c6d2f03a1986bb,0.07,USDC:0.0750
0xfb1a41899db90dd0728f16018c76f608c068f3b5,0.07,DAI:0.0749
0x789c34c64520ce4927c69c118295327e28d6d6ee,0.07,USDT:0.0749
0xd344b67d774456fb1eb90b89a074147a55b26c49,0.07,USDC.e:0.0747
0x4e470efb10197d49e90d3bf2acc2d12e5ff129b1,0.07,ARB:0.8213
0xb0250cad685ec3b005d7d2f5fb2d2be7a322a276,0.07,USDC:0.0746
0xe650a1453f8a2407561807690723734fbb109a49,0.07,DAI:0.0745
0x50c5073c0b5edf9b7daa2a72b5e331735bd16bd2,0.07,USDC.e:0.0743
0xb8e793a0ef464ac45ee0b2142b93f122d81f3e4e,0.07,USDC:0.0742
0xd912ece0c5e4f2625e89618e645ec718ce187e6b,0.07,USDC:0.0738
0x2f55b2b9449b88c900b26c7329f6698a5fb93c84,0.07,USDC:0.0738
0xea1c502513c8de1623c928f308d829c6bd1f9cb7,0.07,USDC:0.0737
0x46ce909197ab170e28d1ee2397386a98cca6e5bf,0.07,USDT:0.0737
0x991cbbe17fa50f11a840070fb9103c039c25efc1,0.07,USDC.e:0.0737
0x9a26570647f748fb3ae306264b17a3d3ee540295,0.07,USDC:0.0736
0xfd803e7a20fd11f85b11eebf98adb5c19ace9860,0.07,USDC:0.0736
0x613d7a8f4fbbefb1bc60107e650589a737ee914b,0.07,USDT:0.0736
0xb3d79fb56c87f1d0d70a3f0157cee32b3558bed8,0.07,USDC:0.0735
0x5940d9f0759a196ac091d2e9581d01baab5bfcf2,0.07,USDC:0.0734
0xf9321b4ad62d74edfd95d20df40a36174aea19f8,0.07,DAI:0.0733
0xee6481d9d6a280942f23008c03f38db4bbbb71bd,0.07,ARB:0.8066
0xfc589386adb7e00f71787e2b9d1e27e0cbf0fc26,0.07,ARB:0.8056
0xf03f1e15b6cc0e6d4f68a0c406bf6b24de69b9d0,0.07,ARB:0.8047
0xf4d7a0f0897f30a3e51d5180418a9c8106a0a558,0.07,USDT:0.0731
0xf33818edafc0803beaa2a8ae829be38a2bb06f23,0.07,USDC:0.0729
0x4c2001b65291f7c30efbab9030c3026a9d6201be,0.07,ARB:0.8033
0x5d505e902e691482227a5cc7b9bc3b7036b70ef2,0.07,WBTC:0.0000
0xb24ba1ac20692c8d18bdc81446cc70aa0dd6f99e,0.07,WBTC:0.0000
0x2fa8a3c2de3f714cc4e250ae98d0e19a8a8185f4,0.07,ARB:0.8008
0x79748bfc42a567c58682add44a072f8900a84998,0.07,USDT:0.0727
0x04743c2abf73ebf009c03dd7e44beede62abdb01,0.07,ARB:0.8000
0x04c82e598241d2998493c9d7e773cc9554892d84,0.07,ARB:0.8000
0x142769f06e9ed0fa58bdee540be49014fe0c9c7d,0.07,ARB:0.8000
0x323f68e34c0e2afb34831754f3476ccb6ff6e999,0.07,ARB:0.8000
0x3a9501ac05451fed9ab2797f01eec2931b41f8f5,0.07,ARB:0.8000
0x3e74bfcece045907f1391bf3142c015b3095b51d,0.07,ARB:0.8000
0x5071510f73476251f7b7441fb347b83bc3766cd4,0.07,ARB:0.8000
0x58e82af57512405e85a8ff66cceebd617366ac9b,0.07,ARB:0.8000
0x613e0224cb1fff43113e64dad42cfedd7f4e2686,0.07,ARB:0.8000
0xe27fa00c608131c91126976402850eba6e801ef5,0.07,ARB:0.8000
0xf7490be6f5c90ecbd0d0d90acb5e22df1664bb7f,0.07,ARB:0.8000
0xfee28a5d80ab06e13d182f2373c87063a10ad02a,0.07,ARB:0.8000
0x2ebc438d28026d4ed156115b82da7b6463cbf7f2,0.07,ARB:0.7997
0x6ce747d21e72a1f02113c60c831a01151b31b033,0.07,USDC:0.0726
0xaa8296df99cef2a09efaf65e9a99cd4c06ad8d31,0.07,USDC:0.0725
0x245f82b97bf170ef88d9053030aff73933917432,0.07,USDC:0.0724
0x927ea90fc2775d8ef8aad38ea5f77c484ec0c1c0,0.07,ARB:0.7954
0x50a5942255320acc32ef49892a90afd31fae5d0c,0.07,WBTC:0.0000
0x89a430ec8a98274c52169225fe2c5d5c509a495a,0.07,USDC.e:0.0721
0x8ab4e6a5db48a154b8b718c416113dc73193142e,0.07,USDT:0.0720
0xd0d463276cb6451de803eb21e8ddbe9c284333c0,0.07,USDT:0.0719
0x70d9f49acff9cfc5922e27d5873cd66b91051b4d,0.07,USDC:0.0719
0x07fa3db26c2606dac6e619540eeb28baa3de30e5,0.07,ARB:0.7915
0x1d2fba128d6b0645e4659a9722c6888bf47463e0,0.07,USDC:0.0718
0xaae78da306aa8bc234210a3461f5fe3f92f778cb,0.07,ARB:0.7891
0xed9df094102c1d34d2bfb2ed448494a3f0f09f08,0.07,USDC:0.0714
0x7082615bd40e1b605b35540345898804fe31080c,0.07,USDT:0.0714
0xf7512c9ce28e95e8b6bc70784c52ed67e7985668,0.07,DAI:0.0713
0x4a0c71e7fe97205976a8df87e30ef1fb6db84290,0.07,wstETH:0.0000
0x4f73d70b7efa746312e11cf08f3935e32b27b6bc,0.07,ARB:0.7831
0x301936160b8b294cad30f632a9821c65d0f8ac2d,0.07,ARB:0.7829
0x316b04ddc21f93947088ab0459a45d1b0b514591,0.07,USDC.e:0.0710
0x445f9cdd0aeaa5a1d992dc2c9ba3892546e0ea07,0.07,USDT:0.0710
0x02b74c46de80b3f52469c464a4bb6715a8dfb24c,0.07,USDC.e:0.0710
0x52d5b1fa9722770664048a6ea3d8d5342538a0aa,0.07,USDT:0.0710
0x7e77f148e69b06079fe7f608ded23b34164ff818,0.07,USDC.e:0.0710
0x7c93871c8e635a8ebc41f0e44537c7efe9d802d9,0.07,USDT:0.0312;USDC.e:0.0397
0x038d7bd0d4d02cfc53ef0d20ea7c7a58c6370c7c,0.07,USDC:0.0102;USDC.e:0.0607
0xcf309409bb55b07c52252bfc19799603ee7e1e27,0.07,USDT:0.0709
0xa7231130b02d2cd7ebe9de50ce3ad8147cb8d0c0,0.07,ARB:0.7800
0x45e5c7a93ac4cbd5c8c7636d09f857fee47a88ee,0.07,ARB:0.7800
0x20432a283318c7e90b5a1c322ce179f463d52a49,0.07,ARB:0.7798
0xf80c0753036c2d3ac7759389f80af3ed3612c569,0.07,ARB:0.7782
0xd020628c02d25e8a73e62238cb6c70cdd505ea77,0.07,USDT:0.0706
0x607382ffa86059f1ac5e92830426f0df85151e58,0.07,ARB:0.7770
0x51310d1ce24de3c65f9086d11b9cae5bb8178c3b,0.07,ARB:0.7754
0x578117d11f4b5dac1d463fccf08803890bd8b706,0.07,ARB:0.7750
0x8db9c797d5257a1793a72530abd7e9540fdad29f,0.07,USDC:0.0703
0x155ee3c59e70511abd29eda847e0c0784162daa2,0.07,ARB:0.7730
0x35c8e7145fc7c119de7b0f5d37511f288ed8ad96,0.07,DAI:0.0702
0x282774928773ad50e0dd716266e8a501208a598b,0.07,USDC:0.0700
0x3374af09950ad2f02524f2edec52ecd62846c508,0.07,USDC.e:0.0700
0x2b4aac20893c8c04090d9a5f054651aa770a1d66,0.07,USDT:0.0700
0xe919f941a0230089d7e410edb30507fe7c92f619,0.07,USDT:0.0700
0x8839995329a0d1fc2ecb3874558dd6e781b4c850,0.07,USDC:0.0699
0x9c2cccdc1ea70dc32e64b6a2356d4b22c2d91940,0.07,ARB:0.7682
0x8fc642d66492c830da43d95da7fe3f027f4f3246,0.07,ARB:0.7676
0x7fbb11440240185e44ea5c2cc99711f2b9760403,0.07,USDC:0.0697
0x9223c57c7405c7345f8cd7fe8037365a7c5ccde3,0.07,USDC:0.0696
0x5e8e40cc5861caebc75fa470a48752f157a28024,0.07,USDC.e:0.0696
0x4ed966d47badf3bb8ae8a80718eefb316a9616a4,0.07,USDC:0.0695
0xbef73a678cb29ba804274d6f6e18258ed2679fdd,0.07,USDC:0.0695
0x4099a40b9be882463e2c6863c3e7e9ebbed3ad05,0.07,USDT:0.0693
0x06f47b9f103d435ed6042a1dae64ff5d9800d49b,0.07,USDC:0.0693
0x0d9311c069897cb83f6aa0d0be5779751f85c178,0.07,USDC.e:0.0692
0x73b0cfab78176f00072f6942d8e1d64f47f38972,0.07,USDC.e:0.0692
0xab0444d378babe7c59de96b6d9b5e04a62259bc3,0.07,ARB:0.7617
0xbda307d9f63f120d7a1b32ded7412dc598cba54a,0.07,USDT:0.0690
0xe647026eb65737dbb6b5fcf650461e0b044ca59a,0.07,ARB:0.7586
0x2df67384202c2fa1a3f1eeea1818d0d07df07371,0.07,ARB:0.7582
0xfb6144865678d4d6b5d89f96e80c5ada82a85c63,0.07,ARB:0.7582
0x67f92017f0baba4ea174aa00865f11550b52cf63,0.07,USDC.e:0.0688
0x8200b62cb6fd42ace6d42c687c33d9b7784b6f43,0.07,USDC.e:0.0688
0xe288849d0252532d59a9f8158ca968113d94a2a3,0.07,ARB:0.7558
0x06c922ab286196b558a0ef8dabd99e2b98bd4166,0.07,ARB:0.7548
0x7dc08b1ebb3da92af25634081cb6f223e15f2fa8,0.07,USDT:0.0685
0xba4225312ba8c9444d0b3d0c0288a35c7727d12d,0.07,USDC:0.0682
0xf412b1c5c566d760c44cdaf2b31f650dc5235f50,0.07,USDC:0.0681
0x226d69584fe9818f5a408bae0171fbc1a5f1d514,0.07,USDC:0.0679
0x07432a6bf030142d769d2126a29cbe528f7815c3,0.07,USDC:0.0678
0x52d6db1399ccbce9a74c86aa3591429091777c9c,0.07,USDC:0.0678
0x7375069e8c597e8806f74479efec94f6f472e9ef,0.07,DAI:0.0678
0x4569972aa0c242f5f280489f3dfdf8a31eb03644,0.07,USDT:0.0677
0xf94058fd2148494cab0eec4a02d907ae32ed202c,0.07,USDC:0.0677
0x935278a04f92cad74c047ca74f4969c4e4140cf7,0.07,DAI:0.0675
0xb872733cc9834a87bd1f56ba6de75c456a7c43c6,0.07,USDC.e:0.0675
0xec8b633f4d5ec767c231f01dd77ebaeb3d2381fe,0.07,USDT:0.0674
0xdd24f95395ddf0b1d435a2c012da0698702e4b85,0.07,ARB:0.7416
0x849f97b6da7593f84f48c1655deaf192ceea62e8,0.07,ARB:0.7402
0xf224d5922189be1aef2e68b65c36434062030924,0.07,ARB:0.7390
0xb3305202d13c59da248134374c1a686d6b93e3ef,0.07,USDC:0.0668
0x7b1596cb484b953d4322b69c9c2af6ddaa9d89bf,0.07,USDC:0.0668
0x4f012cf54cd2b94790d9e6ab3b4fdcbacdea05ca,0.07,ARB:0.7319
0x36d8a6b2073081685ae5807e8810416b96f2e92e,0.07,USDC:0.0664
0x8fd789c80296e3cff5e8af033838dc70fe93d4fe,0.07,DAI:0.0664
0xcb95cd43a34db244ee58eceed49c1930ad2d3cd5,0.07,USDC:0.0661
0x71c6aec5d02a573df7f77a22053d047de859cc11,0.07,ARB:0.7275
0x94348d08d0e2b20f761df7fdfa4d13c216a9381a,0.07,ARB:0.7273
0x441b081f8ae4dc34503ecf917671b7154563a722,0.07,ARB:0.7265
0x6c4fa82fb2e7a11042281c3715c7b05131a32d21,0.07,USDC.e:0.0660
0x7a3ceb9db5cc85ceab1c2c4e5e0e1e095654ca0a,0.07,ARB:0.7261
0x9cd8119272fbcecb1f9b7e1f1cb50f18edee428e,0.07,USDC:0.0658
0x854093ca0e8a6f28bf01a36daf3ead93963bc392,0.07,USDT:0.0657
0x3f3370fd9bdf4e50594cb94e35cc8d37a07feb62,0.07,ARB:0.7237
0xc81490e441163a3a8554711b321d262e0c9c1292,0.07,USDC:0.0657
0x9cd7fa33c3ea96cb877d63aaf1029f884048578b,0.07,DAI:0.0655
0x94dc0b13e66aba9450b3cc44c2643bbb4c264bc7,0.07,WBTC:0.0000
0x1a30254019b2dfbc7dd54b651458482b9451e821,0.07,ARB:0.7213
0xfdc0b89463170e2d20675d63be46efdf013dacfa,0.07,USDT:0.0655
0x1ba9d496582a44086eee4855ade0a7105b86abcf,0.07,USDC:0.0653
0x7fb3933a47d20ab591d4f136e36865576c6f305c,0.06,WBTC:0.0000
0xcd8f9dface51458a1e0b5a722655c43ca3c2ace1,0.06,wstETH:0.0000
0x73ea233a42cb537a5534e9fb07983fdbb84820fa,0.06,ARB:0.7090
0x8ad5fcc856054303e4f2b9b255184d5105a66e78,0.06,USDT:0.0644
0x35d65b520981f67b1608874280db31c56ee9bbc6,0.06,ARB:0.7079
0x7044ad505e443e0e83fdcd1d8531aa631cd2aceb,0.06,USDC.e:0.0641
0xd800e6c419afa29c5d3bc8a141af6162ca40798e,0.06,WBTC:0.0000
0xebe14892bf25879dc8aa770f10f4e928302aea91,0.06,WBTC:0.0000
0x0402abb3950dc173a9a97fd4fbee5b38ec5b75bd,0.06,USDC:0.0640
0x9eb9eb58394522e5b71ed9fff81ce98c1f8d49d1,0.06,USDC:0.0640
0xd65649def2f91c90e06613852749efd3a25b71c9,0.06,ARB:0.7046
0x37ea4ce549dcd54c96f67737bdb31e141845d7a1,0.06,ARB:0.7031
0x2108b8d456812e78c3110f885d369011e0c3b8ba,0.06,USDC:0.0637
0xf516ebd20c70a6650ce79b27ae19991caa37c425,0.06,ARB:0.7009
0x291509c3403655ddc86749491e149dc3b1b16dd3,0.06,USDC:0.0637
0x4d65099f5ce1ff06d62b1a5fa8c724d3647fde58,0.06,USDT:0.0637
0x449bcadb06feeb6d8b67874c558dd864fb7bb944,0.06,USDT:0.0636
0x1ac2f65bae2917a9aabb8aeb64a436adaa01d6b4,0.06,ARB:0.7001
0x47410481b5196fed97b27155dbace4a83129eeb7,0.06,ARB:0.7000
0x8a1fdd9bac2b790f539c28ac235bb9c2749cbec2,0.06,ARB:0.7000
0xb3129a2aa3580db58b02da0c617f94904c16ed70,0.06,ARB:0.7000
0x46e08f69784738d16b67fd3a168163617016a808,0.06,ARB:0.6999
0x40ec75d4c49e37ca098e481331239e3967c71cc5,0.06,USDC:0.0635
0xcef37652b08fdca63ae5006e84015a697ab856c8,0.06,USDC:0.0635
0x989a9274dfad21ce39b1eead7f104911fb104bf5,0.06,USDT:0.0635
0x504d3b10e152cc5b8273fa76e61d1cbc8ac7e444,0.06,USDC.e:0.0635
0xbc910fb7d7d0ac7d76508d0a684dfba783b78940,0.06,USDT:0.0634
0x393c89f496923a4611e96fc006c138c8c85430b3,0.06,DAI:0.0634
0xe75b20cf50e9cde9ff64bc853e213b3c8c9c9108,0.06,ARB:0.6971
0x055a5f825cfaf545f0afec1abff8a5a272fd6b5c,0.06,ARB:0.6969
0x3e8be2721be684215b8cf1e3a7e32893b4b11504,0.06,ARB:0.6963
0xad113582b7c84b7fca660eff32138ede83613bec,0.06,USDC.e:0.0632
0x5ca167381c725c26eb994a436804b46e5efddff4,0.06,USDC.e:0.0632
0x7d63412d6b9aa0b4a1e51954ca50c4823c49fbe8,0.06,USDC.e:0.0631
0x6133b160f97c6a58d0e7ac0d9b78a6c845012a6c,0.06,USDC:0.0631
0x7c27692842e6c068d1cfe4b3b0e2f1180b3d3bc5,0.06,USDT:0.0630
0x20f02d8bd52b4a78d3fb2f5d3b50ef263be36deb,0.06,USDT:0.0630
0x414c1e91099f0a2a343ee33259d76d3f56d1f1c9,0.06,USDT:0.0628
0x022d830172a6b6439394dcfb36761d59e3a41fcf,0.06,ARB:0.6891
0x5b251243d6e770a8b49261014d2b4a04e77c1efc,0.06,USDC:0.0625
0xe0f09e41248bc92bcf0c3adc7595998f3f63eae7,0.06,USDC:0.0624
0x4931568c1cad44fcaed48c8f7c82fdaacf0f8251,0.06,ARB:0.6838
0xae009e3a81054d1ead89097a9c4d9cf1918c817b,0.06,USDT:0.0620
0xed59e3416309aa95f4d7d2830346ff3d642e74d2,0.06,USDT:0.0619
0x01320e3bccda503e8220921167a364d8d03656cb,0.06,USDT:0.0619
0xa7371c0eb0250ce70a16d9c4c552e469702ca2b3,0.06,USDC:0.0618
0x75f2dcdbacffdd9b3ac588d2439eb108ba0336cf,0.06,ARB:0.6805
0xe70586fd3efc2f5975d97cb26245726ace0b8d05,0.06,USDC:0.0618
0xc1c40a690eaf118f88daa71b76043a4812d6dbb3,0.06,ARB:0.6801
0x7b2e999c538ee0778ddffc5bc3491a46dd09baab,0.06,USDC:0.0617
0x6da2f78b941906f2163ef6821218e1b7d8123a6c,0.06,USDT:0.0617
0xc6d5eb99adb72909635ef05b087715353c82648f,0.06,ARB:0.6785
0x9bf0de72ddf2bbf4fc81a7b75fb79ede9d7ec14f,0.06,USDC.e:0.0615
0xa39c9ce5f95862883a2ff579a49b425be6198528,0.06,USDC:0.0614
0xd8e3ae67bc6af76b35e97642d91cc35b1aeed57b,0.06,USDC:0.0614
0x9a89f72879dada789ff86c8339cade04a8d353ae,0.06,USDT:0.0613
0xa6f0126b36291dc3bc9a8ef565a434b394e4b01e,0.06,ARB:0.6741
0x446d6aac1305c317065de6eafcb59b91b1f0e1a8,0.06,USDC:0.0612
0xecba5c06fbc7bfa8fbca73aff35dcd5ca507afbe,0.06,USDC:0.0609
0xfd362793e64078a399527b0c54ac83b933e6d12a,0.06,USDC.e:0.0608
0x951d71a03538a410f4da2dbbcd13a0cecf6f9b58,0.06,ARB:0.6698
0x25c26d35856c3baba05cb55e201462f37777d85e,0.06,USDC:0.0607
0x3ac2091e077a5ea7c476b6ac4858fd98379d6a5e,0.06,USDC.e:0.0607
0x0647aad68a5974230596ab7d1306dea06dcb90bf,0.06,USDC:0.0606
0x515a2217842a58afb19b598a8c439893f156c0f4,0.06,ARB:0.6667
0x9ff5da5db6362a57ea1360aacdf27a22881a433f,0.06,DAI:0.0605
0x4f1e5f4cb3da9cc3581b5ad1ce1142a435d7e822,0.06,USDC.e:0.0603
0x8f2556ab6889571bcf78ab840561018644f3ddac,0.06,USDC.e:0.0603
0x603a7a599a49893e78a5d69d76e7771faba3e0e0,0.06,ARB:0.6629
0xf7adddf2635704f54b5fff774c759d286839513c,0.06,USDC:0.0602
0x832f1014e2b32f51eb889c9978bb6683acbd9c03,0.06,USDT:0.0601
0xcb973a4622ff9f073d058ddd4311b4ffe0054802,0.06,USDC:0.0600
0x137ce19a9ca9bcd7324c8a15c258c822063747ed,0.06,USDC:0.0600
0x328511e8796b6ac24c7112d986bb0860d8908d9e,0.06,USDC:0.0600
0x21ff15d9cda20538a89d22335af4f04898e62089,0.06,DAI:0.0600
0x8d50c49e2675aed66245473421e5b61d46d983c1,0.06,USDC.e:0.0600
0x8387054ee0eb13c2b5f2a2cb5ee53e96f46f2429,0.06,USDT:0.0600
0x2893eae5fad95fea9bdb7e042dc2a987f8d6bb28,0.06,USDT:0.0600
0x19a0b7a14841f9f61896929e6ecf2666544b2875,0.06,USDT:0.0600
0x4bf37d57570f133330bc46b216e398759302c761,0.06,ARB:0.6600
0x19a22450b6b1aac8b24d1ac8fb41617c65def871,0.06,USDT:0.0599
0x8d44141743db29a0bd842c1ebb494380ef55638a,0.06,USDC:0.0599
0xbb20d61b0c7670e80ee87dcff1414ce5d912ac02,0.06,USDC:0.0599
0x27f7a7b0ad0e2b13b5b5138248ef95c7f83dda93,0.06,USDC.e:0.0596
0x56be97828704b96c016beac5b07eb29d661c46f2,0.06,USDC:0.0596
0x2de6412bf46a7f4c9121411b6af14cc6072b8065,0.06,USDT:0.0595
0xe17018ad370f635ba76421ec3c51c64880d5f4f7,0.06,USDC.e:0.0594
0x6301940d2baeef6b3269079bcbe2f54de23ce081,0.06,ARB:0.6519
0x7453019b806919563eac33870fe5f8e5154fdf38,0.06,USDC.e:0.0592
0xe804a88d91b1b51cfb015775d2f82ebc3436888a,0.06,USDC:0.0591
0xf02155bf1397cb875d366dbf87ff173d68494c17,0.06,ARB:0.6506
0xfbbd9fd7525969e50372ad7c393578f13162f6a3,0.06,USDT:0.0591
0x23587dab908a83f5342718e11cef56020b4995a9,0.06,USDC:0.0590
0x112ca2bd4514b7b5cc45727586b6fa85da8082b8,0.06,USDC.e:0.0590
0x5afa69ccd7ffdca2899cd975395e0041d1038906,0.06,ARB:0.6494
0x52099f5aca3d5d5e2ea2b2b27058ef98d4250a10,0.06,ARB:0.6484
0xe570f9bf7ece5a8b86289588c077dc69cac7111a,0.06,ARB:0.6479
0x69ce46c98bd6c6c91d6c15043f7ef878b3d42b1e,0.06,USDC.e:0.0588
0x3c7f9217a9e6b7ab30f714c621c95749412f750a,0.06,USDC:0.0588
0xcab0b2289bd65e23fb5042a29252eddbda0bcc1c,0.06,USDC:0.0588
0x2e3589e3fc37ca17c833f5586a90d29cf75c9e80,0.06,USDC:0.0588
0x91ec4797d1fe1982542bfa27f630f09428b441bd,0.06,USDC.e:0.0587
0x3e47b06dd4908c8a94b37be5e1530e3c46630af3,0.06,USDT:0.0587
0x32be4b5ce2a25714f145001b25f38fa3e09b0e5f,0.06,USDT:0.0580
0xd26f24299cd02991448010b007f65c2f1c0e0cb3,0.06,USDC:0.0580
0xa177ab3797a03fffff3516beceffbc1ded3fd1c0,0.06,ARB:0.6378
0xc288d0c33f321d1d2c5ee4b49e4ee0923117e367,0.06,ARB:0.6373
0x11ef3aeb8954d9bad77618b41e61afb2eafbc234,0.06,USDC:0.0576
0x02a8f422e4623cf409b2a1a64a603b16357ea9da,0.06,ARB:0.6338
0x83fa30fe80fa2d62e810aea54e1773b8c9720fa6,0.06,ARB:0.6329
0xc311822da15b67251e6e2c07247e0004e4b18120,0.06,USDT:0.0575
0x1ec6aaa7294075226e9a669fe132c2a990c81447,0.06,USDT:0.0574
0x8524e253efbf7006c04cc03a597d05275ed81a0e,0.06,ARB:0.6317
0x8ee44ec8691d0bdbfdaf8fb0215ab3b726ca1752,0.06,ARB:0.6313
0xd24ba27ace8cd6eedddfe8ce0d4ba0a7deb981bf,0.06,USDC:0.0573
0xb15ed440532ba003c53e65889e53ecc76dc9eb18,0.06,DAI:0.0573
0xe2582bbd44b6aeb581c243cff6a8d1a77447caa1,0.06,ARB:0.6304
0xaf066cf55d9e26697dc642eac676a951b7d06651,0.06,USDT:0.0572
0x4f7d30d7df7355b52849fe540880bbc9c6af1e66,0.06,DAI:0.0572
0x7377c301bddff89f0ff353f1e3543b3cb3c4f142,0.06,ARB:0.6300
0x7328581644054052cfc3f455f8a336285b51860a,0.06,ARB:0.6299
0x968ab28d20b7a2e78d934ef6d509101a7611af6d,0.06,ARB:0.6274
0x5e16332b413dbf673641e71808896145b8e31919,0.06,DAI:0.0569
0x0395fc75e9656feef1fb89458a84301e25861a4d,0.06,USDT:0.0569
0xf5f33cfa9d0530a16a0227d469fd77dcfc250e29,0.06,USDC.e:0.0568
0x113eff7deebd1250b50f6706d29d4b57f5744157,0.06,USDC:0.0568
0x3b6b7c1ae87d77711d67b70baf9597b63d5b2cf2,0.06,USDC:0.0568
0xcc550790c96189e3018005a513ec63778c2e51e0,0.06,ARB:0.6252
0x2e366841f367a2cb53d8bfbee995f3d36356bcb7,0.06,ARB:0.6231
0xbb15fb732e344248592427eaff02f36bc896b208,0.06,USDC:0.0565
0x129910a80e667712582733c976242262a01507ec,0.06,USDC.e:0.0564
0x4595b11a9e461bdff64f96814fbc22c3d2c8f729,0.06,USDC.e:0.0564
0xbfab42907a9c63c5780de47a1725935690fc6c70,0.06,ARB:0.6198
0xfe65f9be53cae386d1a5d4683e5045e62d3ab35f,0.06,ARB:0.6198
0x743b258bcf0b48434b7110470cd335eb59c7a2b3,0.06,USDT:0.0561
0xb357203c359863c613968f93ea2b38313be99de5,0.06,ARB:0.6168
0x5728c610ad52b03ee449dee869b0db510815c8b7,0.06,DAI:0.0560
0x7215ada47064b70bc231acb5d00d24bf91d7ba32,0.06,ARB:0.6165
0x09eeec22bf0a87caba5a1674ee659b89883cc362,0.06,DAI:0.0559
0x00af7558549963c53c1a425e050fde8401a7bd47,0.06,ARB:0.6143
0x30ff56a96e60d5d827e0d99bf95ebb193e663455,0.06,USDC:0.0557
0x1927f6c4aba811ee8c084eb90b92cb0279222967,0.06,ARB:0.6129
0xaa35b7bdd1e663d42c3d19fb28a677e5062f1eee,0.06,WBTC:0.0000;DAI:0.0144
0xbe41377ba5bf11e0aefc09f14fc5450e1d13e1d8,0.06,ARB:0.6106
0xce729fa1fe1fccf83c1501b0a21d413ffdb116df,0.06,USDC:0.0554
0x2e7a37856eb5465b117f95313f4057f23c447e2f,0.06,ARB:0.6085
0x02ff602cdd0b632463313979985c472895ba3543,0.06,USDC:0.0553
0x71ab776b10c066e558d01a2d9ffc2fcc2fdfe9da,0.06,DAI:0.0552
0xc585bc71e06d714b4be8704addb4e29a662eb54c,0.06,DAI:0.0552
0x6d3688751ae9b90dec88b047cfaff746b9127fc2,0.06,USDC:0.0552
0x67056dfae8348b3fae4ef0a91a90a6ae5022a245,0.06,USDT:0.0552
0xc548a97d5d01b4c6b57fdc6ca326a11ed8822317,0.06,USDC.e:0.0551
0xcef16d44b7a630725cfd5730bd8f49ae92f06e7e,0.05,USDC:0.0550
0x9bbac0f37b61b5cc69dc75a9b758b6a920fab8b0,0.05,USDC:0.0549
0x8336e4328cc46b9c91f1abf5a89e28ee52922ccf,0.05,USDC:0.0548
0xaf64b24f2cf5a79729519693344aec609dd77a38,0.05,ARB:0.6028
0x0688c1042740eadd9264fc7bd199ebf02733284c,0.05,USDC.e:0.0547
0x651ef21c07ed16995c3ef6e38c73dcb8b280bb8b,0.05,USDC.e:0.0080;ARB:0.5131
0x1a4c7ab04ee27aadc46c8169044e18617922fa34,0.05,ARB:0.6006
0x7719be6618f4de9d9cacc5bed06190bd7137b387,0.05,ARB:0.6000
0x783ce907d0d51fffd52db96b017cefcf55e6b112,0.05,ARB:0.6000
0xb48127ae5921eee0a44890b0d55b3ff43d1afd06,0.05,ARB:0.6000
0xc2b7e357f2f686d6695e5db1cb4d37a7f15e30c8,0.05,ARB:0.6000
0x010308777f98f3a3ae931dc02bb5b4bf7118e78e,0.05,USDT:0.0545
0x7a116267b9511346d1ab7f1f8396ed66e0acd09c,0.05,ARB:0.5999
0xe01b61f0c134120fc90c6b89067631fa7a197376,0.05,USDT:0.0544
0x66c44e66cb5e85f42ad9f41825499019a59b1845,0.05,USDC.e:0.0544
0xf3d9d16d83fdb30f53768d70021a18eb9d6a2d91,0.05,USDC:0.0544
0x75e33089de8023f2d864f1ed5771cd597fd39986,0.05,USDT:0.0543
0x8c9ce806ca402a3cbdc05d0dadb1c02cbb7e9414,0.05,USDC:0.0542
0x491cd36ef084f45f747225481110680c7a66447c,0.05,ARB:0.5963
0x8e9a5f04a3d220ea21df97dea88464d2a3772c3d,0.05,USDT:0.0541
0x74fcb8c6efa4e045a096ae37ef0b6d32747222b1,0.05,ARB:0.5703;wstETH:0.0000
0x70f9960223db94cdece6af067ad4f95fd6d20789,0.05,USDC.e:0.0540
0x1d08ca000a2f6a4a064661e1c622b5f12fb431c9,0.05,USDC.e:0.0537
0x04dea9895dbe168051d5669a206e7311346dbf1a,0.05,ARB:0.5907
0xcbed0280b63dd425bbc45bc9c4e1bf5d480c2895,0.05,ARB:0.5906
0x4fc06231d9bb175dacf6b482ea236d5de1101317,0.05,ARB:0.5904
0x7c95d86f0700804bb73c62a26bb653be94675e7a,0.05,USDC:0.0536
0x770fd94206c81434babd21d34948b38b0804f820,0.05,USDC:0.0536
0xe56823c50feea910d62aaa6aa957cdf7a0f48c76,0.05,USDC.e:0.0532
0x4195ae44aca1837b61cf7cfe48b57029c6efde3c,0.05,USDC:0.0532
0xd4c405dbd0a705b602c9dfdf7bc5ebf7c30d250c,0.05,ARB:0.5842
0x298a8f5ff0b4b2e9121a49a5328b4d97dcd98c6f,0.05,ARB:0.5841
0x313fe441c6a62f14d97bee6d287fd1c818fd1ca9,0.05,DAI:0.0530
0x91681e95385fa64020a312e06d86164be5136053,0.05,ARB:0.5831
0x8b437d4bd3c5d73c5a8fa26ade78fa5770fd6528,0.05,USDC:0.0529
0x819202c2c93bc992a3404cee40f2079bce20aa97,0.05,USDC.e:0.0527
0x0ab02ad2ab6d91bcb9bb81fed52ce749c6e3e3f5,0.05,ARB:0.5802
0xf163a1dc3448570f71e52e31d26c3dad1b43cd9a,0.05,DAI:0.0525
0x6f88faac3add2af7ff13d449a1ab0162c491feb0,0.05,USDT:0.0524
0x01a06db424938e44ccdbbf0cb858a17e506e4791,0.05,USDT:0.0524
0x72bb27dec00202d977aa870fdc8487c899397139,0.05,USDC.e:0.0524
0xd7456c9e57f18a8d8bdd89284dd05e4b0f51c9ed,0.05,USDC:0.0523
0x05b837018da797eb82f383bd9c5bfe99d76d99c7,0.05,ARB:0.5737
0xf65087c48f8862f9501bb1af33de309f5791b122,0.05,USDC.e:0.0521
0xea5aa78367ee87fd890f02c1d2fbd0ab1502e749,0.05,USDC:0.0520
0x04f44c897b23034a60e39ee7a9b2f35c93954187,0.05,USDT:0.0520
0x1d408982b78da7cf6a056d773923ec0cd7e0ced8,0.05,USDC.e:0.0520
0xf159bfa88af3fdcc936510d7f56de63686522be9,0.05,ARB:0.5713
0xd4a94e6951a9968e4f34573f0ca7dc80ffd4658b,0.05,USDT:0.0518
0xf0c47cb3de395006330ec9387da98b13d20363a6,0.05,USDT:0.0518
0x4f33d1568f79a74ffb0c901cc79acd8e361ccfa6,0.05,ARB:0.5694
0x2f89a04e5c93220299271db68a5cbac0bc359c9f,0.05,USDC:0.0517
0xd9433687f6ff32c0b10cef12db4835608e4d9c60,0.05,ARB:0.5685
0x68d2e7cbbb74851703cbf607e09671881f4c5ad0,0.05,ARB:0.5663
0x02e6e09a0df9e8c056c4bae2f9883651b17fdb4b,0.05,ARB:0.5661
0x60bcf053bca3feb46c23dc952729a0d19f4e4478,0.05,ARB:0.5658
0xe3ddc1ecd07831d723dcc61578a8d6d20ad2525e,0.05,ARB:0.5653
0xc7b7a97114a9281a09bb59eabddeb09716590f92,0.05,ARB:0.5650
0xd30ab375cc8e0109b371c185c6950d6f1f0ad604,0.05,USDT:0.0513
0x79f4429ca20d86bb3515317861a50669476f5685,0.05,USDC:0.0512
0xe7841ad5db7f6b9fa089ac3100a9623c6aa3730f,0.05,USDT:0.0510
0xc2272d4f7ce014e10ec04238dbfdd1537d44f67f,0.05,ARB:0.5603
0x586c7eb24fcaf46d696848963a37a712108534d6,0.05,USDC:0.0508
0x7414dc69b3accd7de129434218a43b1b5fc4e6a0,0.05,ARB:0.5595
0xd126aa579d2bb7fdf608c514f2660771fc7ed71a,0.05,ARB:0.5595
0x8ad076d45f1cc75fb2732f3c2e0fa3500fc4045d,0.05,ARB:0.5593
0x333ab2c951c01f1a572dc7a4f27b29a762ef9af4,0.05,USDC:0.0507
0x1ee9bb50c8854e03e71d93c90bb5e6aa3ce4a063,0.05,ARB:0.5580
0x6987a1f144f8d1e1275475d1fe391b8d94a68435,0.05,ARB:0.5563
0xf55686e0a4580bd5d51fc80db635c7273b44f4a1,0.05,USDC:0.0505
0x0606197fd8444e95bb73a9d865cba681439c6f24,0.05,USDC:0.0505
0xd9fefb8c5044da75a95b197cd63520a450eb2f4d,0.05,ARB:0.5546
0xb94594522a7042d4b7e9291f81ad9916ab98234f,0.05,USDC.e:0.0503
0x310c1153addc3ca4bea59797b7bc8f52b14343c4,0.05,USDC.e:0.0501
0x7019c8628a8cd740e819fdba9a27c3b37867082a,0.05,USDC:0.0501
0x1b4dbb575310305ab2193c6ff01f3050bd3432af,0.05,USDC:0.0500
0x239329e2d0282ca9d23579985eff1b35ffb87b03,0.05,USDC:0.0500
0xd5ca34ceec4f3c19f329c438393b9bcd135d0d55,0.05,DAI:0.0500
0x51742a8ed6f092b6082c51d7660644e22fd70cab,0.05,USDC.e:0.0500
0x9c367d91b9f93193e0fa41473d5d7c48c7815c4d,0.05,USDC.e:0.0500
0x5a91b98a73d72a1fae9f1f962dca77326013b155,0.05,USDT:0.0500
0xb1f11af6f484029ad7b912dfb866e527712af9db,0.05,DAI:0.0500
0x75788d285affd10ff522d306c80f4bce5378fd19,0.05,DAI:0.0499
0xed4f9dbbfa60ed0f02060f1cc40402ca2a31ed81,0.05,ARB:0.5498
0x7fefd6c52678ed20fafed45443e0abed6a0d3e88,0.05,ARB:0.5490
0x1ffdfe8a5368a9a5f16ac56e11927eac00712eec,0.05,DAI:0.0499
0x88de886153d86d3c8bf69caddb9c05d961b06a9c,0.05,USDC.e:0.0497
0x25ae4063fb7af94d0cab8dd244e11408039fac7f,0.05,ARB:0.5460
0xab6e574aecb25876d327856df08764a9db3cbd23,0.05,DAI:0.0496
0x452bfcb8c5a7775767ecace21fac569c0b470bb3,0.05,ARB:0.5459
0xd1715abda8fa44c6e6d3eb5a826def4871e01233,0.05,ARB:0.5459
0x85642f0ee2a6fe54cf48990d17599a8bd70a1031,0.05,USDC:0.0494
0xd12b88c39463be104c096e820506e7787b6e44a6,0.05,USDC:0.0492
0x5f814cd1f6047d34a10ed54700e71871cc4a5217,0.05,ARB:0.5410
0x572f67e2960b45ddd8aa6d9b92d4c849caddd9c3,0.05,USDC:0.0491
0xa99e85900f7bad556a7eb1f52655ddb8a5d9b7a1,0.05,ARB:0.5397
0x97379c185847f2d061e938b91a91c925f4bb2b70,0.05,USDT:0.0490
0x55e6b68045c6fcf09737ea886a8253912f4c6b24,0.05,USDC:0.0488
0x0b0148b388290ced84554f8e3ed1e039bc1845fe,0.05,USDC:0.0488
0xdf00d5c46bfe465cc5fbbc627c622ab45b5063af,0.05,ARB:0.5374
0x434c2d9316f62766adffec3b0ba9672eb7946ed6,0.05,ARB:0.5367
0x9a55a16e59d538076641834e9440650ff523d594,0.05,ARB:0.5352
0x87a46b4265943549a735203f8e923fc3dfe62329,0.05,WBTC:0.0000
0xdffef5d853e5e1dad3b909e37ba2dae94087c3cc,0.05,WBTC:0.0000
0xa0c0b5f3c79ba99e717412548620f93150a189a1,0.05,DAI:0.0486
0x211bbcd51ff5b5968748ed06fb311a9609d7b44d,0.05,DAI:0.0485
0xd1fc31575b314c2b76179884adc8febbf00ace50,0.05,USDC:0.0485
0xc7ef20b107f959e3baa2dacd1a1709ef91462536,0.05,DAI:0.0483
0x3fb485a1eb0a2bf11e811872d51f39ff5d6a4a0f,0.05,DAI:0.0483
0x7c5115a104cab2a095438402eb97ed044e09719d,0.05,DAI:0.0483
0xbb38203ed5b2d221c57e025df778422000472a84,0.05,DAI:0.0483
0x27f773bf5b070cc12d5a616f02767f2872f2adad,0.05,DAI:0.0483
0x58b8b66f3cf2e3c5e9b7bd8230a8179ed56ae5da,0.05,DAI:0.0483
0x8140758603ae04217edabe94f9379e697ac87485,0.05,DAI:0.0483
0xd6aa140aef649082c9c97b7c5420137dcd6b2c90,0.05,DAI:0.0483
0xd85d7dca6d0eb300fefedb2dfc4ffb6c058494c6,0.05,DAI:0.0483
0xdf7d564661779395a779cd9d94967f81311b6937,0.05,DAI:0.0483
0x731948d0d121e2e694e5a55926d8c30b8c0ab2ea,0.05,DAI:0.0483
0x0c1c4a48ee6f4351b17bcb1b79c9602605b887d4,0.05,DAI:0.0483
0xc043e5f9b37cabf6f346863fbe7ec7a1b8234013,0.05,DAI:0.0483
0x2a1fac0ed2a87912efb0fb0a78906b21f6dbc679,0.05,DAI:0.0483
0x3e5f07c794d40d39334befe5d5b9c05741ae4482,0.05,DAI:0.0483
0x1805de850c478769860504978770d9afbf082071,0.05,ARB:0.5300
0x4900de177dcaedff162709a9014117af9f9ce655,0.05,USDC:0.0481
0x24a77f35cff1b7622fc614a2955ae2c41f1faf0a,0.05,ARB:0.5297
0x1649a362ffb1705f73544ad756e5bbe0ea8ce16e,0.05,DAI:0.0479
0x6fde6886a1433566789d53a7007fe8f838089b19,0.05,ARB:0.5275
0xef74e1fdc711124eaa0192bd967b9d5847d30bb1,0.05,ARB:0.5273
0x751c82eaa24196b739a0362abe370b86a1ddd7f3,0.05,DAI:0.0479
0xa25b6ba32c99d9a7eead6673e49cdce45fd4bfea,0.05,USDC.e:0.0478
0x6b8a49d4926e60ff8356e7d9ea4e3d49c834a1dd,0.05,DAI:0.0478
0x4e5a389394d3274e4785616ab81bb1fdb53af284,0.05,DAI:0.0477
0x5b8e8c7845d0db0e647a3f8035127a019df264af,0.05,USDC.e:0.0476
0x8549df10a2b74d721ce406d990ce0199cbadcc9d,0.05,ARB:0.5233
0x7467edbd63259b8ac513620f3004d411dc16c4d7,0.05,USDC:0.0475
0xa5871b41869da00223932e458d9e337d37c12d16,0.05,USDC.e:0.0474
0xf5951a9c7e71d5728a1d8229a6a62b822e40ae37,0.05,USDT:0.0019;USDC.e:0.0455
0x61fa67d3b9e978588cad4fdf5572bfbfb0d02c12,0.05,USDC:0.0434;ARB:0.0440
0x084e4ded47eea014cbbafc5d5a5cf11025846d43,0.05,DAI:0.0474
0x1190feb08461abc3fb5a5407a29f4b1fef880d64,0.05,ARB:0.5210
0xdc6010962724ff78778754034f6fe17bb5921da0,0.05,USDC:0.0472
0xbcb21304efeddc3f3915d6ef34f36c0fead9424e,0.05,USDC:0.0471
0xa555d3c40fec3bcc14abebd3dcf28322d6eb16f5,0.05,ARB:0.5189
0x2a1e03135dd888b272ec536e7f390c764b0fc5e8,0.05,USDC:0.0471
0x6cd36ea53ce9ccbe9e312c42f9bdf401e865bbad,0.05,WBTC:0.0000;DAI:0.0000
0x7b148fb47b8d42f7d38f3593e2acb2f0d24f0aa0,0.05,ARB:0.5187
0x6fcd41ab4145657b0fe9da01dd06a08d9960480a,0.05,USDC:0.0470
0xc15534ea729972fc21aede69cb7ca16d60e8d342,0.05,DAI:0.0470
0xb58f3cd08ed09f8cb3c10c6c591e7b9bd0d64ade,0.05,USDC:0.0470
0x58dd7f87f7d94920550ca53e3f4a8e5c54b28664,0.05,ARB:0.5170
0xf7cf7bf669898522144f3f50f4126b3766d4414d,0.05,USDC:0.0469
0xd06337ff8638eab7849e01baed2ed756ebfa7fe1,0.05,ARB:0.5155
0xc6b80d4df8161592776ad1d78a62d67ddec1ee2f,0.05,USDC:0.0468
0xd9351584e9fa5c460b92abc458df48d7aea87d41,0.05,USDC:0.0468
0x17538e553ccce773bf31941ebefc0d178da1a3fe,0.05,USDC.e:0.0467
0x9e4b1fc86f71a0cae89878bff9ca66aedba853d0,0.05,ARB:0.5127
0x0b3687cfa042e63024e2c39ed988a679507faa39,0.05,USDC.e:0.0465
0x17e8e4b327c1410cd772962c9c5ed551be2a02d4,0.05,USDC:0.0464
0x4a012527dd7f4a82447fe91795a552bd0a19d4dc,0.05,ARB:0.5100
0x9620e78f2f35377da221c9e41de300e73034594e,0.05,ARB:0.5096
0x4826d94a327bb9b77c3c2c433e4a0bb90ad353eb,0.05,USDC.e:0.0462
0x78a575c6c4d03c21fafd4eb82d1669b439cfea14,0.05,USDC:0.0462
0x48f4f9478e09bb451a04767e5f438786ec940042,0.05,USDC:0.0461
0xc6ae76e7b896c9a070d735ed7666c9a47ef90d76,0.05,ARB:0.5066
0xfe31df51b7fbf89feb9a6553d3fd25e9ac53f60e,0.05,ARB:0.5065
0x2c8dc438d7c7e1fb70abd80ba97365e32bdf6ac6,0.05,ARB:0.5060
0xb1c94f5618cdbefa2944f5fdbeb24a32fa0f922e,0.05,USDC.e:0.0459
0x77634a6978d73278e63482f6d9ee8a238e3b3545,0.05,USDT:0.0457
0xb57380e7f6b19ce5cba5dbf9ade439107bb8dd00,0.05,USDC.e:0.0457
0xfb245db74da26226cf183f13287f7110c27fd0c7,0.05,USDC.e:0.0457
0x7d60b9996f4b3bfb907ab30356352a7c07fb4d57,0.05,ARB:0.5020
0x08a8d1692110dfb3a17e697805eee7839495bf17,0.05,USDC:0.0456
0x226ba62dc9148e60aaf757fa2b327be8dce1ca95,0.05,ARB:0.5017
0x171f3f3a0cf73aa21a473ce3e885a273632625a8,0.05,ARB:0.5011
0x2e706212926c4bc86ec26fcca42e4e575b998b0e,0.05,USDT:0.0455
0x450c3f7fbbb3aaffc20355c7a67036babb482e84,0.05,ARB:0.5004
0x66ba0ea67212f21f95e9907974295982eecc3c10,0.05,ARB:0.5000
0xd657f892c3a8b52c5eef57800d08b6ac364ee841,0.05,ARB:0.5000
0xeb6041235d5ed18bbc8cfa4c7b1b4f7a1310d68e,0.05,ARB:0.5000
0x0987af92ced36787a804a46d2272a3a67b6df6fc,0.05,ARB:0.5000
0x0da5862a60dc51bb58287f5f86c86cf46637cfa5,0.05,ARB:0.5000
0x3fc3b754af9359196319199d36dac63100689f47,0.05,ARB:0.5000
0x4aa2a5cbfd1bd14d995a5cfe5a71a5215f7cb0ca,0.05,ARB:0.5000
0x4c0fec38c9d616b3fbda55fe9bbd858700b459c0,0.05,ARB:0.5000
0x5c22496c6348fc3177687f0300590733bd38f9c5,0.05,ARB:0.5000
0x672f7fc5a5cabd99660099150b75b3b885ff9b5e,0.05,ARB:0.5000
0x82a4589d35cb5ff71e7ff3f153717ab1ae73f321,0.05,ARB:0.5000
0x98fdff96e7cfd20e525a1e96cbb8164016ba0b93,0.05,ARB:0.5000
0xb3269e7e86b670729608f53a7fb1337b9607a701,0.05,ARB:0.5000
0xb6df5da3c052b953ad8fc715893860919388d52f,0.05,ARB:0.5000
0xb7a464b8ca65df23f60c5bb51d9bd8f648d810e9,0.05,ARB:0.5000
0xbd018ea5235bb44f1d3de9c23a8b9bf9b71948db,0.05,ARB:0.5000
0xcaa78bd0a81a42addf8e83de560e8c0d662d7e8f,0.05,ARB:0.5000
0xe82596e8016f6b3fcc55c3d5f05e0af97f995120,0.05,ARB:0.5000
0xfb87e2087be9bdc03411149671c1676f44af7de8,0.05,ARB:0.5000
0x5530f1fb8f68afed364359034e5146126570609f,0.05,ARB:0.4998
0x78c46375e3c27d89ca1269b61f4fc996c5153462,0.05,DAI:0.0453
0xf787e2987efa70205578dbab65bd8327bf77ebc6,0.05,ARB:0.4990
0xf8cb10a264479b2a28c8972e044a4043fb089478,0.05,USDC:0.0452
0x73fa4a1e10376e76f0c03645df60630d8936f8ef,0.05,USDC:0.0451
0xed50b7114a69c69cbbb9a38d234d1514fd952413,0.05,ARB:0.4968
0xfcaf32be10c427726f9948971d1a362bc06c93c3,0.05,ARB:0.4963
0xc01628226276146ebe20c0fd043f73ba590a2479,0.05,USDC:0.0451
0x6114f516f903603fa9d0b44d841baa105ba88140,0.04,USDC:0.0450
0xaf52cff10d656492130c7c12f574d9e359f3a8ff,0.04,USDC:0.0450
0x2c4899c8dce1701ea34642018b8ed479d92ef608,0.04,USDC:0.0449
0xd5f56eb33dbed98260b86a936824222be30b7d59,0.04,USDC:0.0448
0x9dad5ababbd365baa3fb2cac3610c5fb59aea22f,0.04,USDC.e:0.0445
0x6e9df8c04101fbd72984925f715b9d7638d8ed9f,0.04,USDC:0.0444
0x573574f96707ff04972d5158f0664a60c603edb0,0.04,USDC.e:0.0443
0xb46606453af059fe68012e1b887e24c0a0c2ced4,0.04,DAI:0.0441
0x9c8dfc9543259905e8bb5cf5c0a3208f91157b0d,0.04,DAI:0.0441
0x5e72707cb5d3a563bf69b18731689c90b29d423b,0.04,USDC.e:0.0440
0x69c5a0a52e4f998d810754f888077e0b52125dda,0.04,USDT:0.0035;USDC.e:0.0405
0x2387b923ce7e766f21a5720c57d234e787a0847e,0.04,ARB:0.4835
0x132ed0fbaba0b8c61591c548bad2fe413e396d1e,0.04,USDC:0.0438
0xfa87aa7b0ffc0b539cb25460f05abb64162b5058,0.04,USDC.e:0.0438
0x4b6fae545bd2f499b8a3a45c052ffbbcf383e7ac,0.04,USDC:0.0435
0x88e78513ef676a016aeaf732c08fe12d0e23a280,0.04,USDC.e:0.0435
0x3e1e7ff335ff28b6d842001eb7f315542c607651,0.04,USDC:0.0435
0x970c8e8e205b1d9ca0daf6da7e628f1e920175d6,0.04,ARB:0.4783
0x1fc6600b32ecba94c098731e768444992dcbe1cf,0.04,USDC:0.0434
0x2ebcc5ae0c89e7206c88b83a82b6144ab7392d6e,0.04,DAI:0.0433
0x3196e08b2b34376b7654685825c515b3783fce4b,0.04,USDC.e:0.0433
0x2971d32b1e358b036231c4ccfd890b851e6db30a,0.04,ARB:0.4771
0x9ca5a45a520cdeed119098bf79884de80cb8f290,0.04,USDT:0.0433
0x17b2340242f5b529e559959a5d1b726d4bbdbaa4,0.04,USDC:0.0433
0x4dde2aadbde7031ce4ca2aa45ae0cabc0f90d242,0.04,USDC:0.0431
0x90619eb610effa5e870d14810b6485bca6f6de41,0.04,ARB:0.4736
0x4de242d1ce4e184fd66db07ad3093e07d6434341,0.04,DAI:0.0429
0xf24bacee4680ff66f590f98c6954c5c69bb78f1b,0.04,USDC:0.0429
0xa46d612b8d878925bf1cf3022f9117231b1dc220,0.04,ARB:0.4724
0xf51bab7abc283497fb72da162e1b5a1f2383eaca,0.04,ARB:0.4712
0xf5d709140b8c32f85b4f556319425e26f312d9bd,0.04,USDC:0.0427
0xeee985bcfa5c316a229d6df554d8ec2110f58986,0.04,ARB:0.4700
0xaefc4c562002de306714a40cc0a31b86f7e79077,0.04,ARB:0.4698
0x51241ad4a68353761863e8947645931b61460cfc,0.04,USDC.e:0.0425
0xd175e14b669182120d37a074c932a44105d78bb1,0.04,USDT:0.0057;USDC.e:0.0366
0x85f948e773b37a972648dc119718ab20fe1d9a30,0.04,ARB:0.4650
0x12ea480ed62bac0ac4d9478871f75c2e920b5a8b,0.04,ARB:0.4640
0x6a2398cf9e708378155f70a7cdca031d597ada24,0.04,weETH:0.0000
0x804f4cbdf683637672d1fd47442fb54bd2f5c6f0,0.04,USDT:0.0421
0xb1445d2e9fb0cfa46d4342bc573e3cbc51383427,0.04,DAI:0.0420
0xd4c5193a10c248b6cfe8079442f41a0cd2eced75,0.04,ARB:0.4628
0x59080f366bea0c0ee70e6600475565041f79a4cc,0.04,ARB:0.4612
0x25f6f0482d9a6a8b0360625926faec009171c534,0.04,USDT:0.0418
0xa11db6e52e1a71dc5064dc91c1bf2b7606db775a,0.04,USDT:0.0418
0x597f3d276c3edbb0449836f6508ee642970b6ac3,0.04,USDC.e:0.0418
0xdacabc8ad9c3ce0b3972f80a5037570d2101142c,0.04,ARB:0.4599
0x6b78d8a7eb63442016d8e62de81f72bee177a712,0.04,USDC:0.0418
0x2a7fe8d087a1a2ae9392ea7e01fa08836c5eab9a,0.04,USDC.e:0.0416
0xd4387f092136c937557a1263410571e7ad684b6e,0.04,USDC:0.0416
0xd4f2547b50c0a369d6c17cda63e9fbf4d4acb61c,0.04,USDT:0.0416
0xce95d0d11eba296327eaa06a5087652337510dd4,0.04,USDC:0.0415
0x3019e7df6cfc75ccb90452e90454712ba1659bf9,0.04,USDC:0.0415
0x0538b2d1281f44ddba08ba5e371dd223bf486d20,0.04,ARB:0.4567
0xcc78065c0fa924b5383512fde7fe034d60b7f8a8,0.04,USDC.e:0.0414
0xc4b147f9f37276bf8dc03333c3a8972451671316,0.04,USDC.e:0.0414
0x04601010e4424f7b79807de9b2e12edd4a80d7f6,0.04,USDC.e:0.0413
0x013051b194640e617a1b72c9a01bb8477df82b39,0.04,WBTC:0.0000
0x776f5abb0d3b0b1bcc059c2c72963f9573ac377b,0.04,USDC:0.0412
0x17c97959aef9b6d273c14aba0406e970645de23a,0.04,USDT:0.0411
0x541f6fc286e03df56d91d63e30e5c3e0788e08ab,0.04,ARB:0.4529
0x83534ed817c036f95d68430ec37c292d463a2850,0.04,USDC.e:0.0410
0x14e5588309792041bc621a32c3f7f60fd0d867ef,0.04,ARB:0.4500
0x3d0a1e7c71daad6dcbb2aa4d65c62b6e7e902be9,0.04,ARB:0.4497
0x91a6e0cb54b41ada6868f54f522bbbb223f5d566,0.04,USDC:0.0408
0x57d1810d3da90ca9552f5583cddbdc5f575b2efc,0.04,ARB:0.4493
0x00b8a2649684a22c5a88625a9fae85051732ded6,0.04,USDC.e:0.0407
0x84edf23c78e36f8c6c526abf1502f1c348418104,0.04,USDC:0.0407
0x0ab21e55d531e401abee94feee93fe08c287c2dc,0.04,ARB:0.4479
0x4d91ad6593d4807a69584763ece2ca06d8352221,0.04,USDC:0.0406
0x0aa1927916c841a5395af98bcfd4621b4dc4ab2c,0.04,USDC:0.0405
0x9445121dc919e9c53db0df62d2db00d65e3885f9,0.04,USDC:0.0405
0x22a0ce0f9bbb79eb0f8c946ef2fe75164741165f,0.04,USDC:0.0404
0x659a422c7ca7b74784ef61366656bd54a330fb54,0.04,USDC:0.0403
0x9edccff34eadc7d5730ab089342e66c58f3060bc,0.04,ARB:0.4432
0xdfe66b7dd823531f32e002209d6ccd5552c6c356,0.04,USDC:0.0402
0xa0ad5c4270e57ac2b45f73271da2c90dce54df94,0.04,USDC:0.0402
0x16f6aa1ae31b36c613addd995010db0cab9f2d6b,0.04,USDT:0.0402
0x63fdb8f322d8b547e7e9131abf517d200f80641f,0.04,USDT:0.0402
0x64dde5f6d15a27ccdc1abd31ab1eeb5b95cd3dd6,0.04,ARB:0.4422
0x0d9e1e0c1a9ae4f22d7a8ccf1dc7e6f71c2dc26b,0.04,DAI:0.0401
0xc8d250541286993fafd6f0f3482c1b45ee9ae5e2,0.04,weETH:0.0000
0xe9995a142ca41edaaadc5ab7aa403ff56f299858,0.04,ARB:0.4411
0x1a13297e7856b6aa8a61eaeaabecbaf637537d0d,0.04,USDC:0.0400
0x2d23a215406fc015e83c3390ba5c687675b3dc96,0.04,USDC:0.0400
0xc8f2b496f948f3cf188008d59e750dcc2e3bb11f,0.04,DAI:0.0400
0x0a83085e42abae276f7a10b5dda7a5101e12be92,0.04,USDC.e:0.0399
0x19450fb4bc1511904e20bd3db147d1cb1daca54b,0.04,USDC.e:0.0399
0x5e3d12fc5e0eda07f33fd6becf5c07915e96022e,0.04,USDC:0.0397
0xfd13cfb28ac12d7db1288f5f4483732a68a3f96b,0.04,USDT:0.0397
0x90b7b7629d761ec263caf645bd759f14a2221a28,0.04,ARB:0.4352
0xdec38b0c755a7cd69d176ef0cd9d30a2a2a667b2,0.04,USDC.e:0.0395
0xd473905ecdd5bc70c2720f62d39dfbdc2b467fc4,0.04,USDC.e:0.0394
0x9210d63aa390865da213ff22db8dadfa042fb013,0.04,USDC:0.0394
0xadaa69402e7862e6c5eb6647f05a8954620ee5d3,0.04,USDT:0.0394
0xc7891bcf6f0e868c28b49308d8af3b52c0492b86,0.04,USDC.e:0.0394
0xb4b78782b862d00463fb5e5eb15eeafd3a1982a0,0.04,DAI:0.0392
0x5be4763391e4d04ee1062a915259746edec298df,0.04,ARB:0.4299
0x4eab994abeeee73ac102ce718aaa3646eabd772f,0.04,USDC:0.0390
0x4c0986d0f3de3b1c2acfeab6a225ffa6c782865f,0.04,USDC:0.0390
0xda72328bbd8a6ef80238a8dfd61b0bf61ab03148,0.04,ARB:0.4289
0x5d3e58dacd2c6994302020f357567b433d1e34f8,0.04,USDC.e:0.0389
0xe6f2210469e06ebfc03ca3ed5f2970b92df399d8,0.04,USDC.e:0.0389
0x4419fd93a6a330a22f6b159a8118f65dc5ff1a66,0.04,USDC:0.0110;ARB:0.3069
0xd50434d038e63cb08ee022613e621a4eeeb5473d,0.04,USDT:0.0388
0xac2576c8fcfdee63b2731758e35f88f3e28ab698,0.04,ARB:0.4273
0x88a420155eb8b3efa4dc7b7c661ee5d53bd215fa,0.04,USDC.e:0.0387
0x3a53780cdcc781a16c1830dd95cf578312c29232,0.04,USDT:0.0387
0x677e53a0af68ea25bc7adcedf635c3fdca35c9c6,0.04,ARB:0.4260
0x150b2a6b2c30800e05afe204d2d380b99725e252,0.04,ARB:0.4256
0x97b13d209e78bfd6d0fb9fcdd9e8d7aea727d7ec,0.04,USDC:0.0386
0x970115a5ea5311e06f2b57d749c461e34293b5e1,0.04,USDC:0.0385
0xe93c24acbec7886d6b03730a3fd8a31ffc594692,0.04,ARB:0.4231
0x048cd36ff0c30afefeea51bf4c7cc5a05b5837bf,0.04,DAI:0.0384
0x4e33bd58878acc0dd37c84174c194834718c6825,0.04,USDC.e:0.0384
0x72a18fe9018652d19119053b17dc67effcbe646a,0.04,ARB:0.0295;DAI:0.0356
0xfd715216f15311a92b3448aa9f6c618185fa0382,0.04,USDT:0.0383
0x8af267f3b047e3fb2fd5b26fdaa9d71624795697,0.04,DAI:0.0381
0x87b59ed45b1b5ede3a31a20fbae86e8213582618,0.04,USDC:0.0381
0x5f3e135cbbdbfeec64e80cba62e875abc561bfe9,0.04,USDT:0.0381
0xc0e5c65ca2eb2a194e4ee1ceecbb51136a07f41b,0.04,USDT:0.0380
0x5b57615236f5eabf936779252db2ddbb82104394,0.04,DAI:0.0379
0x95498a135b8f0d92f24ba3089476e54e48ba3dba,0.04,DAI:0.0379
0xecc1ec613f693a195b1e15297d79285be9234b5c,0.04,ARB:0.4169
0xb39bdb28f8758c0739cd24b88ddffe586ee1f871,0.04,ARB:0.4163
0x63ce91932b66ffb64c3ce811e03b75b3bf84b18d,0.04,USDC:0.0378
0xea4d2cf1c9babfdd6c5463f473081ff232730685,0.04,USDT:0.0377
0x9be5db5213a779f271590c369d2d5182bcd6bc8e,0.04,DAI:0.0377
0xf598fda39e2dd32517d83d7195ef174e139ac088,0.04,USDC:0.0376
0x66d95ca0cfbd7304ec275b02404d424d298f9b1b,0.04,USDC:0.0376
0x3c582546c5226e6cdc804f5679915fcbbef19808,0.04,USDC:0.0375
0xd2119820f13d3c2e2fe999185fa22878ba5827f2,0.04,USDC:0.0374
0x83dba32e3f3b04d9f7e2bf4132571804227c5276,0.04,USDC.e:0.0374
0x49062a13be64679a3713768ec2297ccf46f33970,0.04,USDC:0.0373
0xaceed0d685c1068bbac4e44ed403c81ad9631021,0.04,USDC:0.0373
0x452a58edb79548dd1c833be7ea8cd39a22a46e55,0.04,ARB:0.4100
0xba231c4149e0d29376cf022fee79fef9e27aa675,0.04,ARB:0.4094
0xfcc9487fb8b5dbaf45a4ed3a6c33f7d42c0d3dd9,0.04,USDC.e:0.0372
0xa162473680fc180bfe5356918bfcb70fc0ae1fb8,0.04,USDC.e:0.0371
0x0df9b9a08583ca1863c6abf7a10c39c7c8610b45,0.04,USDC:0.0370
0x73ef8062d5dede71c69887d38217aa2929881681,0.04,ARB:0.4059
0x322093bc8906875ac9584ae67a56b9eb4bbed615,0.04,ARB:0.4058
0x761d4a71c4e1ed4c705dc54c6467d225e15025d7,0.04,DAI:0.0367
0xebb75a01a4355ac58e8df31d71a3f4e1bf095739,0.04,USDC:0.0367
0x24e1612f22a1c5096d1d1fb18e9a437df674f67c,0.04,USDC.e:0.0367
0xe4e59688e58ddc4523c17e61f3ea61dab1b4b4e1,0.04,ARB:0.4036
0xdf4795a0e4b96158fe15f70c81fa1b10d457b6a2,0.04,ARB:0.4032
0x62ac1ff6f3282de72209b3610503ac26779a03b0,0.04,USDC:0.0364
0xba138c9481be37a712afa75417acfbf0f3e89ccc,0.04,ARB:0.4004
0x9fb8cbf14134bfcf4bef9dd0b4aaba7137144f42,0.04,ARB:0.4000
0x8ff71f6d88ebea08fa01f284623c2dcd87d1f42e,0.04,USDT:0.0363
0x1e6371ef56cd03a76bfe1523e50d6a92b8c08acc,0.04,ARB:0.4000
0x259461ca380947365356fb20b1a9b0b6eb6a802a,0.04,ARB:0.4000
0x273ac1f3917beafda4455aeb259bd22b83e37b69,0.04,ARB:0.4000
0x317a623d5c5e720e137a3ea0a7b743d231397b8f,0.04,ARB:0.4000
0x33d7ee674aa6a8cedfa30fd8635091395be3da58,0.04,ARB:0.4000
0x39feb45747b6d5dd4d6434603293b23a198fa56c,0.04,ARB:0.4000
0x46b4d316792344d4f1f54d20c4ead3a8fd59f219,0.04,ARB:0.4000
0x790e8511e7be1fa17506f3084083bae8409522bd,0.04,ARB:0.4000
0x84d62d66bae8fe718426807e613982934878cbb9,0.04,ARB:0.4000
0x9bb265c6dd47fcba9a3170f3931f06f0ad8fef15,0.04,ARB:0.4000
0x9f4e5d4d0c060b02bd9f02588baa4103913d334f,0.04,ARB:0.4000
0xa81637e70e218e91876d7a1aad511311f5a68a1a,0.04,ARB:0.4000
0xb76aa45412629de1f924ee6bacbe6f9c63295a0a,0.04,ARB:0.4000
0xe670d5d7daa61b374848ad2dee89c91c71b028da,0.04,ARB:0.4000
0x4307b3e7686b97fc28750f6a8739048255cd7096,0.04,ARB:0.4000
0xb6be2ef7eec9a85da99988797ac75213d9939343,0.04,ARB:0.3997
0x5ee110a1c93fd113a35e08bcbd5b25d20ad78053,0.04,USDT:0.0363
0x36e0cecac466fa74ebf932587fe256227bfdc3de,0.04,USDC:0.0362
0x5b219db1bc6eada9e45afa9cb14c8527776b0d0b,0.04,ARB:0.3981
0x20a7642e18de4285b178039bf7f26fe4cffffc62,0.04,ARB:0.3974
0xc89bb3c2d127caf76b99bef32045588ed9958ad3,0.04,USDC:0.0360
0xe77a67313cbd5d974c70a104b339a969a2672705,0.04,USDC.e:0.0360
0xe27fdeb4049712887850f2846bf554c9b470b6fa,0.04,USDC:0.0360
0x15a36b204768fa37730cc35b6470c9ef36b0bf4f,0.04,wstETH:0.0000
0x7d875f76437935d6395ac4044961ba96204d77d6,0.04,ARB:0.3956
0x65d49df89429b8ba8510da771dde859d4a9916f0,0.04,ARB:0.3940
0x2df54b104f2d184caf908cf595c54df1124a768a,0.04,USDT:0.0357
0x851c6cf077e574206fb7f36767e22929f4ebf1be,0.04,USDC:0.0007;ARB:0.3853
0x19be04a451d2ab7ec0f836318955f038d97f09e1,0.04,USDC.e:0.0355
0xe6e75d6c6813227869f36e28f8fba46c57b4f88d,0.04,ARB:0.3914
0x073911559c5731dc9fa18fc58cecc6b3b1c0a2fb,0.04,ARB:0.3910
0xd89558d3cb0043bd32a86b0b9a7be9aa05b1ad5e,0.04,USDC.e:0.0355
0xf0c852df9e75c328f12699a603dd0dddf361801d,0.04,USDC:0.0354
0xa0ef574526ccbb61e1daa4e77b55d5a9b7ddc3e6,0.04,WBTC:0.0000
0x6c09826f106274bc5a449d2e0cb7b14ea6a87791,0.04,USDC:0.0353
0x8c7afe30bc34c8728b8de4c730fdcba544045035,0.04,USDC.e:0.0353
0x3fa1bc5d014aa04ec69927d6b6ff9d6dc0b3a2bb,0.04,USDC:0.0353
0xce0d183b410a53144ef3fc60931911d5ae9f00e6,0.04,ARB:0.3879
0x84df71f2d1062ab1acda0de58a7b8e1dfbb5aa73,0.04,USDC:0.0352
0xe8c44e231a0d9e62de69ea71bdc8f68b92375079,0.04,ARB:0.3867
0xddad63e93f159d5c01e62ee38310fd456bfa5176,0.04,USDC:0.0351
0x06bba830114d04d07c574fb573a0675d7eccc4a9,0.04,USDC.e:0.0351
0x518ec740882d39900eb1adfc6d0991ee6b5cd59a,0.04,USDC.e:0.0351
0x97d2a0c4de1aaaeef9f9288d37f748ba1a8c9bde,0.03,USDC:0.0350
0x45ab73a29e107ce850e0cf59b00ccde60aac666d,0.03,USDT:0.0350
0x5ea93fcdeb96001edaf9d7915476abf899df7487,0.03,USDC:0.0350
0xe78b8c1ee8ad464db856d85f4586ec3aa5643d66,0.03,USDC:0.0349
0xeb6d90290c51245386d0b7d4ceba0454c3147c4a,0.03,USDC:0.0349
0x8f06596cd717d02aea4eab68fe1c8533c045044a,0.03,USDC:0.0349
0xb261e032510992f5fcbb8252c1c37b0c3084890b,0.03,USDC:0.0349
0x3e54d3184a75574f31b87f100a3af763ae7069a1,0.03,USDC:0.0349
0x9910e029427cd5c5cd5b91fab987592d342410ce,0.03,ARB:0.3830
0x7fc70cbc8ca582b672ae8e952a23de4c8c7e6bca,0.03,ARB:0.3824
0xdc16759e10043a7b32d3fa996a7233cab93ef148,0.03,USDC:0.0347
0x6ebaaa1c89845cdf1ebbbf324de2cd331041403b,0.03,USDC:0.0346
0x4a0c6cef001077eb3f4071c327be3833736e717e,0.03,ARB:0.3806
0xf243cf8694005567d93ee2f1741ea4504fd66992,0.03,USDC.e:0.0345
0xbdfd22382301da8fee73e2d3e238bc9dda499a4f,0.03,USDC:0.0345
0x3d6cd1edbc3e98ec12e8921cc1cda9a1bd13bc64,0.03,USDT:0.0345
0x77a1b83bdc0010b65efd7c0b0507fc7975685da7,0.03,ARB:0.3793
0xcb997a3d3a29bf60f97e5e111f77274cfa2c91c0,0.03,USDC.e:0.0344
0xf594456c2fbf60a7b0b3417241c59124b45ed8c8,0.03,USDC:0.0342
0x9c668a2686ba73869a9147ed822dbb816e5822aa,0.03,USDC:0.0340
0xbb0d3a3df6254516cb51f961af5df632812c49ce,0.03,ARB:0.3745
0xb0c076096353535d7d64300b792c3a79d748711b,0.03,USDC:0.0340
0xd297f1d7aa234dce331a826074d1f7bef8641428,0.03,USDC.e:0.0339
0x55240e51801b01623b63622ee5e9020bcfe00847,0.03,WBTC:0.0000;DAI:0.0000
0x4c5c994b9934967af5eca811a12a613b1dd64822,0.03,DAI:0.0338
0xa61a0a33ad838ccbcd2bb9f9b6e6ae5eb22e75bf,0.03,DAI:0.0338
0xaf80c061b4998756256ba0c20332608983d79b27,0.03,ARB:0.3719
0xe3478a1e87688541f9b07056d0f1de87dc30cfb6,0.03,USDT:0.0337
0xecd8b0a7b204a9d4219a5b52020f23b8705faaed,0.03,ARB:0.3707
0x1178c836181fc5bd74f9f51df92d4f9efdfe55b7,0.03,USDC:0.0336
0xf3562ec6c97718b2458417e138ecca4aefe4ac76,0.03,ARB:0.3700
0xe8f0d368fc81b4c79e0aa6c628136c89db056764,0.03,USDC.e:0.0335
0x2dff74881b18d8be7ef25189a5e9ee273d5de865,0.03,USDC:0.0334
0xe4d7af444dfc0be01a55ac0e631ea44c1c88e8e2,0.03,USDC:0.0334
0x7c5fd4d95a488a680dbcebdea8cd74671696c7f2,0.03,USDC.e:0.0333
0x5845b6641460ea7e075123c0c85df09e4f26f2e4,0.03,ARB:0.3668
0x9f4893515d84b6dd6283cdbd5af931505c293911,0.03,ARB:0.3665
0xdfed7786dc0b9339a3fd0ee00a3d09e79ab5701f,0.03,ARB:0.3661
0x7fec2a322dba982e9fae3285639031530bd28316,0.03,USDC:0.0332
0xbcb2762f9eccfa008e1bb6dfd52f749dcf7cd524,0.03,DAI:0.0332
0xa68c888f873b9bff0594a97bdf9602387003ef7a,0.03,USDC:0.0332
0x8af47ac092c64e728537b639bde9c6a99082ab1e,0.03,DAI:0.0332
0x50e943bca9fbb5f00a444df651368c436c4ab5ac,0.03,ARB:0.3627
0xd8ad7412f24369b489d7d48834981d5ae7aa2409,0.03,USDC:0.0329
0xba426baec629da054c4c487c7fb98d7ae3522199,0.03,USDC:0.0329
0xce83f4099d01f7cd67ed92f87876c24b29cec6e7,0.03,USDC:0.0329
0x38bbfc534cafc304e26614bcd45c62d30477b8fe,0.03,ARB:0.3612
0xb88cfdf3a5756b22b34983eb407318f78a74378a,0.03,ARB:0.3600
0x32b20e7861e6f5bb96f4c11f0e03eae31dcb64ef,0.03,ARB:0.3589
0x80c6fa610c015cde1bccc5507ca42114f60b7e9b,0.03,USDC.e:0.0325
0x563030e33384feebc49f3c9498cc08f2e0e54abc,0.03,USDC:0.0324
0x0ea7dedc8a51a8e1fa96b8b5ed88b2398264227c,0.03,USDC:0.0324
0xe0208a62b971f7140c8a08a0e0c80a4783bdfdba,0.03,USDC:0.0323
0x23fc2ad79751aecf085a29e6b11684ba0c27ae9d,0.03,DAI:0.0322
0x057311ccd825ea4dab98ce0f037e93e52ae906d3,0.03,ARB:0.3540
0x1e4133cbce3dfdd22a66f58c41a68d726d51dd59,0.03,DAI:0.0321
0x2d646f2391844baa00d381c4c078d1f5542395aa,0.03,ARB:0.3533
0xea2af129bf7e7db80708aedbfd1bec645303f489,0.03,USDC:0.0305;ARB:0.0164
0x6bb22794569f22ce6182ac258888f4b10d948477,0.03,USDC:0.0320
0xf854b1f361148a331ecf4df07ed640b4526b725a,0.03,USDC:0.0320
0x2e213b695500517da7d1190dcd0f199d17f2b497,0.03,USDC:0.0320
0xa13f916f983370037642f5c0fd646432ddfe2ade,0.03,USDC:0.0320
0x724c30162cee89a28938a76d4bb09fa39f6a64fe,0.03,ARB:0.3511
0x3e22456562427d53b39abba6fac6f9c4ff4c1664,0.03,USDC:0.0318
0x7c3863d27034de692b265ca45767b34f52367eab,0.03,USDC.e:0.0318
0x08a9df4096ef7f72e8a72d0a9826b5e5d7299e27,0.03,USDC.e:0.0317
0xd6bda5dda0617dae325d933428bec5501706fbf7,0.03,USDC.e:0.0317
0xeaa348697ad6acb0e7908ea5673448e5a255b76c,0.03,USDC:0.0316
0x613f9720a5b5f1a2ba0f20745c839edf37013a8f,0.03,ARB:0.3479
0x66bc58115bdbdf8639764d69669f4057c97c7d0e,0.03,USDC.e:0.0315
0x9c7ddeb32204237676241c7a93adfad6e31fc89d,0.03,USDC:0.0314
0x813c72126a5063f3d110346e426b708c7dcd47e0,0.03,USDC:0.0313
0xdf96e51e32bf878283858e76dba37542e4dcacea,0.03,DAI:0.0313
0xe26d15d1e0f2f16df117a7e5a35c4b4f4c9ca544,0.03,USDC:0.0313
0x97d488f8a3237077c39bbf929f71dca6f6202dae,0.03,USDC:0.0312
0x4e4ed383f747cf817265dcec4a9ead01a6a4b219,0.03,DAI:0.0312
0xd960650a583f5d18d3e29a1b8d7c382cd515b9de,0.03,USDC:0.0312
0x96c5376b03c0a0b63d892087f25c44c30c2bd4ba,0.03,USDC:0.0311
0xede70850b3a5eca4cf30fd892768195d2f21534e,0.03,USDT:0.0286;ARB:0.0267
0x3369a459fb854215684dea7cbc5cb4dcd88d7742,0.03,USDC:0.0310
0xfa651f2b4319c698adfc5eedbfdafca06385e1e6,0.03,wstETH:0.0000
0xdbc0970c33e5cb8385da7981db45cefb97829149,0.03,USDT:0.0308
0x49060dde650ad60ee0cc1e4d16a71fc82679a752,0.03,USDC:0.0307
0xb134b5c56f00ed8b9bee6bd6efe1bede34877881,0.03,DAI:0.0000;weETH:0.0000
0x4b95db71c4186d6b58acab96b90ae00aa0cb4ff4,0.03,USDC:0.0306
0x424710f4a2250e84b4ce6941b943c765037eb327,0.03,USDC:0.0305
0xb5241f719e0ccc62f34036cfe1331174a9c5179b,0.03,USDT:0.0305
0xeb7b38841567396cfd31c45a9c8bda10be89da3b,0.03,USDC:0.0305
0x7d2cf30b4506737864ce3e859928c3fec9d92fcb,0.03,ARB:0.3351
0xdebf1af4ab5d9c8fdbda7c0189c43f2185a9224c,0.03,USDC:0.0304
0x95d16b452149b2d3a0ab03f63ae805f407adfa1b,0.03,USDC:0.0303
0x28b37d7f235fe68cf073beb87e78978bc38eecba,0.03,ARB:0.3340
0xf6a6bccbc3a05d3762a95889e27e3d6376f68ecb,0.03,USDC:0.0303
0x328b722f9d4c5f567b6a1d13b5b98952727d8524,0.03,USDC:0.0303
0x2b63c0993d3db9c368b8372e8aa2173e186d17d8,0.03,USDC:0.0302
0x55f6e6fd250864999b5ded677efefac544d9672b,0.03,USDC:0.0302
0xc99c0a14100bc57b9e3477e507ec01ead9cc8f35,0.03,USDC:0.0302
0xc2a16087ac012e429db50e218dc3772dcd137bec,0.03,USDC:0.0302
0x0a6b19c225abcc38ed1c99734b8295681e80cb3b,0.03,USDC:0.0302
0xc84ae08601ea21945da363090946fcb290f9d1d4,0.03,USDC:0.0302
0xe53191a1a38f6f7ab7f3c6fee2252be74015b17e,0.03,USDC:0.0302
0x12aa8e2025be87ac6f851d1204cd9ff5f0a4dafc,0.03,USDC:0.0302
0xc9a1001c6d55a186b5e5b883b959361e47354ccd,0.03,USDC:0.0301
0x9932c11c14d8bf4ea243f781ed63bc31b5214ea0,0.03,ARB:0.3314
0x2d86d7c8e65c673fc8f895cccd5cb9c54d715247,0.03,USDC:0.0301
0x7efa82ceae13f9c6352632b3129c2bc1316e4899,0.03,USDC:0.0301
0x27e0aa0a2128f3e0e11e4074f70edff9b3c4c5ba,0.03,USDC:0.0300
0x1b9c1c6c858022695a8741e35803e8b7715b03ba,0.03,DAI:0.0300
0xd726f82465b94386c0ee44cb4de563935a11b2fc,0.03,USDC:0.0300
0x690b406c3d13c0a51075f41fd170a615a82e4555,0.03,USDC:0.0300
0x6a909592a698df7fa4592f7f92be1d7946e04ddd,0.03,USDC:0.0300
0xf142b46321d3ba6708bcf82cd53673187f5a287e,0.03,USDC:0.0300
0xf4733910888a879c25fc52f3b8b47fdfad880534,0.03,USDC:0.0300
0x95a71762baa3a8d1a08b82000a0dc3dd72f61fbc,0.03,DAI:0.0300
0x8df0c8cf6b7efd42cc6f231d127c073c29e2d1b9,0.03,USDT:0.0300
0xbb37981d60225c65b22d1775189a6c49d2b7da4d,0.03,ARB:0.3300
0x036a4aa717ce3bd28e2768274c35b0fad86bcc22,0.03,USDT:0.0299
0x22b665b94a7bdc932de6733a35279ef44bdd1cf0,0.03,USDC:0.0298
0xf8d22f310c91ac79f81052b48cacaaa79e614563,0.03,USDC.e:0.0297
0x857925cb39def419b886a59deb6c126e68cf8ad3,0.03,USDC.e:0.0297
0x7e7c3165325536a342f94e99cb29905b13c447ff,0.03,ARB:0.3272
0x5248b611805536d28685d3e818997ea22a7af6a0,0.03,ARB:0.3271
0xd8a955c12d1b64125b5fc4ab1a00ab21e580ec01,0.03,USDC.e:0.0297
0x5385c5e67ddfc34762c829c6204a9d7d34bafbe7,0.03,USDC.e:0.0297
0xce650a1df27d99e7d1c7da7235dddaa806a7c9d6,0.03,DAI:0.0297
0x9f4be7750f50df97a49d9d4998763c0777da8bfb,0.03,USDC:0.0296
0x7fc26ececf6a91543b07f88d25e1383ce0b41f04,0.03,USDC:0.0296
0x81bce7604d0d716a4f11efce986a5fb5f9137f68,0.03,USDC:0.0296
0xdd4ef110998f91fb368ec5b108f0a67327489dd0,0.03,ARB:0.3244
0x681f128c744faf927d17b2f6068e0f57508551fd,0.03,DAI:0.0293
0x1ee43ab59481f7a2941dc0bbadb15ad477158350,0.03,wstETH:0.0000
0xd6f8b8320fda8186679cbe593d94c744a7b6ae31,0.03,wstETH:0.0000
0xa4a28afea411fbad9cf12ea2bd07997da68ed81b,0.03,USDC:0.0292
0x150452e18e21316a768965afbdc802ded6c8016f,0.03,USDC.e:0.0292
0x9582f96d4bb2ba7c16ce6f62ac7ab30eb141d667,0.03,USDC:0.0291
0xa6c399b3d1bb140b73a0b3135dd392100748f58c,0.03,ARB:0.3202
0xb63a04643946a6c5d42713430868704e5c3142e6,0.03,ARB:0.3200
0xe8446bc94b2f603ed16616d279ef51305c2ff51e,0.03,USDC:0.0290
0x0435a2aa49661ad96f92d7889532231640c229fb,0.03,ARB:0.3193
0x2188ffb3e555905ab315e9230b614247bd796038,0.03,USDC.e:0.0290
0xf61db92dc9ce0597962ea0d8bdd946d24e0fdec3,0.03,wstETH:0.0000
0xc5e5469f681302dc834ba22d8ba6396b7d921d53,0.03,ARB:0.3158
0x237838ada1bbb6e8e3a55c2d2bdff5c4ca3cfb69,0.03,ARB:0.3137
0xa77c7cb7ab6b11f3a6baee92c5eec72263c4e870,0.03,USDC:0.0284
0x2bac1c1675ea6ffa9b85a69624d03d605fe67846,0.03,ARB:0.3107
0x96c6809e4efce2a6aa4282496b2c5bc07b59d3da,0.03,USDC:0.0281
0x2f62d3f2e89e57a3eef68928a2aa81eee65ba751,0.03,DAI:0.0280
0x6076918c8d34fd71054035d66e9c4ad0a657b329,0.03,USDC:0.0280
0xf5655fc1cb81eaef8f663b59b0dd0d2f2e1d73cf,0.03,USDC:0.0280
0xabf6c273f41b2c6618523292b13e3eebf81e8215,0.03,ARB:0.3075
0x56eb69cf4c2a688da835bd7311f6859eeac95093,0.03,USDC:0.0279
0xa33c6b16ed2df1d09727d455ae577fd3e0a7613d,0.03,USDC:0.0277
0xb7e928eaf7d22512d5e8fa65fb7d35a9faf0c472,0.03,ARB:0.3041
0x6dc264f10c2a6ada5c2c1b7a057b73c8e0b1e729,0.03,ARB:0.3041
0xba90e36afa68d47790f14f268981e92d04d3a501,0.03,USDT:0.0276
0x427a46f91a9fd937da8b636e37ab483ca5255f07,0.03,DAI:0.0275
0xfcaa1265d0d14e4c294cea725633f768ce28b286,0.03,USDT:0.0274
0x81673a6fe7971e399e57d5891487d11ba010e339,0.03,ARB:0.3014
0x4610d3daae0a6a98136584bc53adaa4613e21c5f,0.03,ARB:0.3012
0x8867a669ef67d4aab7c40bf158d596eb544a9c8a,0.03,USDC.e:0.0274
0x8a93044eafc71490b75ff8239c2ee21ed0fc061e,0.03,ARB:0.3000
0x95bff4d47ab966f57517ba3b6fca3fdfcb1ceafa,0.03,ARB:0.3000
0xd23f64abf451e5e9321f9c8c27062b2d98cc68f7,0.03,ARB:0.3000
0xf84fd202e1c03647658d43bff6c610c088baf891,0.03,ARB:0.3000
0xf8870bc4ae15991b00883361293c1199eecae120,0.03,USDT:0.0272
0xcc792f162e4a668919ad2ae3fb684e231d02ebc0,0.03,USDC:0.0272
0xf803e966e4038ee57fb4b1e029f0d5d21c90f993,0.03,USDC.e:0.0272
0xd905a67d1ee4bc4a0628f9e1dd003584be5a79b6,0.03,ARB:0.2994
0x507bfaaedb3394d0c5aee8170ebce209057a6cce,0.03,USDC:0.0272
0xe32a25ff4cb45c9d12510101bd028c5fdbdfd5aa,0.03,USDC:0.0272
0x46fbbc85c3687797079994b7b06d8cb4c11900f0,0.03,USDC:0.0271
0x57a203707910be5325675eadc47de1129faa5239,0.03,ARB:0.2982
0x26b1ee2b3902b6e62288ad42197b636a5d0d85a9,0.03,USDC:0.0270
0xe5453fcfc1805787b8983e76c0fb05bae104d90e,0.03,ARB:0.2970
0x5af787663062c5afaffbef7e1606e3c5989edf1c,0.03,ARB:0.2969
0x3de482243b98af9616ec5ee4c79f85324857f551,0.03,ARB:0.2968
0x601c76e654f0cf9a1e546d7419da12f75d16e30a,0.03,USDC:0.0269
0x362ea025311b71fd2a198de9aef4c5fd02c4e4aa,0.03,USDC:0.0269
0x7a4f01d920f15e1b1cce66523361a5288491b348,0.03,DAI:0.0269
0xb53cb7fe11508945f31b6c3b4cdf48dd262169fb,0.03,USDC:0.0269
0xab082a92691bff2ebfec779bbab950c958af7a44,0.03,USDC:0.0269
0xc96fc19c2258c7528ef6bedb138f1e62809e9564,0.03,ARB:0.2960
0xe9dc4179db6eb8021c4333e0639996dfeeb9066e,0.03,ARB:0.2958
0x2716f7546cccffdeb4d74cd015d5b60941b6f4ea,0.03,USDC.e:0.0268
0x369ae2c84adf9df0e9e1c2131e916e97a0d1f5ec,0.03,USDC:0.0267
0xdae96287a6839032c055dc4749511cac1d2fe0f5,0.03,USDC.e:0.0267
0xdcd1c73a127aad28b1a3208334396d1178dd877a,0.03,USDT:0.0267
0x419f6fbf8040728dbbb6850df06a6c90b7abfde4,0.03,USDC:0.0266
0x5cd74aacc97709483b5e6e80f2632807662c798b,0.03,USDC:0.0266
0x41c41baf0254392ba425a2a7513aa376962c317c,0.03,USDC:0.0266
0xdc2286c134dfc90af8b239c64c3b3a389b948c88,0.03,DAI:0.0266
0x2a060cf94242838d3fabc74cdc7905c92c8d66aa,0.03,USDC.e:0.0266
0x805f5f835e28719aa0f1e351ff4b599294bb3d28,0.03,USDC:0.0265
0xf9dc7d9649921d0b9ad4b64ee809262c6a2676fb,0.03,USDC:0.0264
0x6da9668593aeae1ba54e27e10f1e620e7d0435c6,0.03,USDC:0.0264
0x7ccd2ea26f83f59c03e523c19d65984a1915d8c0,0.03,USDC.e:0.0263
0x46ba84dc9393f6478e8ad82ee6d2b67caea0e597,0.03,USDC:0.0263
0x62403eb9a2b7f46a06fbc9cee1ed8b6121884bef,0.03,USDC:0.0263
0x7560e255f7d5abd4af80d48f9834bad510a27835,0.03,USDC:0.0261
0x35fe20c864924435838c61511e8bf5b49a6fb965,0.03,USDC:0.0260
0xba102180dc2bf601e87a428b635e03fbb8064b6b,0.03,USDT:0.0260
0x65ab8fd4ed246790c81a515972322ae1c16f4c60,0.03,USDC:0.0259
0x5195dc615536fe513eddfa444d00fcb2186d016f,0.03,USDT:0.0259
0xad42c8b724596799671ae61c1f6e405217c0d974,0.03,ARB:0.2849
0x2f5fa664524668786a0f96585986bcfacccbc6ef,0.03,USDC.e:0.0258
0xecab44743262c1f2274174831231c7e4c817859d,0.03,USDC:0.0257
0x238cd6d2e0726672651ce6a3dbb1a7fb7c62f1d7,0.03,wstETH:0.0000
0x3688196e20037ef6bdd35ed6f1fa8eacd8b83a14,0.03,USDC.e:0.0256
0xae6ea7decaeae0bec3949cd74a5fd2e1f0e9525f,0.03,USDC:0.0255
0x880a6c23d2af1fbfd50aa0028fc72336b4d68a70,0.03,USDC:0.0255
0x3747620be079f042cbcea3c724e726ca2fdd9cc1,0.03,USDC:0.0254
0xcc6584b04beb68a2ef29971449f58750cb715c38,0.03,ARB:0.2798
0xcdec186a3249e66f0e7ff30929d3c0a6253da895,0.03,USDC:0.0253
0x1342b92c3b6d4f18293f471d09771cdc4a551196,0.03,ARB:0.2780
0xfa8bea3f28cff3a0c753607c131b98cc044d5fdd,0.03,USDT:0.0251
0x0dd94484c2f2cf7cf63bf6e0e445796a724246cc,0.03,USDC:0.0250
0x787e986207de65ab8bbd0ee438de55c1c96765a4,0.02,ARB:0.2753
0x72e6392139e03d4f55bc04f6022d79dc8cfb2d34,0.02,USDC:0.0250
0xaec6df2ae8f51015da334bcefdf37e2c4aed1051,0.02,DAI:0.0250
0xf5a3f9d6c55160c798a47ed0f93d0f0fb1f6ef2f,0.02,ARB:0.2750
0x9bad817e7cbe27efbc4b87ad36ac2f6f56c455a3,0.02,DAI:0.0250
0x0f556b3c3f7534436ea8fb205ce151d43bd6e354,0.02,ARB:0.2745
0xa7113de9e7459c210d5df31d1b55a334984bc912,0.02,USDC:0.0249
0x573d3a1d74614155b59fabbd50617fe6516f0d5e,0.02,USDC.e:0.0249
0xbb389197b1dc5199f0e758fdcaf807a7e85e9f80,0.02,ARB:0.2741
0x5073be3a9ef9a53b47e9b6ace83a7cd71cabd9e2,0.02,USDC:0.0249
0xe33739e17c8cc0695627c5a6c8f3d3158362979c,0.02,USDC:0.0248
0x3f4bf68d5f4cba9541014e355d6b8e9286714702,0.02,ARB:0.2729
0x5668768a3ac14988771dceb4d6e88a205fb206b3,0.02,ARB:0.2729
0xe21731fc3c6e81bc08a551a6331a5429f023fef7,0.02,USDC:0.0246
0x4e11113934237a10d9ac283e1f85fb3938cc6bcf,0.02,USDC:0.0246
0xeca71d9c55d9cf8d955b924dfaae2b7335a53809,0.02,USDT:0.0246
0x3b9ee00c289ee9baefe5b84eeb76d862248fd42c,0.02,USDT:0.0246
0x0aacdfe9780606dfb84bad4d987db7176addc7b3,0.02,DAI:0.0246
0xef1ded4da6af8ee18bdcba0b7ab8e45e15850575,0.02,USDT:0.0246
0x749adf4632773494c57667b28d33387d09588aef,0.02,DAI:0.0245
0x6fd83dff3f2e8c1f51ad979bd845701477b06c5a,0.02,ARB:0.2702
0x91d471e65c4fa31a06f2abfe1e0385eb16aeb819,0.02,USDC.e:0.0245
0x62fe806bd23ccc4ffcc080ecc7f99920a28fa17b,0.02,ARB:0.2694
0xac6b642e9ffa844eb43d122a65c4d7a68258f54a,0.02,USDC:0.0244
0xe5892c6a6928817e0a7fa73a3e552a95e1365d90,0.02,ARB:0.2685
0x473a3f6ef1b719eda9fd09d6c3e7c35059d90566,0.02,USDT:0.0244
0x0b0b6e490acd5d8b7c272eb154ba8a6f7a05115e,0.02,USDC:0.0244
0x17e268b1aa60c916f61c3810810a6889c204c555,0.02,USDC:0.0243
0xc11bc5546b12ffe3f873b9b06351342ae2863230,0.02,USDC:0.0242
0xd1e74a3e53e16498c8500793130a96458d6a4abc,0.02,USDC:0.0242
0x4ce2de138df871255473a1c88c3250d45c0e85e4,0.02,USDT:0.0241
0x1e55d87867f323b9148c1f9ba66235047e8f324a,0.02,ARB:0.2645
0xb1a03a9fa15d7e8e82d4ed66f9724dde2c77e7f8,0.02,USDC:0.0240
0x5c2061ac113f8ff315b5afb3eb5c04cf8fbef7b3,0.02,USDC.e:0.0239
0xe4822be6ed18bc2563db57ca0d02e39cff005631,0.02,USDT:0.0239
0xcbc1df46059b3f2b4d5c7254010b05efa56460a7,0.02,DAI:0.0238
0xffeb2b5a9ccb91e31596320b890370e2a80178c2,0.02,ARB:0.2620
0xfc90dc57013c46fabcbf59c3fe7bac1dae633944,0.02,USDC:0.0237
0x293800a9f37a2fd15e4459b75ed16731c08da14b,0.02,ARB:0.2609
0xb6a5490ca29f939a63c8b3cdaf66d81cd7df64ae,0.02,USDC.e:0.0235
0x2e2daec7aaa64910a6d68bd02a0087e154ef8b07,0.02,USDC:0.0234
0x66757b5a38e0c07d36fc846658afc2ca00d775bd,0.02,DAI:0.0234
0x3234b83086517c8fecde2fde1893e11c3c3a5e68,0.02,USDC:0.0234
0xfd1b90c8bca5fb67344a9aeee8914b326d3ead2a,0.02,USDC.e:0.0232
0x6bb2566c7456c890d093e12e53c3d5c8f2b65c62,0.02,USDC:0.0231
0xf47cd36c860d0d0201994075f74c2eb2b3d49907,0.02,USDC:0.0231
0xbb5cbd17dadfa84a39b45b8025dc9b476aee0a5c,0.02,USDC:0.0230
0x60bb70c9a53477986ac3e7557d986b90c3760801,0.02,ARB:0.2537
0xee086253c56b6527530cb241f1622050fe402783,0.02,ARB:0.2537
0x935a50255bb0a5712e32237e2aac089b762c57e6,0.02,DAI:0.0230
0xf4eda77719f8148b5825ea02046a481b6f143350,0.02,USDC.e:0.0230
0xd150098e1ca7c6caf99ae7831f8abe3874f04271,0.02,USDC:0.0230
0x5df5cf44aeefa5196a937e24dc6117e811c5d2f1,0.02,USDC:0.0229
0x32c45b03352447a274ab5f996f1e1c866acc6f35,0.02,ARB:0.2524
0x1a5c36370bd84179598155c7513f2f0cf1d0655a,0.02,USDC.e:0.0227
0x14b6e0a72aafc57bb3b6b20c26e84e8f11a57b4e,0.02,USDC:0.0227
0x0e5b115228fb1930acc96555ff6d14554d816970,0.02,ARB:0.2501
0xf39cb24890f357346d111e67905b1a4e76ce3ccd,0.02,ARB:0.2500
0xf707118d66a0e21c5d7460822245dee7168538b7,0.02,ARB:0.2500
0x8d931e1beb2ea9dba0951a6f97603a322b50a44f,0.02,ARB:0.2498
0xc1161eb82be79ca96e3e7309b8f0cbf9e3bcecba,0.02,USDC:0.0227
0xd12d7cd5ea040ae521d2cf6c139ba3660384d77b,0.02,USDC:0.0227
0x6639b3a4f00522f18839101ea55ecb6da7c9cfdf,0.02,ARB:0.2488
0x45d52a8a2636e9e3a7978fd60151e2bc1303ec62,0.02,USDC.e:0.0225
0x0d8b27801f14eeaadd51448bd6b872d8a43d27c6,0.02,USDC:0.0225
0xdd8136d648c26b0b19864afc97c22b5dab82744c,0.02,DAI:0.0225
0xa60756fa8ebd88e87d72a4b776fcf7f1470c88bc,0.02,USDC:0.0225
0x4d456bee5373144eb794fc38bd59a306b8603565,0.02,ARB:0.2462
0xba82065693b2a5fe8748453678d96c68cc915716,0.02,ARB:0.2461
0xb115d35b3625123031e1c7787514b4cde412f412,0.02,USDC.e:0.0223
0xc0d5289d80ec7dd879f2199b26c498eb3974d3aa,0.02,USDC:0.0222
0x331c9081b0ac24d90e9f1dd67c4d859748ada7d5,0.02,USDC:0.0222
0x93210816648785669c2dd43365699c2d9b06c50d,0.02,USDT:0.0107;USDC.e:0.0115
0xe062b15b567083486769c8c65ffb0d6c10f40ac3,0.02,ARB:0.2441
0x9a5d8f586ed6ce2eabbc5c1dc4b139563f9acb49,0.02,DAI:0.0222
0x2bc37837899454ce98751ffaba6aa84d6bd3112e,0.02,DAI:0.0221
0x0783ca989ab06d38ba5fd3daeabe4537dfaf269a,0.02,ARB:0.2433
0xb78a1f5e3d13d249027ce2bd50dce28820cacff8,0.02,USDC.e:0.0220
0x7b3cf0a3817a06d068a2abe091d415115242be7c,0.02,USDC:0.0220
0x68f51a186206d779d0183e2dc400bae2ecb029d0,0.02,ARB:0.2417
0x29fcd3d8d8922f5af6378b049b9d78ab37bb39dd,0.02,USDC:0.0219
0xad5c49dc02646898c7b9771e4c20bd3203556e76,0.02,USDC.e:0.0219
0xd939e108cb906a68d6cc66eb03b6674219676d03,0.02,USDC:0.0218
0x9a8fb046dc361a347d5aa7cfa83b2a52ce35c60d,0.02,USDC.e:0.0217
0x70e29fd005163b6e67df9dc5e0135d0abe56375d,0.02,USDC:0.0216
0xec508ebf46862d8b056ddcc2b69a1c4fb248fcb1,0.02,USDT:0.0216
0x75c67af3321ddb775047038e86615024e31a3c7d,0.02,ARB:0.2373
0xeda0bd789de60d665eea76bd02b448ad975097af,0.02,USDT:0.0215
0x45d7358c8699baec0b2a2cf166419d6f835effc9,0.02,DAI:0.0215
0x9d3bc2524107a0f7e3887f14dbc2dc0470a3abf6,0.02,ARB:0.2356
0x423760ea908e021ae94f150aa9e3d0ca3a9ae809,0.02,USDC:0.0214
0xb35e4c73d9bf807a1ee9271a3cb9ef073efa687e,0.02,USDC.e:0.0214
0x21464bd0fedc7992ad2d3d3ccc29259e9f0b504c,0.02,DAI:0.0213
0x1bca1e48687aeae6ebdccaac376844417819b12b,0.02,ARB:0.2331
0xaab185c8a265b0f3987a98280ffef0e73985aa56,0.02,USDC:0.0211
0x6ac8d32e75fe2f01172aa26b40437ea143f3f9ed,0.02,USDC.e:0.0210
0x0c1ace7709870dc5c39e5b82eeff7316fd36aaec,0.02,DAI:0.0210
0x5b560b66024ef616ef480e16ad90bae4d16e33ad,0.02,ARB:0.2308
0xa4e1c1ff0ab4288323a3d49fff762ad6cb5421e5,0.02,ARB:0.2298
0xb2f57c52a6a9b24e185f1599263fc7032e4466dc,0.02,USDC:0.0208
0xbf70b1909d6cc217e372ce989750e84636035690,0.02,USDC.e:0.0207
0xd21973a3d394e2e9385d9fef0d4685eed604f319,0.02,USDT:0.0207
0xc140f1af243fafc642285b3a258b36f625f1792e,0.02,ARB:0.2281
0x0df442fc5dccdc81c1f863ca77ccf1d030d0de34,0.02,ARB:0.2281
0x5be1e2b67c42aacd8042607f6caf3a9aac44b97e,0.02,USDC:0.0206
0x6ea5510c70e912efe6b857232f1b99bb2fca60b4,0.02,USDC:0.0206
0x1430d56f8160a0d17d358e864d5c9f64958bc8ab,0.02,USDC:0.0206
0xbdefa7ed3b2d5877ca94bb11126d675262ce60e8,0.02,USDC.e:0.0206
0x6436d1baf007ca44ccffe06ea340f206753ab2ad,0.02,USDC:0.0206
0x97cb26ad8bbfa8ba5c6ac697fda50e9d00f785ec,0.02,USDT:0.0205
0x1c1158cbcb9eb91a2fd10c1a0b00a354b1e50391,0.02,USDC:0.0205
0x6d64c47513b06964387bd8fe481303e25c39f266,0.02,USDC:0.0205
0xa7327056d179e6c52d3fd933b6760d01c0582fae,0.02,USDC:0.0204
0x5cda79e4f87600d54e26689011d5e4326681932e,0.02,ARB:0.2247
0xaf48eed167a2868015f8a6d6f10b37776876bf89,0.02,DAI:0.0204
0xc67fbd493097fb241eeb8500e8d7ad412b0c463a,0.02,ARB:0.2247
0x85086a32be77a8407d1e9e177c13e0d7aeaf41e4,0.02,USDC:0.0203
0xdf0e476cfad4e9e780e80e5536c100be2b7bc01f,0.02,ARB:0.2236
0xbc97646cee2647b0e298f7b87142d2776313d194,0.02,DAI:0.0203
0x02d82b8f43cefc616671da0b305a7b269cd9fc6a,0.02,USDC:0.0202
0xb2c23c59e6ab77cc278ff96e66be53c90f65e8a7,0.02,ARB:0.2219
0xcad9baee2f9beaae0747a1364b5cdc510a5a003d,0.02,USDC.e:0.0201
0xa186fa35ccde3b23c8a0582363010e2e07f2fc22,0.02,USDT:0.0201
0x22054c6abd5b7647756124a899bcf5e5fe9797cc,0.02,ARB:0.2215
0xaf95c33ae34f5e8ab33f7e4d156f52c7ff29cb26,0.02,DAI:0.0201
0x35ee6b7f0e34b2f24cc25ec23b7e11a7470f4350,0.02,DAI:0.0201
0x9eff12053d6d8285f8791c967818830afa33cd3d,0.02,USDC.e:0.0200
0xde5b4679a792e4a96be085f18223cf4cc908131f,0.02,USDC:0.0200
0x186542f7b2174ddcddff94a2717ca5fe73030ba3,0.02,USDC:0.0200
0x038375d3b8c4bc4447e6c896c2aecfe2192e4178,0.02,USDC:0.0200
0x08cac5bd88868064279169fc11c99bf5f840c539,0.02,USDC:0.0200
0x3375c0dc5bf8b85ed179e78e984e02a72192da53,0.02,USDC:0.0200
0x726071b0f42da7fd96e021a1514c485495a3b965,0.02,USDC:0.0200
0xb78860031d056d2b02558ab92058bdc3a99c0177,0.02,USDC:0.0200
0xf76e055826a5f73200f05246296ebc88941b2e01,0.02,USDC:0.0200
0xf8dd8cdf7702cb8c0b42542c88cfb496de7a6b54,0.02,USDC:0.0200
0xc32cf69a6ede96ecd07e5df9d95d3e5e37628e19,0.02,DAI:0.0200
0xc9605add08d2235eb328d2742bc33145fea5f345,0.02,DAI:0.0200
0xcc0d32c902bb83225d8b03ff432df723ebaa154b,0.02,USDC.e:0.0200
0x34462ba25b0b8f2bc2a6450f935d3b97bef3d78a,0.02,USDT:0.0200
0x49d262f5eb8bf1239f2cedf242841e65f68aa65b,0.02,USDT:0.0200
0x8eedefd19cf269f2ebe8a41332b7f1c40e923c38,0.02,USDT:0.0200
0xdd5c47a6115696a9dcfe0aad82a26732f265f29c,0.02,USDT:0.0200
0xce4eb0cdbba9dd919dcca8753e08fcc4c284e778,0.02,DAI:0.0200
0xf237ff8ae493775371d31c9801897394a1f3080f,0.02,ARB:0.2200
0x4aa9900e75dbc326289e849a4a885f0967e04188,0.02,ARB:0.2196
0xf26ddfd53046803483ddcf2432c80721c9fbb7fe,0.02,ARB:0.2193
0xc372b9f432b6a03597222611994b4b5f3ab20aec,0.02,ARB:0.2191
0x75f0b6fd9b8fd3f900dd6dc105e812139c4cf2a9,0.02,ARB:0.2191
0xa56d01ecb058c80ca563f1a9c5308e8716045c4c,0.02,USDC:0.0199
0x3d8acf794b4babcac634098f3d0e98cc749f4ac9,0.02,DAI:0.0199
0xa669dfb20854b299ca64e345467b60643301c279,0.02,USDC:0.0199
0xe72263254e1de7577ce8462f377398d1447c7e84,0.02,ARB:0.2188
0x5048b5b563e6a89d8ed31d650dc252fa3638e035,0.02,ARB:0.2186
0x698b8b08cb765c947732902e435a57c6f83b1046,0.02,USDC:0.0198
0xadbeddc7f4130dcea30410d3e6b60d5b5421b6ae,0.02,ARB:0.2171
0xfbaae376b4562eea667cb8d69e92f87351021ad3,0.02,ARB:0.2166
0xb2c18e548e964602e2144336eb4351993f56613a,0.02,ARB:0.2163
0xdad593bc3522c185b104afa582ee6f5124f3cf41,0.02,ARB:0.2163
0x2ff9dbd8bda984876165edc9bb94e09f250006e6,0.02,ARB:0.2161
0x24e214ddef77852ff4056f7cea9b2dd839c200a2,0.02,ARB:0.2160
0xafb535aa4eb8ee1385d0d8ab9ae96dbe8c7fbb54,0.02,USDC.e:0.0196
0x3937a5a5f2dc66f726ec9a57b70bc01681203ad7,0.02,ARB:0.2156
0x53a7aecc8073d85ac4820c447b159e697e59f98f,0.02,ARB:0.2156
0xd80dbd9c8c7d4e1deec380a04ca4162ada843261,0.02,DAI:0.0196
0x0cacf32e8f77118772e13274c19d0fdde817e666,0.02,USDT:0.0195
0xc345bfc16e02047a44021a0722bc4e5e4df052dc,0.02,ARB:0.2146
0xe9a86978b451c23ef94db84416acb6bbe8ecb0bd,0.02,ARB:0.2140
0x0314aab17c4658234dd8d8451c481d98a246fc18,0.02,USDC:0.0193
0x0950ad6c030831d4b3de55e2aee34ffd4068919d,0.02,USDC.e:0.0193
0x855198a175de914ca0bfe046e917387a55eef6bf,0.02,USDC.e:0.0192
0x4017737dd8c6d70f9f3fc90f6035a2321f99bcf3,0.02,WBTC:0.0000
0x58748e6a072824a23858ed1d95e56da465c63685,0.02,ARB:0.2104
0xa5837b14cb5193ae672a551e3aba4d59749adee3,0.02,ARB:0.2102
0x487e34041863139a5902531f11ae198e74bf9f77,0.02,ARB:0.2100
0x701eabfaba78648d4887a6f0ba5f9eafacf5763e,0.02,USDT:0.0191
0x3c335a494e815071709d616aef90d56d10596ed3,0.02,USDC:0.0190
0x637538facd0488946f9927b6bbf06a6e0d143562,0.02,USDC.e:0.0190
0xf9f7713063eb12b4f3b030ef04caef143fc39736,0.02,USDT:0.0190
0x281ac707795a0d16c9777eddd82a4b21bf0b3025,0.02,USDC:0.0189
0xeb0e1c488ac074dede8016ec9bd6257800521778,0.02,USDC:0.0189
0x3e41b269ccd55dd78a168aff7838c54117a1141e,0.02,USDC.e:0.0189
0xc54369031a55adb34095613c268c39732f1de563,0.02,ARB:0.0135;DAI:0.0176
0xe1f07ce71c8d0556c85eada4dd3964ed185a2897,0.02,USDC:0.0189
0x1cb1ed0e32825f025b9432c94e6eca50af596aa5,0.02,USDC:0.0188
0x00a5fb9d4f2d8d6e3ee97af8b905f81d5a1a865b,0.02,ARB:0.2070
0x7b69950e93a66682a158ae3ebe366d3a3e05dafe,0.02,USDC.e:0.0188
0x39b3fad859c082004ee603febb8bf32f80516166,0.02,USDC:0.0187
0xd1c0ea5ddc53bd83b67959d545b14deac68182b7,0.02,USDC:0.0187
0x5f4fb841ae1329554f57e05d5442ee0e67d29287,0.02,DAI:0.0187
0x989c4fb381b38fd031862f96a8519ac438552ea3,0.02,USDT:0.0039;ARB:0.1627
0x607a9e2523cd4885e4d3be8e049b57f0c8a8955a,0.02,DAI:0.0187
0xc2f4fb7a6ed3679b858552e5210fdf76dfd1c515,0.02,ARB:0.2043
0x1117d9b3bb03352645b09a51c752b355a3516f9f,0.02,ARB:0.2041
0x89cbada8c98919e8c44d744a4234c2a8e22dc4d9,0.02,USDC:0.0185
0x9db8fb21b1ca4d8994203e4457571d6759e525ce,0.02,USDT:0.0159;USDC.e:0.0026
0xcc499731dcea027207dc59de96cde4c5a63482a6,0.02,ARB:0.2037
0x72cabf45fd537581ba2ab808655204796cca7320,0.02,ARB:0.2026
0xa1d572dc70d89fadb8c05c1e2d7d070c20c9a486,0.02,USDC.e:0.0184
0xe72170539db70f8b0d9b6405afa75c55765d2e88,0.02,ARB:0.2019
0x98a1aaf897a88f08701d73ffb48b3ca8f90e5c2d,0.02,USDC:0.0183
0xeb0ef01797cd81cc9c346b8f370b80b9aed25e92,0.02,USDC:0.0183
0x890897080107efc0e2f4c6c89637d04ff0b4bd1e,0.02,USDT:0.0183
0x6a58526a51647a5e18fefa5c4fcda56d482ed27c,0.02,DAI:0.0182
0xdc202abfb3fb579a410ca3c2da03bd255df27534,0.02,ARB:0.2000
0xc06e22bccf0fee9b46d24709424f951dafd544ca,0.02,ARB:0.2000
0x05dda91d1ce6dc97f5a4877efcef60b57efecd72,0.02,ARB:0.2000
0x070dbec75ff3219a43db25d44ecbb3f206abc694,0.02,ARB:0.2000
0x08b7b722b63469437524b0cd2aaa13e108e8595f,0.02,ARB:0.2000
0x1695b8f0b95b6b058acf9fb8458e7c170374f9ca,0.02,ARB:0.2000
0x28862071f1aced61522671f2450df1fa98b1f7e6,0.02,ARB:0.2000
0x46de879ab5088ab0200fdbeba9a2eec8b4a52113,0.02,ARB:0.2000
0x4cdb2ba3dbb562a4837cd7e92ffa975432719a6f,0.02,ARB:0.2000
0x5a54b350ba45345d42573d543e9d06162828192a,0.02,ARB:0.2000
0x6ff38f973893d2ebbf72e37e5a45d52f402baed8,0.02,ARB:0.2000
0x76f035674422e12189f69a7e891fb2e5a7109a1b,0.02,ARB:0.2000
0x865422a83e3138ece7cf6b7c792e4174079ad169,0.02,ARB:0.2000
0xa52f22f5277008d36c2f22d8d88010c6b6de2590,0.02,ARB:0.2000
0xaf8fbf566b8d9fb04a983327f2a10f57d1f729ef,0.02,ARB:0.2000
0xb0746698e5532566b9d7433cd01c8269df62e916,0.02,ARB:0.2000
0xc502006668fdba3461c626b8451fc15c60e584ad,0.02,ARB:0.2000
0xc7d24d8edf0e8e266d9e6517da9d9cdbc245dace,0.02,ARB:0.2000
0xcc8f631ca180459e5da993ab4331f74716b907bb,0.02,ARB:0.2000
0xcd4c4558885a8087c9507eae866af67a2f17a40c,0.02,ARB:0.2000
0xd0ed4ee0c4e5c6a697afc2c5cfacb4c8221bf371,0.02,ARB:0.2000
0xed8033c778321fca808b1f1b230e3b9e9ef9b008,0.02,ARB:0.2000
0xf8c8c34ec5fba37ff1fa2bebd303c8400823088c,0.02,ARB:0.2000
0xfa9739ac3ab3578ea8739881e8ad0ce8a5e698b0,0.02,ARB:0.2000
0x0eb649918eda414ab939b516fbbf68eaf17cab0e,0.02,USDC.e:0.0182
0x173a2e32eaef1843de68dd2e06a2826d6cf7d7cb,0.02,USDT:0.0064;USDC.e:0.0117
0x943dc0851fc9c69b0be3bc4a0c6792929bc656a9,0.02,ARB:0.1990
0x12f03f0f9b9384feee357ab255b42ae99fdb8895,0.02,ARB:0.1986
0xe5eebf26641af3b101c2909f60c4e05ec7d2724c,0.02,DAI:0.0180
0x40e91bd61e81ff6d6326601ccd3c603f2f88217e,0.02,ARB:0.1974
0x6f0cde1fec1c9982553a2552e68cbf342507275b,0.02,ARB:0.1973
0x9003a4e152472807a3e8447afa0810eb97598e75,0.02,USDC:0.0178
0xe16aecdf0e2e06e457803aee486f85bffca8336a,0.02,USDC.e:0.0178
0x930536239139652bde6af50cf94b0a876b91b4f5,0.02,USDT:0.0177
0xb15ac672a0b02bc8ec8f9fb92485fb62f3949548,0.02,ARB:0.1949
0xf2e53d2b6e5e8f75f78334142cdd836cdf8010c9,0.02,USDC:0.0177
0x449889907c17c0cb972f5531f087320dad589bc6,0.02,USDC.e:0.0176
0x571fc1dd5eb788756a7208e37b5b341fdf41f361,0.02,USDC:0.0176
0x095ceb324d7efcd4725dc3bf73212b43f9239bb6,0.02,USDC:0.0176
0x9987cd675fea16c1b162bdb4c1894393c716ba10,0.02,DAI:0.0175
0x0b4c36130b0e90b4cbd8f5ca0de1d8d650be5024,0.02,DAI:0.0174
0xffd0baf6c3b89e193a75b8edebb45d4ae95a5933,0.02,USDC:0.0174
0x996b66ab0748f8334bf6ea8ebe87f5794ddccae9,0.02,USDC:0.0174
0x85ccb817902a3690c7574e971b85535af686c212,0.02,ARB:0.1908
0x8c75f3e4aedbe7e08dac6d3aab640502f1c90d2a,0.02,ARB:0.1900
0x6336548b06d41504c0ed43b2d695a3971b7899ae,0.02,ARB:0.1899
0x6a6c062d51d3a11df6ce75473a339f127008b8cd,0.02,ARB:0.1891
0x4375b8a8b5139b0fa0b5c573a66759d9c5d634d8,0.02,ARB:0.1888
0xbc71cfda000c11ac6cf6306d67aea551a0b92292,0.02,ARB:0.1883
0xe8c93d023197e7d857e75f1aadad541396bbb5f2,0.02,ARB:0.1880
0x4bbe9467899009a15aa323af2f7edf425bff4826,0.02,USDC:0.0170
0x14c9ca9a81e0b7317631d813b341dd597a0f4233,0.02,USDC:0.0170
0x5307543cbe49ede170e3dc46c0fb213db46636f4,0.02,USDC:0.0170
0xf0f70de33327b25c704760616f6f46100a7b8fbd,0.02,USDC.e:0.0170
0xe918b0569afc68d3c9f8327027119c65fa21cef1,0.02,DAI:0.0169
0xd5ed03f1bcc6375a517d68da0ccbc6b5c046a74a,0.02,ARB:0.1850
0xd6e97f3e2d8a76e088d5e6284e313ce79f2ef56d,0.02,DAI:0.0168
0xf5991d815355f47a6a6165edf1e919aa6b83bc5d,0.02,ARB:0.1843
0x9cc3231ec8ce250fac64ea5553e0482e992e5bcb,0.02,USDC:0.0167
0xe3167c18dbc3055cf37ea6bc79a38bcfa4d6e18e,0.02,USDT:0.0167
0x759c4625b0b3264cd7cdea60572e4d90a12575ef,0.02,USDC:0.0167
0x80d713620f6089b8971c336491911135dd2effed,0.02,DAI:0.0167
0x6d18676cdb2d494bca7631aa8b060e1577e945f4,0.02,ARB:0.1832
0xf7bc56006770b1b71cdf6f95d471769cf5a4c1fc,0.02,USDT:0.0050;ARB:0.1278
0xc2859033e3dc4626906b09b51f910e074ad27bf4,0.02,USDT:0.0166
0xcce093846d61af0838537d5eda0b50092b40f99f,0.02,ARB:0.1823
0xfe690eee8ee3288d9810e263c1ec3f53228ee0d8,0.02,DAI:0.0165
0xc960a394e9a37c83f22b24716136935f8e8fc256,0.02,USDC.e:0.0165
0x1369ada8301de226b3940d0812a86a0067ff5226,0.02,DAI:0.0164
0x4c8b0fdb314e19726afdc70382e30fd5799b5df6,0.02,USDC:0.0164
0x7373584c72181950f1675b255b4b10e4265a204d,0.02,USDC:0.0163
0x9a61d6f3bfbf8c660f94b1320162a2addacf8e8c,0.02,ARB:0.1784
0x355e1eadca30b33e94a06ed0fd70191f9a9a5c88,0.02,USDC:0.0162
0x1e8a5dd1b620064a615233456afe37b7ce58d241,0.02,USDC:0.0162
0x44763ad03dd4048feb685f12ecccb4808a0358c2,0.02,ARB:0.1780
0x9b136571d0e72ff296e95bf4d1c744fd8bf4b9b5,0.02,ARB:0.1774
0x5a0602d0baac14c30c84905296bc256ed7058750,0.02,ARB:0.1766
0xfa76ffb0abe7c304386206c1b66bd749cc083da3,0.02,USDC.e:0.0160
0x09834f5b80c770a90dce3971a9602c1f36b57aab,0.02,ARB:0.1762
0x3efd4f0938c1d516235d491ffd87314112bbf365,0.02,USDC.e:0.0160
0xd495daac3bc1895912e3a68cab70cc827e48f1e4,0.02,USDC.e:0.0160
0x651590622fe1aa9388ec9e65667049c2c75870c5,0.02,ARB:0.1754
0xb1239241b04e89d86e1f9f100105fbc0f7dd5fa8,0.02,USDC:0.0141;DAI:0.0018
0x6bd36f9a7bde037af6df077eb52ace22784c4989,0.02,ARB:0.1749
0xf691738e837f125149aad436b3655da910d3a2cd,0.02,USDT:0.0159
0xef29d88e6a77f9b65c78352b210c618b0c725bec,0.02,USDT:0.0158
0x66b96329a86ab6e268bb70dc93cdd21834bde52d,0.02,USDC:0.0158
0xebc8b72f5a7b8c8a8070aafbf7e427febd289f60,0.02,ARB:0.1740
0xf8130ad65bb6a86d2effcaecc21cde220ceeed8c,0.02,USDC:0.0000;weETH:0.0000
0x77014cb568cf8c65b47eec77294b707093d584fb,0.02,ARB:0.1735
0xfd86c8436b4a7bc57adb68409c27d910809a523d,0.02,DAI:0.0157
0xd434bad9b5c6985056c59cd23838b77cc8f67f4f,0.02,USDC:0.0157
0x7744e08c98797fe300a16093cabdd761cce3a5c5,0.02,USDC:0.0157
0x6e08e426b856898f932233ddc527db3dcf95ea80,0.02,USDC.e:0.0157
0x79a71b809a5211e5d54380a484241b9e37375f71,0.02,ARB:0.1726
0xace68bbb9ceab1c8b3feaf929c461152c8a8ed26,0.02,USDC:0.0156
0x654e01b0c3b2c93d072240f0b9006d14a38ff123,0.02,DAI:0.0156
0xe1031825e9667178167df00c485911847e4f91fe,0.02,USDT:0.0156
0x257a3c5994a05993bba01562e0e977b49d3dbdad,0.02,ARB:0.1712
0x1e4b0a25950053b2f014a1cb6fbf5657c04c9285,0.02,USDC:0.0155
0xbe78bcbd41499f4f11a13ca3e9efd1a090ce8093,0.02,ARB:0.1695
0xf81d79568cacf980b0659c00fbda9edcdd8be87c,0.02,USDT:0.0154
0xa14f7053b9dcd3fac52a7e2ccf8431b8e810401f,0.02,ARB:0.1691
0x5a380f54d82127f073cd524a0d2b2b9bfa0893a8,0.02,USDC.e:0.0153
0xed9a89f5c8f42b16a250417787d2765a62fe2fb2,0.02,USDC:0.0153
0xb98a860d814a4a7db718db11319211fea3707cc7,0.02,wstETH:0.0000
0x304a47a2c62fc8b6acbe7fa713a2451787831338,0.02,wstETH:0.0000
0xcdd6c6b9679b216ded93b6d5f1231d474b5c61ae,0.02,ARB:0.1681
0x82f9ea8d814a6eb335cfe17500cdcbb69c7ebbfe,0.02,weETH:0.0000
0x431607c1c6054103b1125b50beb837450560085c,0.02,USDC.e:0.0152
0xc515526a9ce3994be402e5c7efa4ee4813785ced,0.02,ARB:0.1663
0x9d36d8d61b029bbeb0e6340307519bfd6279d97c,0.02,ARB:0.1658
0x47535dfb84a283892bfb14738732e304231ecabc,0.02,USDC:0.0150
0x2467d69a70d4178ee95b0194776ec1c06da92556,0.01,USDC:0.0150
0xe479070c37ba5c47c97221ada0159db97a470398,0.01,ARB:0.1651
0x164af4245734ef265bbf28de9dff071f71227c16,0.01,USDC:0.0149
0x4e122c62742eb4811659f6d85fda51cc63764940,0.01,ARB:0.1636
0x02430aaf636c08005ce17595088a662bc20d5752,0.01,USDC.e:0.0149
0x58ff412d05ddfd36f940ff46b6b325160ddcf4a5,0.01,DAI:0.0148
0xf1d63e272025b09c58faf6822bb2679397b83579,0.01,ARB:0.1617
0x7acf93f3b2fa40f150f5c946ae267731d9f5bf46,0.01,DAI:0.0146
0x4c14c406b24d9cc2a521026aa516bde7d2b2a841,0.01,USDC:0.0146
0x52d9e36d1f329a6c77543e5ab78b1e680db7a606,0.01,USDC:0.0145
0x00f978ff7b5f9e40f8cc6e01430d3aa2a2dc94a3,0.01,ARB:0.1600
0xd3452948c4ceee8236c82f3b751297587f89e024,0.01,ARB:0.1598
0x9a07d983c0be8c156cc0282695ff23ad08253fa0,0.01,wstETH:0.0000
0x05a91e0a6ee2580513500eacc049f5ce8b3ab40b,0.01,USDC:0.0145
0x8c102040d0a9aedaef7c852571dcd0fdfb2e84e7,0.01,ARB:0.1592
0xf642141ddccf36beae573168a74dcf954a130004,0.01,USDC:0.0145
0x695495097b1146cf9ea2f0c9fb827b2b958a9783,0.01,USDC:0.0144
0x47e93a295e1d2524f5932e31d11330705a991d57,0.01,USDC:0.0144
0xb138334662f8d29923f3bbb4198d1b3793b61ab3,0.01,ARB:0.1588
0x8be0c5377b9bca660a61711b068676ca5d97aff7,0.01,USDC:0.0144
0x98d6d3fa90fd032fd92f25f3baf5a38f57526577,0.01,USDT:0.0144
0xd62b5fe7e04eb51b2a7e87dbbffd4c8f45f8ffde,0.01,USDC:0.0144
0x9ec5b1f70ac804bf993bbaa150ec9e361e40a3f9,0.01,ARB:0.1583
0xa4e5026ab6cdbc533e38d863418f281f0efb3e02,0.01,ARB:0.1580
0xf8eca921bb40f3eff6a1ad658d63ec50e20b7cfc,0.01,USDT:0.0143
0x4a26b73cb909873919662dcdc6905a0f53e0f209,0.01,USDC:0.0143
0xa5a8944f10a80d940d691d593af0a34d0e363985,0.01,USDT:0.0143
0x2ebd4751557bc68ddef5a3b0b7ad04ffe5cecc9a,0.01,USDC:0.0143
0xacfc8b509d5313fcbbb98344c9f7fbf95e416352,0.01,DAI:0.0142
0x516b3753a01d588a693aa61d02d51eba9ccfd63b,0.01,USDC:0.0142
0xbb703d088044bc26902dab8fd9e44b57eb417d84,0.01,DAI:0.0142
0xd33145a01b7cd2ce8d5799509755ffa615818622,0.01,USDT:0.0142
0x47ef6838781420faa2ee713508fc5773f3a69361,0.01,USDC:0.0141
0x16d4332096301948ad34230267cdea32f6c8f7a5,0.01,DAI:0.0140
0x638b68fcdb8fa04ed940684a2a9cc73ce0ce5adb,0.01,USDC:0.0139
0xf9a3de35a5ccb23d66c71271e31604b5a993ef65,0.01,ARB:0.1530
0x1d813785a7397e53ed4fc5a1d65eee17fa0d0a94,0.01,USDC:0.0121;wstETH:0.0000
0x7d6ddbe7a31e5ec69f0ce2da3f3738a82e606d58,0.01,DAI:0.0138
0x3b50688c522e8d1566c9c5c310ef56dded359cfc,0.01,USDT:0.0138
0x374d5221a4367fe746cc6c92d333c6ce15386fcd,0.01,ARB:0.1522
0xa7881e22c9d8d6e9ecdf34a6d6452550877bab5d,0.01,USDC:0.0137
0xe5286fc8cc17ebbdb522cecd87d2548b537a8f49,0.01,USDC.e:0.0137
0x60af8d60fc3e86d95818dbfbf375b17f46d3e0f9,0.01,USDC.e:0.0137
0x1f605ce3b8b58764f46cd058207a8765d83ca439,0.01,USDT:0.0136
0xc99a571f860b452e6b5a3e906428051a0fa2f21b,0.01,USDC:0.0135
0x74b4017bea602959437d2f5e8b90cf3524d3b91c,0.01,USDC:0.0135
0x977d9c2e28340c90dec7decc62815d74863fef19,0.01,USDT:0.0133
0x8bac69e82ade09cffd39ef52db5c67b711531723,0.01,USDT:0.0133
0xbbc6df4d7d9682662a4a863701182112ed100c30,0.01,USDC:0.0133
0x7200c66955690e4b6878582042b3624163e7922c,0.01,ARB:0.1458
0x9bb65efeabcace8dd10a001eb0a08a2187928bdb,0.01,USDC:0.0132
0xcf13f6ec4f64cc12b460d38ff1211f1c3c40fdce,0.01,ARB:0.1453
0xc687a757d6a6ba1e124f0c001e6a11a5009ab094,0.01,USDC:0.0132
0x2bc7ad222112997736b9b62964bd148515417361,0.01,USDC.e:0.0132
0xc239ca5cc0c3757af2922a9b347329e21e37218e,0.01,USDT:0.0132
0x558fa82960ec3fa51af9ded2d5a846c597f8c28b,0.01,ARB:0.1436
0x66436c6eb3a8751e2324d03ef6a936b3f981e9c3,0.01,USDC:0.0130
0xa72547b279f94d3dd9f7caebd04652e80d9bb65f,0.01,USDC:0.0130
0x082d717b1f91298b47c3e1b4eb56f1c11e041557,0.01,USDC:0.0130
0x8373f356ef0a397c029a4b96fa313796536ab103,0.01,USDC:0.0130
0xff1c891fbed82227628406dd49782411b216516c,0.01,USDT:0.0129
0x6c58333c0464e0cc64f85f5d144c6301f949cf66,0.01,USDC.e:0.0129
0x6509feb4f8170c738bed2452cae22d4da064ebdc,0.01,USDT:0.0127;USDC.e:0.0003
0x3db440d9450021e57e24403ca040d44ee2816597,0.01,ARB:0.1419
0xd364d193fb5770320562514a0016f79d02b151c2,0.01,USDC.e:0.0129
0xe5ea3791372ac70bd51c33f8bdb0f93e4e150503,0.01,ARB:0.1413
0x1a5af19b45150ceddaad1776ff86bfb1765facda,0.01,USDC:0.0127
0xf066b5cce04ee5dc1b5d9bfc6e451c3076566608,0.01,USDC:0.0126
0x0c0c3df3ee78c0e503ae28e14d69a697653b554b,0.01,ARB:0.1389
0xdcb47c166d1d77654fc60840b879c787700de740,0.01,USDC.e:0.0126
0xbbea28f537e5645912bd9cb1786b03e07e1abc28,0.01,USDC:0.0126
0xd801d2c9faac842af6bc3a4a817d519043bedab7,0.01,DAI:0.0125
0x6efd785b71b87f534595ba7fd3b76d73b20e01b0,0.01,USDC:0.0124
0xaf5e469eeaeaff784d3b2e5bff13d24d4a92685c,0.01,ARB:0.1356
0x12c3ade4a6a54371cba993a365fbf1be6ad178cb,0.01,ARB:0.1356
0x1ae17b4acd6324924ff50cf4bae7c60c6e9c95dc,0.01,ARB:0.1355
0x5c2ea00af83a4af002291fd8d5bdd80b07802cb7,0.01,ARB:0.1344
0x33ed72aa5c77191df114fe13e5af9a15cb55b022,0.01,DAI:0.0122
0x57053219f44959c92302d73336d6f21a2f97a27e,0.01,ARB:0.1327
0x635b953aaeeeab9e6b8d5bc166ee157c0e5aa21b,0.01,USDC:0.0120
0x79afab146a464313b29b84f62379e75c85376da0,0.01,USDC.e:0.0120
0xf469f3d73b54bf7eb11e961b1b05dac8d236e5b5,0.01,DAI:0.0119
0x768a9eff133ecf97766b4752e7f64d1ee37e0012,0.01,USDC.e:0.0119
0x311fed5dc63d44e47ced535e330049f8e34e28c2,0.01,USDC.e:0.0119
0x231d313ea7a12d40e0370a829a7acdc91751d957,0.01,USDC.e:0.0118
0x0341b652be6a4db48d165f659035ad3188399bd8,0.01,ARB:0.1298
0xc4be091956d6de5a46da308e6d2ecdda06105644,0.01,ARB:0.1298
0xe875fbdece0b9cae0cbf7c7ba14113190f23cecc,0.01,ARB:0.1295
0xee149ada24055e37ae9f873b28cf676fdc23a097,0.01,USDC:0.0117
0x12c9bcb1720fdd2bb6941649d1c0f59906c7ad21,0.01,USDC.e:0.0117
0x43584dc82a8077d8558b7c8374918fc939574539,0.01,USDC.e:0.0116
0x8328c10a9d457ffc39c5b61c89e003d3025ae525,0.01,ARB:0.1273
0xd9719143d1acaf9494e455a7853cb2a365cd4edc,0.01,ARB:0.1271
0xabff99694daafc5d22a4bf010bb3d6d5002782e4,0.01,ARB:0.1268
0xb5ebf11b2b5b2d61cbb7e932679251298b028b8e,0.01,USDC:0.0115
0xa7c6cb4cbfbbdc172d1dcc9b586121fa1c99b961,0.01,USDC.e:0.0115
0xe7c8651444df1237708be5b60dcde60ea642a606,0.01,ARB:0.1259
0x2285ae438106e2dbe91d56a2330cbbdf4e65b591,0.01,ARB:0.1259
0xed8bda35798ac6df0d0b621e15f09460a94694b9,0.01,USDC:0.0114
0x6de37f3dc979f1fbf88ef23792f662e27b54c85b,0.01,USDT:0.0114
0xeec45a09a8a2aee73082a40392201f6b5d4fa734,0.01,ARB:0.1252
0x3d34994752689c5bc0c930c14fbe67ccc0b52ede,0.01,ARB:0.1250
0x03192ac19d292f72a493e8fc5212e456155e9e60,0.01,ARB:0.1249
0x323879ab353d35a333cc42431a86e2659e42f476,0.01,USDT:0.0113
0xc9f801fadb0568655883ecb568cefe5e809694b8,0.01,USDC.e:0.0113
0xa6fd2ec638383622fb32dd2fd9397a5253951e5e,0.01,USDC.e:0.0113
0xad72cd225b5ffbefa4c88120801fc01e09e9f3d1,0.01,USDC:0.0113
0x1e799d0f153d7f28fcd01ab7f968011171eae3d8,0.01,USDT:0.0113
0xbe5c3717205ef314f01a280cc552b95aa9da4757,0.01,ARB:0.1238
0x298e9edbb8f573d96cb4b68139a1196284117263,0.01,USDT:0.0112
0x9de8ba33f7219839b7f5a3fb1c5467d25e815ed5,0.01,ARB:0.1234
0xbfc19ec0bb4e61c09f159bbe17ffefae928fbefd,0.01,USDC:0.0112
0xc64113ba4baebecb6f8246de33b976306dcbdb73,0.01,USDC:0.0111
0x7b5ac61b6089af97ef39a919a228a646888fc604,0.01,USDC.e:0.0111
0x094b4dd5bbaf14c105e25efd19faadc8c1315c00,0.01,USDC:0.0111
0x31e3b725b2f0031c50492a048ac40f067c9f21ee,0.01,ARB:0.1224
0x443fbaff5ee521a6395199cea7cb924ab63e3a3c,0.01,USDT:0.0111
0xa9f9047e5555f9d04a16e059798ef4888e184fe2,0.01,USDC.e:0.0111
0x5edc2ce437d7de95f02bee7d97213501f3ab39ce,0.01,WBTC:0.0000
0x46e1c29b7741429336db811382fbacb5162f15a8,0.01,ARB:0.1214
0xaadc77db88baef9d62c714e16540155b3c5ecc6e,0.01,USDC.e:0.0110
0x6eedf16e82cdd6406d00e9a6ae5f79b9206dc212,0.01,USDC:0.0110
0xbd0d6a66994bc69b927ec651fb946906bfae6e28,0.01,USDC.e:0.0110
0xc84cf1797278ec8626971c1086e9f8ba781861f8,0.01,USDC.e:0.0110
0x71f3cb8f4d9914f0b56b7632c0417ee9000f0548,0.01,USDC.e:0.0110
0x84a492e51e13348c7a364912567fc3aa38468b3f,0.01,USDC.e:0.0110
0x96aeb73377aafae3453d4fb00b3834c26e773ef3,0.01,USDC:0.0110
0x54c60096f29b58e28e5822b1decd46902822c84a,0.01,USDC.e:0.0110
0x739de9033d1db578f3ca960cc15025e8972aa8b3,0.01,ARB:0.1207
0x2bd7181a85d52deac76f17992988e8801741aa4c,0.01,USDC:0.0110
0x63073a057f668491195ff7b3f1c2183318919e90,0.01,USDC:0.0109
0xa56623b679fea2a355a3e9c6041f5fbd10dd41ca,0.01,USDT:0.0109
0xac1b0bf865b380beec76b7ec9c1ea65891f939a9,0.01,USDT:0.0109
0x4b9b1aa3cd75a8d3b9bedec56f26fbf53ffa9dd7,0.01,USDT:0.0109
0xae4b8ddc486cb77130a1007e2b561ff14dec595e,0.01,USDC:0.0108
0xacf121f459d08903c1fe47f10de8a789a6d053c2,0.01,USDC:0.0108
0xf36c6d98f0ce1593d341ec605ef92270e1ae9bf8,0.01,USDC:0.0108
0xe4fb335ecb583b20ee2395e639a28a5f411a65eb,0.01,USDT:0.0107
0xaf8e6c1d2cb0c4da3689f0411971e0f56a267a3b,0.01,ARB:0.1179
0xd129ed2bcaa973f2ef57652d9936695e48154fb3,0.01,USDC:0.0107
0x63365dd6f90f3f2879930c160d95bf1252bddde1,0.01,USDT:0.0100;USDC.e:0.0007
0x16b6da5050fd8d93612fb21d2c903decaf27b02b,0.01,USDT:0.0107
0x9b242a46658df0bfdb05b7ed0dde2abf0994ca5c,0.01,ARB:0.1172
0x354762154c69f8a84209f98af84970c8815add60,0.01,USDC.e:0.0106
0x9e1c950e743ec4f6afec299dcdff1bbc21bb2b3b,0.01,ARB:0.1168
0x5b8aff731b45d5aa8c69cd871fb6805830b765f6,0.01,DAI:0.0106
0xe44655835e78ac23478247ddbb3053c1df3b3852,0.01,ARB:0.1164
0xba6c58c0b9679e1836f369161acc46662a63c593,0.01,USDT:0.0008;USDC.e:0.0098
0xedc3f5276efcd82f16bcc2d8d3f22be632f9e258,0.01,USDC:0.0106
0xc62310973a18398bb3c4d097f6343c0d9d0e3efd,0.01,ARB:0.1162
0xd9f21c6901ad8de455533a0082bc5eda9bf14099,0.01,ARB:0.1161
0xbab24c78889362d805d04befe2e68b7c658937f3,0.01,USDC.e:0.0105
0x610db2bedfdb76cda7e2e80e9d3b7824659a3765,0.01,USDT:0.0105
0xe23c9d9d6b47b262463df2697244f554fa70f227,0.01,DAI:0.0105
0x9f047fb096f589e74c646c1ea41bdef265a145e7,0.01,USDC:0.0104
0xc45f578a61f9d754cb6074d41bffa3f49926d1fe,0.01,USDC:0.0104
0x1034385be47f737d9f477b1fbe782f8f6d6dca18,0.01,USDC.e:0.0104
0x2c4fc3b1ba61880d407aab095545118d9c741871,0.01,USDC:0.0104
0xf9ab04b9e99673cf71bd2c41cf79a4cb5e807b2d,0.01,DAI:0.0104
0x96bd566994cd76787aec13e69448908c6cab3004,0.01,USDC:0.0104
0xf7da7b7c3e7158098ec0fd4c04443bb562d45a46,0.01,ARB:0.1143;DAI:0.0000
0x510dab735f7325abe09b2530d4d82dcf9fa800f9,0.01,USDC:0.0104
0x94d28b679e807e76f6f6717e860033c58813e8a4,0.01,USDC:0.0074;USDC.e:0.0030
0xc4dfd53c40f23e7f2a9400535bdb371364249c9e,0.01,USDC:0.0104
0x416fb094b0ff224c01de45beefee00a47182f5a5,0.01,ARB:0.1140
0x839b84c6752ceb562e6acd1e359a1eaa48ed0bfc,0.01,DAI:0.0103
0xb232239b8e9c60de9e69b033a4579f75ca061ab4,0.01,USDC.e:0.0103
0xd8aa81f04c2fb05a2cb12620f45e93f854827dd3,0.01,USDC:0.0103
0xfc0a971a31ed527d675caf37af5817f0824f20f2,0.01,USDC:0.0103
0xc8d0cec5a6b9951485e35d5360f5274734aa642c,0.01,USDC.e:0.0103
0x9707d7a6ac97d036fd2725ebb2ac6ad4e605806f,0.01,DAI:0.0103
0xce356ac1455fc497b9c3a22d3fed02a0e07556ea,0.01,ARB:0.1120
0x268372aa9f3c36bbfbe118daab531373c296f8c8,0.01,ARB:0.1119
0x698000ea1b4e02750785cf63aabe33e8e52e6c8b,0.01,USDC:0.0101
0xceb1cf734eda3709a4f06c9ca05998b3dcc24b00,0.01,USDT:0.0101
0x1151911e9e2b5b55794d6465e124ebcbae54346f,0.01,ARB:0.1110
0x77784220b17ca30537f2e85af5aac283ada33baa,0.01,USDC.e:0.0100
0x218ed21cbe12af9c2251fa6625edf9334f3ea38d,0.01,USDC.e:0.0100
0x0ea07622f0391d9f63744801924e305b928fcadd,0.01,USDC.e:0.0100
0x57efcd35c6bed55b055cd315eda2f0f16d1d0deb,0.01,USDC:0.0100
0x4cee7505c2cd5900e75afd906d4f7cb2690f14b2,0.01,USDC:0.0100
0xce3e99b8cb9350fda21a5726d37786b5256082c1,0.01,USDC:0.0100
0x083adfa16bc5b9152ef30cc4a4991756e0ec5dc2,0.01,USDC:0.0100
0x09600cb153a34402fe44e0c78bcd3ab9899a1615,0.01,USDC:0.0100
0x0dcde29416f5f6a2a65d3e90103629bc40137b0e,0.01,USDC:0.0100
0x12de8755e12765cec06173336cfd81914cf170c1,0.01,USDC:0.0100
0x1cd1757a6a56dc7fd0e166608d866c1cb8e8d720,0.01,USDC:0.0100
0x1de9338650f8c2fa0e24aded1aebfd27c72b788f,0.01,USDC:0.0100
0x20cf6ec3d38656bf441abb78f32630e5bc84ab8b,0.01,USDC:0.0100
0x37d3bf25b8bf37d545f784d44feec45addb94026,0.01,USDC:0.0100
0x503d21254989327ec8135f65d5acf916b87371a1,0.01,USDC:0.0100
0x5412f210acc12126108bd3c61b148ef360b21e16,0.01,USDC:0.0100
0x5f946be10e83134b508bfd56cd6d869a4d9613ff,0.01,USDC:0.0100
0x5fb8ea6c0bc62c4b9b89f7b748f942617c1ef72e,0.01,USDC:0.0100
0x770172e904b52cabc0913dd1d31d65f9bd6881b8,0.01,USDC:0.0100
0x78134e72e1b6047f1c40d9262966a26c380f110c,0.01,USDC:0.0100
0x7d4a015ef41e9a59b8f78a24be4e13c3b35b4b8b,0.01,USDC:0.0100
0x8013b0a9427fb6b9b8b6a18bd1597e99cfde9c5c,0.01,USDC:0.0100
0x84218e44c398f28deb595ec1e6f1b5b663966f06,0.01,USDC:0.0100
0x8b0c698ebf6a3d7d1621edb66dc2f36939e51931,0.01,USDC:0.0100
0x94a5a0b46797defebe46eab46be8051851ea2a1b,0.01,USDC:0.0100
0x953f8b0c068d1ee2b1d9db915f757981d01adec8,0.01,USDC:0.0100
0xa10111e8d99b3da59137ffeff9031080ed960b00,0.01,USDC:0.0100
0xabaed25ad391b727b962f85854660d55988bc4b0,0.01,USDC:0.0100
0xade4c8b9c404aeafa731feb1955e04e2db9b3627,0.01,USDC:0.0100
0xde8a931c24bc004febc1bbf1116bfe5095094615,0.01,USDC:0.0100
0xf431b9081bdd9bc86645d1796dcd4f83f5dc926a,0.01,USDC:0.0100
0xfa0e75fc017a9c6fca3299f19bbda49b6820e35a,0.01,USDC:0.0100
0xfdbff844dcbfe272cc7809f7bd326afedfe5f1e7,0.01,USDC:0.0100
0xfe9961a505844b9d6cb4647963b074c99051a0b3,0.01,USDC:0.0100
0x63d7857b91e97afa201c6ea3ca85b659322ac36e,0.01,DAI:0.0100
0xa44eea080843b9456a52637f6e099b0802e1a0eb,0.01,DAI:0.0100
0x028a4bc0c13e26e8b5cb505aedf905394cd18b22,0.01,USDC.e:0.0100
0x1bf2b28da9dffbc43c4b629f60c5ae2519bdbd89,0.01,USDC.e:0.0100
0x85603b3043f175ba40e2f257fad4e8624ec72a40,0.01,USDC.e:0.0100
0xb11785cc9c569a877476bc05082a61ae417f9b74,0.01,USDC.e:0.0100
0xd255eb1fa17101a2bcb21a05d586f1e34793584f,0.01,DAI:0.0100
0x51b7f924f235ee6c71728c16f3289ee4e37dab6c,0.01,USDC:0.0100
0x5e2d190d3860a37dc9f59e7da998a29e9965690a,0.01,USDC:0.0100
0x590f7971171c53c634c9ce0786024b520283525b,0.01,USDT:0.0100
0xb460a692f22d61e49b933717827ecd60a7f3acc5,0.01,USDT:0.0100
0x6291bdf106dc07f6649ba4e29afc7ead60892007,0.01,USDC:0.0100
0xe8e1219361ae46fd3b5f46270e3051a757ddd8f2,0.01,DAI:0.0100
0x74ce95f7410b916a8c08040b7aee72464670182f,0.01,USDC:0.0100
0x8d729930a70d1c52b2f52ce40139dfe65d755be0,0.01,USDC:0.0100
0x039236a2478578d6f17f2e952bc353fa5e433afa,0.01,USDT:0.0100
0xd41b83c87f07f14a158154b89a02e8c384dedeb6,0.01,USDC.e:0.0100
0xe6eb59b21d691e6297b14b21d463507db1af1238,0.01,USDC:0.0100
0x783578b0c86fc28b63e455b06153bbbf70e6075d,0.01,USDC.e:0.0100
0x3255fc4276f990f7f13d4f046ad5191a9bc7bcee,0.01,USDC.e:0.0100
0x43d2305f6c41b44da153b9a305d6c7ce1cb59971,0.01,ARB:0.1099
0x75535661ab25a468dfb3137320a7568fecda4832,0.01,USDT:0.0100
0x1db65f20f0217383dec9381f1006f9f1cad9f3f8,0.01,DAI:0.0099
0x4bd46d3a9f7387c6a642a55c3a035f4554e7a87f,0.01,ARB:0.1094
0x37f3ef11a140bb6528083920ba9fa23e6841b01a,0.01,USDC.e:0.0099
0xfbbbcedc709083a9b2ace1af3140c0251ae3fe98,0.01,USDC:0.0099
0xcf23c6f215bbb8c337160fb5facad00a849ae225,0.01,USDC:0.0099
0x044fb2ac522d8829bcacf81befb4e07a460e5b0c,0.01,USDC:0.0099
0x563546957d8d91d5f27d2057d96e99e614596faa,0.01,USDC.e:0.0099
0x0ae3aae336e9daec6d83a236d974cbf32c8a12a0,0.01,USDC:0.0099
0xfdb45fb39adea3edbd287fb09de666dd0cd92fa3,0.01,USDC.e:0.0099
0xfb548b0148c0f640b865c3eeee62bb1ce556d0bb,0.01,USDC.e:0.0098
0x18799902c24dee7f499205f9e647c69e97eb193b,0.01,USDC:0.0098
0x9a44ca4fcd041062477360b77da67401252f1752,0.01,USDC.e:0.0098
0x450b13bfcd9beb2cec58373c89f61cc32844fe4d,0.01,DAI:0.0098
0x000d169bf9cb2a369dbd268bb42575a5763f06f3,0.01,USDC:0.0098
0x2e9cff5d50968d216260e0a0ebe25ae929c3b8e4,0.01,USDC:0.0098
0x9377e00117f210c727a9ab83ee02230b9f66c709,0.01,USDC.e:0.0098
0x2c16112b8f16d7efaf2191d798bbb2d16ef90a64,0.01,USDC.e:0.0097
0x8c0c837fdc5542b373f7e1a26afeff7781ae017e,0.01,DAI:0.0097
0x1211483aee513d0bbf6a3dcb4c918082ecce895a,0.01,USDC.e:0.0097
0x6410c75df5c183aa4d787a387920a318b9c85e6c,0.01,USDC:0.0000;ARB:0.1065
0x81ba1c21286b22bcd165bdd076b1b9244d5f2da9,0.01,ARB:0.1066
0x4fa4f711ca0bc6bc59e873e04f76e92c8c113a3c,0.01,USDC.e:0.0097
0x3885625d043e0f0da5167928677b531f2b809e7b,0.01,USDC:0.0097
0x2cdb498fe6047206dd813b74b1f6d8038e572988,0.01,USDC.e:0.0096
0xa2309466fbe0ab9326845a415ac5376f96ceafef,0.01,USDC.e:0.0096
0x88888d0da7ad2e018262912918ee41bf32d73222,0.01,USDC:0.0096
0xe0fa8ffa1ada0af37164a355394c251b854e5a50,0.01,ARB:0.1056
0x8db87caf5c1692f64c6f191fa098c27d1b38b043,0.01,USDT:0.0096
0xe33cce373cea88aa0b1747e7538faafa4b51cf6f,0.01,USDC:0.0096
0x5ab0260cfe7008203b2c3e261284c27740e2dd48,0.01,USDC:0.0096
0xc7def844444f888c709fd10b8b526e6a57eab4e0,0.01,USDT:0.0095
0x02a8ca0edd75bd2d0050e3b2b9096a41c4fa811c,0.01,ARB:0.1051
0x9b537be6ed0033bdd497381d1b9d0ab170df3728,0.01,USDC.e:0.0095
0xee1051f910ad040c5a9e017ca7227e306afa81b8,0.01,USDC:0.0095
0xcc2d3d42ab2dae92f0a8ba31329e37be0620be74,0.01,ARB:0.1039
0x30ea375a1bf11bde1e8d92b610e9928803171f70,0.01,USDC.e:0.0094
0x4a6ed1241b23b64c22577c9c49d0bcd829d9e63f,0.01,USDC:0.0094
0x2e9693f5ea75d1536054cd9dc52eb5765599e72a,0.01,DAI:0.0094
0x3b1620825a683bf026a62ba08170133156504083,0.01,USDC.e:0.0094
0x2e238f8abb67504c9e40839b3494b2a3d153c86c,0.01,USDT:0.0094
0x6c100dc02a8db806e46271ae6a8d5d07d4778b1e,0.01,USDT:0.0094
0x38d0596220c8c4c72ee536d4bec667307136e77d,0.01,USDC.e:0.0094
0x597f5a1fc3b208042176411f405a454d333803d0,0.01,USDC.e:0.0094
0xf3ffce93c28239e72aed012bc14dd4e49ab41d51,0.01,ARB:0.1033
0xd0ed626826d0f4e58692b17b7202fef2ebe2660a,0.01,ARB:0.1031
0xee858d657715ca8beb9f3ca26e96d1d9fe5fa51a,0.01,ARB:0.1029
0xff180948d613baba1959b8d8c9e96b94959828f9,0.01,ARB:0.1029
0xd1b75bfd99a49a10349b6c36c81520a24ab9866d,0.01,USDC:0.0093
0x35a406883036e67c27eb58d1a6f8253596ad48a3,0.01,USDC:0.0093
0x3b092e26f77cdaff006e41533f55444485bfaa74,0.01,USDC:0.0093
0x7b660cc94f275f3657df5afba9aa1e00f841b59c,0.01,USDT:0.0093
0x6f6ef285a560ec875454ac15c8ba612ba4abfa99,0.01,USDC:0.0092
0xe346db3f6b05e9112d0e9e327921914a1998eb60,0.01,USDT:0.0092
0x42eacf9e9264d9e7c21448e19bd3b4b14229d780,0.01,USDC:0.0092
0xd8d292eec0d4a0db5917e27c7a91e31999cb4178,0.01,USDC.e:0.0092
0x09787a268e890b1bd0fbf981e5d6f9ce9481b9b7,0.01,USDC.e:0.0092
0xd8e8bc665bd739090ce47c22d0210b45d25477e2,0.01,USDC:0.0092
0x0760b1cad59d5ef7c2f6c84d23e4d206dec62a38,0.01,USDT:0.0092
0xefc10e2eed6455cac2f1958df116e3f1e3042533,0.01,ARB:0.1012
0xf95346d85a99e9a99b93a3f9e635fdcb8949b514,0.01,USDC.e:0.0092
0x3b3a250611f5e71fb0681d934f42e69329b5fef9,0.01,USDC:0.0092
0xb3782facade9b31ec94f313f2093ea22b5665d81,0.01,ARB:0.1011
0xe8a455489e8f4aa3e6e3ccfe5a6e9aada2e671a5,0.01,USDC.e:0.0092
0xbe18b150655d319c5318c46b15d817678684ef92,0.01,USDC:0.0092
0xdf01ca331fc3ecdc1af83582df8e78a613bd0485,0.01,USDC:0.0092
0xa7da52fe4263e40732e5676cb3830ebfea776cf6,0.01,ARB:0.1002
0xc5b98e980d01466955e3fd49e85f9c155e96f6eb,0.01,ARB:0.1002
0x260e337580a977e7082f320f0cf222c740708e0b,0.01,USDC:0.0091
0x0438a4b57e801fdbd6c3835aae7527a973706912,0.01,ARB:0.1000
0x085f6c687149ecdeda371e3b69abfd4f11d390e6,0.01,ARB:0.1000
0x1db1eea34676e37d520e852c2b59a7ef8210853c,0.01,ARB:0.1000
0x2f53e355e794cef4ccbe562d4ae8c1fc2773a328,0.01,ARB:0.1000
0x343f90e26bb92a05ae2654b46f2d891f32fd341e,0.01,ARB:0.1000
0x364c99c67fdbd2d7fe6054e9e1eed87cc3f57101,0.01,ARB:0.1000
0x3a298011d49ce0314cf2ac4bc1e48a526210ffec,0.01,ARB:0.1000
0x40c3ff213df7bf2a9359b1472582aae72fdbaf58,0.01,ARB:0.1000
0x43a1aa93e959a19fe8137115fcd6281cb4cdda7d,0.01,ARB:0.1000
0x48231329b4185da9d5b47728f645b5f6761b299e,0.01,ARB:0.1000
0x646581c1f18f4c8874de5e541db5f2107dee39d6,0.01,ARB:0.1000
0x7a28e7395db1830656a4474ea871c0349723fa7c,0.01,ARB:0.1000
0x7c44648a6081671df2137189048c080dcac6a85d,0.01,ARB:0.1000
0x94e158e869826fbbfff023146ced88a6da7bfeaa,0.01,ARB:0.1000
0xadcf37beee88f9bd155c95f6b29757a850c0eb10,0.01,ARB:0.1000
0xb9149fa8a1458cc4d9a1ca86ee2db356b17f8b05,0.01,ARB:0.1000
0xbc3f3cf0c356511e6ed250c58b8a23db54e6475b,0.01,ARB:0.1000
0xccae1cb0c660ce104bd8f5e29401b12398df2e18,0.01,ARB:0.1000
0xd5ed6484d649de93fd866e5e8982c2a6e9ddcd91,0.01,ARB:0.1000
0xe9bd9af9ce9b3de7b090142046c8e6666fff018a,0.01,ARB:0.1000
0xeaf3c161726409ff482ef625ce858d7fd7acdf9d,0.01,ARB:0.1000
0xf12d6a7c7bb3c39e948449ebd64c0ad6361bb268,0.01,ARB:0.1000
0xba23e6cc8ad5035a768e4fc70ddbbd30c426ef39,0.01,DAI:0.0091
0x6ecfcfaedc10f50d7c72846946b050aa7d7e5f14,0.01,USDT:0.0091
0x768a74c671bb21992117dbacc140a84e8ddfc3b2,0.01,USDT:0.0090
0xe07b71329a48dcd18aae43ddbae68d1cb13419e1,0.01,ARB:0.0994
0x5410fcc5b96b3b6d62d8faee72b908b01b818852,0.01,USDC:0.0090
0x165e801b72734069a4e42ba4ff95c22d2b10cfed,0.01,USDT:0.0090
0xf15ff4b0d66d35e50a678ecc4b43b9a3df9101fd,0.01,USDC:0.0090
0x5a5e1f6e4f281437be73a645adc873f424c4578b,0.01,ARB:0.0990
0x703b6e7d10f9ab127bcfcb2dd9985b6b24ba1152,0.01,ARB:0.0990
0xcb6e96548725f47ecbf98ea8149d3bfaeeff31f9,0.01,ARB:0.0990
0x7a17edecbb7a0d4d00f4bf8d0a97afb4980ee93f,0.01,USDC.e:0.0090
0x05fba0485cf0e5f10f95a1a7b985ad4498c12b82,0.01,USDC:0.0090
0x6d05be472e56bcd37a61458f5f29309abc1ccde2,0.01,USDC:0.0089
0xf25819c71ad6b309e8fb0006f1fe89a921fede3c,0.01,USDC:0.0089
0x015533ab3187efc710bf61405cdfd273930f602f,0.01,ARB:0.0983
0xfdfe422f2e37d0ebd511cf774d3bad22d1b15e7e,0.01,USDT:0.0089
0x10716e85ddfe0b5abdf90199cc37b706fbdaba56,0.01,USDC:0.0089
0xb8a43aacad50ad50de93da3c002dbff288a0aee2,0.01,USDC.e:0.0089
0x9571615ba404c2c670ab022426fa8e8badf21ac2,0.01,USDC:0.0089
0x528de2d28443f688a7bc5bb17e05c54351997f58,0.01,USDC:0.0088
0xe94781cf8e06edb0b396cc14bfee27433556d0e2,0.01,DAI:0.0088
0x4fb5ae963c4fda03d98fc3ff8ff287fdf49de548,0.01,USDC.e:0.0088
0xbcee23358934ab069302ffdd810b2b2f944a1cdd,0.01,DAI:0.0088
0x1728a609567466bc89531c3f849634919f948363,0.01,USDC:0.0088
0x5d8221854a76f3311e1d8ee65545c3fc753fa914,0.01,USDC:0.0088
0x1c4568589efeb9c96e28115f6bf591a7165afeb6,0.01,ARB:0.0960
0xaeb4d9588830d781b2d3535f309f57a46ed90d86,0.01,ARB:0.0956
0x41fd8d3e5c8c8f4b5da73362180c53e5f7ced8d2,0.01,ARB:0.0956
0x8b5477103b22bde5e47af55a558f3c9ae1d4c76e,0.01,USDT:0.0087
0x0e3771de005e0a0b2f6e5b1b305807fcfafb0925,0.01,ARB:0.0954
0x59533c8bb8f6939f4582251a8cc7f217eef85a7a,0.01,USDT:0.0087
0x5d8a76578fc3031ea78ef48c643d99799fb48d6e,0.01,USDC:0.0086
0x488a6eff8f868029b9ee616caa81c9456a95d577,0.01,USDC.e:0.0086
0xf4cb887782346750bf387929d54fe24e243ae026,0.01,USDC:0.0086
0xa835ad8dffe589d5a56584ed38b7d9a1e69815f0,0.01,USDC:0.0086
0xb512ddb203cb1b46d59d66e1f90f243f7b831d90,0.01,ARB:0.0035;WBTC:0.0000;DAI:0.0024
0x395964ee49c690294f0e2acc55048e4ccf7a2ce1,0.01,USDC.e:0.0086
0x4b1229c116cf2e3209d4c9ce641119ab19e738a7,0.01,USDC:0.0086
0x5c0f4a9f1f159687f301467261df703103481362,0.01,DAI:0.0085
0x91d70d129bd24ecd171bc4b69e0a7bf6ef7e0ffe,0.01,DAI:0.0085
0x4f8be958052e75d1b94a2b1224f628012cb631cd,0.01,USDC:0.0084
0xac81228c2f025df0df4ed6468479ac066079dc8c,0.01,USDC:0.0084
0xd09cd932abdc7511187f185ebf0bdd3670d5c3e7,0.01,ARB:0.0928
0x70b6ad7137c82af953b9dd870f327a2851561d7a,0.01,USDC.e:0.0084
0xa76e502509eeee5500e6bc4d6f2532474281b51d,0.01,USDT:0.0084
0x39ecbd3ddcf4800f33f7d8f8d9590e27ea0bd7dc,0.01,USDT:0.0084
0x383f97e12027e42b6a84cf2d52a7b12f94dd802c,0.01,DAI:0.0084
0xb41b8dc6944e25b2a8c1e40fe7d29cb7a7cd6108,0.01,USDC:0.0083
0xe8c1407b6fcab86e562e1c4bf790ca6b2cf88a87,0.01,USDC:0.0083
0x4daec09173c35bff488c330c749c1c9779ccd3ab,0.01,USDC.e:0.0083
0x620245c110d4cc170125e65c243e635473cab5cc,0.01,USDC:0.0083
0xaca8930e85b9beaed1371d4e7e1b586147d87e80,0.01,ARB:0.0908
0x2169687199e32f902c6c5ee33e4fa9b5818d0084,0.01,USDC.e:0.0082
0xbb19c20ef6ca7050aa67c0a69bbaa59d6095a2e6,0.01,USDT:0.0082
0xf75795e7a9a882b0cffa79a456aa91d6d4a3e6ca,0.01,USDC:0.0082
0xec72417af609ee120bbd895e25fc26f3b8b6dfa0,0.01,USDC:0.0082
0x0d958e7ad5b7e35a7559738467d0b22b365f1475,0.01,USDC:0.0082
0x11d9a85ac9a715f7d12d52465045e7b907da893b,0.01,USDT:0.0082
0xbebcc9251240e49f4bf4f024851aefa20195118b,0.01,USDC.e:0.0082
0x7633cb5973783aab91e6a9e963004bce89949e79,0.01,DAI:0.0082
0x0056b349e2e8e89672618399f4d17da5b1f5b173,0.01,ARB:0.0900
0x2560d358b94794c5f0ab0a61cd2e68a758bee7c3,0.01,ARB:0.0900
0x4a2d137d08ce8f1a01bbb7bdf420ba125142e4ad,0.01,ARB:0.0900
0x63176533a7dab4236f1a59ceaa317dd7bb6271cf,0.01,ARB:0.0900
0x74b9a7467b4cb12353127170294dc291438955c8,0.01,ARB:0.0900
0xa13fc3c02e49fbf7a715dff4710541a5e3c992e2,0.01,ARB:0.0900
0xc6e6968a2fc3bb40975d8fa83c250724dd7ecbbb,0.01,ARB:0.0900
0xf158269e837a3c8f6463ee366c437b524ee1e62b,0.01,ARB:0.0900
0x51ad673ebdd73e9fbe7dabf666b0df578829a2ca,0.01,USDT:0.0082
0x884a38fc3f7ad68d252bd62a94d297173ddad33e,0.01,USDC:0.0082
0xcb4ff1eec273a8ad35c6c8e1a07f72ad3106266f,0.01,USDT:0.0082
0xf5bb45ac2041f15781f8437529595c5b26ab3d79,0.01,USDC:0.0081
0xfb8f2f6394771b3cdf5c990bbb6e8fbb413807dd,0.01,ARB:0.0893
0xe6a4e57af38fc8b984b8706763334b9c4b11d518,0.01,ARB:0.0890
0x676682422a3f3a9109cbe6112de9063853a560a3,0.01,USDT:0.0081
0x44c732eb471cdae2f979556772a4697b2dde2495,0.01,USDC.e:0.0081
0x4023bf7f1e331e4b2646b4b19895abf21c69f5bb,0.01,USDC.e:0.0080
0xd19f4a2f6e1339488758dbdd2d23eb53f0e404bc,0.01,USDC:0.0080
0x95245dd8477d66e5c4a4c1219bce4362029d3d3f,0.01,USDC:0.0080
0xaad7d219250fbfc8fe61010e5772d89584f6349c,0.01,USDC.e:0.0080
0xd3ba912bee3a283a048cfe2fd58efb2a2b6e81fb,0.01,USDC.e:0.0080
0x2c575bb2c9b3c071855126c70efdb9c7b9ebf472,0.01,DAI:0.0080
0x96ea017109c7691a3080e16c2095b547e29d82f5,0.01,ARB:0.0877
0xdf1551bfface9498e247b2ca8d04af0a16525d3b,0.01,USDC:0.0080
0xef3014dfefbd246ff53978aacddbebf8cd0a61aa,0.01,USDC.e:0.0080
0x8bf17e7af69d9391b71c15768585c143dcfd6f20,0.01,ARB:0.0876
0x1cff3b7b4ed8b58ee756af8aa54ccfdfa3928ba3,0.01,ARB:0.0876
0x81f21c7236a260a54712e4fc19be0ac24137892f,0.01,USDC.e:0.0079
0x761fffabd313559d71334e8f816be85ce9fba2a5,0.01,USDC.e:0.0079
0x4f66589f7aeba22c62bbc39edd143952b0524846,0.01,USDT:0.0079
0xa10f72fb9239b5117b3b283a594c8d2f4870dc7f,0.01,USDC:0.0079
0x207761595c50ee92c0ce87d0ece43d181ea6d982,0.01,USDC:0.0079
0x0f2326ba09e3f92616c433e9ac689bdeea1d48ba,0.01,USDC:0.0079
0x9413f5a9e969a3395df4a48a7ed6f486a3822ccb,0.01,USDC.e:0.0079
0x6b08bba27ed459c06d8aba1a11bf4db2c69ff302,0.01,DAI:0.0079
0xb7aa2f04294fced4879691d28a598e92e92788a8,0.01,ARB:0.0864
0xf5abc5d771b35c7f2d3db8d6c1787f0b729e4b33,0.01,USDT:0.0078
0xdf7781a901cf5fdd51f514deb7e10cd69890c3a2,0.01,USDC:0.0078
0x9371994803f1c16e9bb584886400611388c6707f,0.01,USDC:0.0078
0x9b1998cf8f7f4c12bd8c6d9f80fff2ada570fa9e,0.01,DAI:0.0078
0x60049796b48490babb4b6ef9820bddc70cfd80e6,0.01,USDC.e:0.0078
0xb325fc5c979d458a0e1a283ab0f4b0200f428a04,0.01,USDC:0.0078
0x99da3567f60712f945dfe935f95e81a76b72b31e,0.01,USDC:0.0078
0x4cd54f3731af1c5f16e525f99fcaada9c840a2e2,0.01,ARB:0.0856
0x71ff9a1a9693aa8e80deec3e1ef0b8cb40b847df,0.01,wstETH:0.0000
0x650ff2ef51d989533536c971c61b80c1eb4d4b51,0.01,USDT:0.0078
0x1a6a7905e36ae0720483a7984db438f02ed10a3f,0.01,USDC:0.0078
0x31b44a65a9554a3738b6414f5dad7c4fae519d1b,0.01,USDC:0.0077
0x626ca5aebed560d9636e020058d87596bb6afa31,0.01,USDC:0.0077
0x9bc758d57116de3c78eaf930de61f7d4b739e329,0.01,USDC:0.0077
0xa7bcf7a7e348c4b308fea705af86bdcf97ade8c4,0.01,USDC:0.0077
0xed9cb3d66f6a082cdee07ce1b92879d24db4e894,0.01,USDC:0.0077
0x62df54654874e9d527d4ce0c56e76b455c931348,0.01,USDC:0.0077
0xae2682834587619c03fc91b603188ecccb22bb2f,0.01,USDC:0.0077
0x9df8cdd29cb21fd2a4303ee4eb1ebd303799f44c,0.01,USDC.e:0.0077
0x5f764c08d577067b02ed2482c278d77123c170a6,0.01,USDC.e:0.0077
0x53296e2d22b5128163f4cc13921deb506619e07b,0.01,USDC.e:0.0077
0xbf2f22c5a4fe54ffa1b572c2f8fb5a67b9bf717b,0.01,USDC:0.0077
0x9d236ad39290252d5ca61aece14614defe791569,0.01,ARB:0.0842
0x700d4e367245f5f8a25e2514a47531a940dffcf7,0.01,ARB:0.0842
0x592728a54931c99ffd2afcd7ab6923778418d599,0.01,USDC:0.0076
0x62e069f2e75fa091353be743cfdd80d84eaa37d5,0.01,USDT:0.0076
0xe5591307dd433779d186ff8dbc3a29b69badf543,0.01,USDC:0.0076
0x97cc880aaa02f2a6d17c04fcc9dc4029264eca0e,0.01,USDC:0.0076
0x8f70df82081d324b0e379eba7ea7dbd25c2738ce,0.01,ARB:0.0831
0xb185718282c1fa9b7e4b04da5e70ea35fed785e3,0.01,USDC:0.0075
0x229d52a5a464bfa3c8eb23ebde8383ec319fd82f,0.01,USDC:0.0075
0xb05325b1efad9ef1b2af5ed4b91e021d4616022e,0.01,USDC.e:0.0075
0x2b855d10b084dd5941c824a9eb6ea766e2085f7d,0.01,USDC:0.0075
0x3b9d344fb38c767c3cedab57f1f9c629962e471f,0.01,USDC:0.0075
0x9aa3e344d129d493d1c1516f93cfb2982100c0e4,0.01,DAI:0.0075
0xf53f92e759b8a88583c06822bd945ad58e253e71,0.01,USDC:0.0074
0x3f922732b21f36e3226944ec7606acfdb55d35c1,0.01,USDC.e:0.0074
0xc55b4cd38d7264d45defbf9b98e5334ce6f76dc7,0.01,DAI:0.0074
0xdc3cc11485ecd459477afe0781ccc292de1f6a6c,0.01,USDC:0.0074
0x1fd972af64572836fbc7aa9494ea152693d229ed,0.01,DAI:0.0074
0x12b96c3f203bf336d40f36e8704d21582382eb68,0.01,USDT:0.0074
0x7552e59acd8cc8dedc8ea6cc6100f725ecd6b600,0.01,USDC:0.0000;WBTC:0.0000
0x1510df863e38c2d7c37918f9d9412ea58d56576b,0.01,USDC.e:0.0074
0x2c917430e699297a02358a994bd7a2ccdb0d35e2,0.01,USDC:0.0073
0xa8622b3a247c45898d1024f37800c98850a6725a,0.01,USDT:0.0073
0x48d97c313608d7088b99292d499902d5b670fdd1,0.01,USDT:0.0073
0x6b9c944deb574ed6f2a5b6b3e6c25165535b71da,0.01,USDT:0.0073
0xd9b58f31b008c3995116cc08f50eabcc64d55aa0,0.01,DAI:0.0073
0xe8a05eb628e17469006e5d4c3022b12e69a55cbf,0.01,ARB:0.0803
0x9956a995b59e5fd6da8f0783744a1e675d22088c,0.01,USDC:0.0073
0x28740ff255eb5ce6ace9d9beccb51dd943d4935b,0.01,ARB:0.0800
0xd4690148cb8b397683d11207d7a6ddd231169b1c,0.01,ARB:0.0800
0x8e9dea5a23d26abe44d21b7d04fdf79af0276ec7,0.01,USDT:0.0073
0xf25d782cbc98927578eeaf68b4577d8b9f68f2b4,0.01,USDC:0.0072
0x745c76cec88e8dacce8150c95662314bfa83fad3,0.01,USDC:0.0072
0x84415310d17561819b00e5a9f7a9f24f8f0a1929,0.01,USDC.e:0.0072
0x11ab7a81672759df09dc663d94b627f785e872a7,0.01,USDT:0.0072
0x49c446956eb57143683076ad65bdb090b6b29068,0.01,USDC:0.0072
0x4741b22928def952873f692c8f059dd0a4093639,0.01,USDC:0.0072
0x389836edf639d94c43d708aa5a88d47d8886abee,0.01,USDT:0.0072
0x73bf31d7e5a7fde1f2a69142afc2b06e95998d73,0.01,USDC:0.0072
0x8a1ae7bc4057d6c3d347a9878c94fd4d94f790cd,0.01,ARB:0.0793
0x72d47acff1f026c030000fdb0b0eb22474caa810,0.01,ARB:0.0793
0x42adf6d732a423e2d42e8e34b9307d0e86030cb1,0.01,USDC:0.0072
0xc38c30cd0c6ec5983f545ff6300a3064d7027d3f,0.01,USDC:0.0072
0x1436ea4bb8548447016bd3e838920b2260a2b41d,0.01,USDC:0.0071
0x14e8fd2b58739a1e79e7ed53b92892e1ff726fdb,0.01,USDC:0.0071
0xb622f45868423745a75a36628ea9b7409bf7d471,0.01,DAI:0.0071
0x70b57339f5c6bfded8aed10c731be661d9191aff,0.01,ARB:0.0779
0xad2b07dc8a04c35760b82c3de0d1fbad3441a1cf,0.01,ARB:0.0776
0xbc8ac0b88bfae25bd57f444d526bbb065898228f,0.01,USDC:0.0070
0xeb7eebd232ad81af12f5dbe923368281b07e79c0,0.01,USDT:0.0070
0x5ab312498e91b5d4fcbd7d683883ecbe2ea22d34,0.01,USDC:0.0070
0x189334e0d31de30c15c4ef6ae3c6bea32780f59c,0.01,USDT:0.0010;DAI:0.0060
0x757e660d03c15fd302acff0c29803e6d1da5b8fb,0.01,USDC:0.0070
0x788177fc9d375afbf342bfc4c7c01dead0bf0e8a,0.01,DAI:0.0070
0xb6d17a33a2dd079c2f5a0f3880ed7cd23410f47f,0.01,USDC:0.0070
0xe90dca317e1e55520d8e2596486bb992e61ccf24,0.01,ARB:0.0771
0x129eae5f10d056a3a459c43aff8dda34c3129def,0.01,USDC:0.0070
0xf1917c6ba4d1387eb0ebe5bf253d7f0e550d9138,0.01,USDC:0.0070
0xc793ddf2f30f772fd67b42a388956928eb78e64b,0.01,USDC:0.0070
0x6af500f4b18b7730ac49f98707decd66ba314355,0.01,USDC.e:0.0070
0x04e6693bd49e4193f5a8d022ae9b6c4eb0b5b770,0.01,ARB:0.0767
0x2ad35222070f5564ac509a0f6e197675dd9e8e42,0.01,USDC:0.0070
0x264b66eb9608a186a2c4f540eab8be5e661dbc32,0.01,USDC:0.0070
0x5b9bbcbcd29e0448d6b2ed64acdc96550b0f9899,0.01,ARB:0.0767
0x5efc5eaa41ebfefcc122e7600d3ac81549b6dd8d,0.01,USDC.e:0.0070
0x730063376fecb1920d0b47326303f1d2123cb223,0.01,ARB:0.0764
0x7a209185f7c8961eb5f86070a3ec64f77ddcbae9,0.01,USDC:0.0069
0xa272c40619fc7a234cbaaff8adf94f3b7fc5d6c0,0.01,USDC:0.0069
0xbd5970d6d8b2844c1352daf7e1691b3ff8279e5e,0.01,USDC:0.0069;ARB:0.0000
0xa87cc09a93b8ae0fa63ab42f530472520e7e9f4c,0.01,USDT:0.0068
0x27b52c0ee905d5d5dc8664aa74fbfcf512157ad2,0.01,USDC.e:0.0068
0xda9e1d69c51d4b7eb4e09fecb7d9a28805b3b471,0.01,USDT:0.0068
0xb062f011372ccbfd119f57be4047b58b22eee47d,0.01,USDC:0.0068
0x4db73ef5c1d8f0c24276b1ed3a5fce8ae952e301,0.01,USDT:0.0068
0xd3f3824fca85ec00cf13d5be7423cd32ea86f2aa,0.01,USDC:0.0068
0x4f1fdf87322fdbae6e1f448175e7c51df7d172f7,0.01,USDC.e:0.0068
0x6e6a7be89969589dd0fa18b393176c78483fc3bb,0.01,USDT:0.0068
0xbb6744386f7945a518d48025810577fa23fe9fb3,0.01,USDC:0.0068
0x878b65f3441fbd079ba122749ad722adf826e571,0.01,USDC.e:0.0067
0xa2231f868ff05d697360ef7653be1f9fcaa9764c,0.01,USDC:0.0067
0xcfa0bdbb72563ca5127ec49c589bd7a7d0e46542,0.01,USDT:0.0067
0x56dc2871d10a02bb902dd1f498f64993cd23c277,0.01,USDC:0.0067
0x0f5af629e860e30608403813b39b95f8b14d5bfa,0.01,USDC.e:0.0067
0xfa70eb02017d0be3f9561dd80b9cc68eedd01b48,0.01,USDC:0.0067
0xb18511424c2f95f10e281cdda6df6eeeb9f11011,0.01,DAI:0.0067
0xaaeaa7737efb3e2a8714c5d9e459344dca7b72df,0.01,ARB:0.0734
0x5158b9c5c54680030823487162747cc0a60b1ea1,0.01,USDC:0.0067
0x7609f2dccb9a67d37cdb46a4053e5ed2ce5e0cf4,0.01,USDC.e:0.0067
0x4fea4b8a2fa5ee8978ff8fd914ac04846340ff71,0.01,USDC:0.0066
0x85b5ab9763c73986191cc6303b5d349b0f06c8fb,0.01,ARB:0.0729
0xa7b74f09d5e0fac2f99d23969967b4a737ac8396,0.01,USDT:0.0066
0xb926cc8b207aecc797e73d33413c8c906962ad2c,0.01,USDT:0.0066
0xe65a00f0938bc827fcfebe021248491eb780fb8f,0.01,USDC:0.0066
0xa7ce849519747f14fa1c7432d40a80a23074b9d0,0.01,USDT:0.0066
0x1fa81dbe57cbee12a1febb1cf6e344cdd738b560,0.01,USDC.e:0.0066
0xaa48273f8ae7b0bb9e38b48433e2ae909bacbd88,0.01,USDC:0.0066
0xc25eb19a00e8fcf38124fc9f6a7326c10cf09368,0.01,USDC.e:0.0066
0x387929e70fb3fd1a3671a18ecc3e645c8a81c86e,0.01,ARB:0.0721
0x628dc8cd9662626780137245d009dfe567dd0592,0.01,USDC.e:0.0065
0xe01d58c7a944d46f171df4da9503c8a75c794fa8,0.01,USDC.e:0.0065
0x9d115b0f4875fb0f9dab46ebe9a73c0508f1155b,0.01,USDC:0.0065
0x62a03df70024e7d15bc888b4b47e3474b1caf3f0,0.01,USDC:0.0064
0x58c582a0436575f15eda9a5b65fe373e13ad5e44,0.01,USDC.e:0.0064
0xaf970d2f3d5f94a419feacdce64bea2278926896,0.01,USDC:0.0064
0x18a8c1bb86e578ea9f72d801d08f3b12e2c2306e,0.01,USDC:0.0064
0x0db10f187481be353395113136e3a88ddfae8dee,0.01,USDC:0.0064
0x00000002f32c0886ee65d68059fbdb76ef6a6996,0.01,USDC.e:0.0064
0x5e50da7ba4158d80d1eefc587bd88309364bb870,0.01,USDC.e:0.0064
0x248633b59e752b23f5a754d2c37afb6ed7040676,0.01,ARB:0.0704
0x3c4a7342a6779c9acd6d44837bfa3920346090ed,0.01,USDC.e:0.0064
0x73be2d787755f94e719067cc162675fd1f4ef97a,0.01,USDC:0.0064
0x2c4da7e385a2f27d54af7d508817ae349c5328a2,0.01,USDT:0.0064
0x9e5686c1def401fa3fb9840a1171690c85363754,0.01,ARB:0.0700
0x83e192d7fa4605a244589fbb8d7b1655846c992b,0.01,DAI:0.0063
0xeaf77f64e97ed457486b732f7f22f65a02a1d422,0.01,USDC:0.0063
0xd6ad08f9506cc98ba04b06bcfd9c0b4194ac5734,0.01,USDC:0.0063
0x9485b04c3636b67a1398801464c2197e3335a890,0.01,USDC.e:0.0063
0xdb497ab966af8cac38ce909bf5bbcdcaf9db8f00,0.01,USDC.e:0.0063
0x5c3f073a8e329b91116788cd9d43dfa55a100591,0.01,USDC.e:0.0063
0x8726e150930b64318a0bf8f9d8a4f36c37659331,0.01,USDC:0.0063
0x5ee6ef33147425af9ab11c326935e6c54e494a29,0.01,USDC.e:0.0063
0xacc25125b5c1e667f5af87eef25fdd8e1813da5e,0.01,ARB:0.0689
0x4fa61f83ba1255462d04cdeffadecaa411ad693e,0.01,USDT:0.0063
0xfe5920be7956420d141b2a9b6e765311579ce8b6,0.01,USDT:0.0063
0x42042006291872c3677f6562a27e66be11fe1da0,0.01,USDC.e:0.0062
0x893054b8d0c51f65341faae42c1ecca9b3b8505c,0.01,USDC.e:0.0062
0x672707bbac38645cf176b3e83d90caed25999705,0.01,USDC:0.0062
0x40bcee114f5697b95eeabb5393e9b77299374f89,0.01,USDT:0.0062
0x4d98a97ad4fb455076859c25b7ed932e892b11ce,0.01,USDC:0.0062
0x89f30c6b7359589beae70ac8c9764d47c674e047,0.01,USDC:0.0062
0x843799ca30562695080359a22e42eab6680dfafd,0.01,DAI:0.0062
0xcc176fdf66b29ba4d4002458e5ced0f6cf4398ff,0.01,USDC:0.0062
0xd271a743284c469a9924c8a6f3e8e9dde99ee503,0.01,USDC:0.0062
0x84f6de6fdc7d33a6639d8935470c78299e01d6bf,0.01,USDT:0.0062
0x29d28a0ad667c5c08f666a146db91c5afb0b6c54,0.01,ARB:0.0679
0x661bea54c9546fb9863c66852708a9a5f7a62863,0.01,DAI:0.0061
0x84529e330b2ebb22f7f8d7011e893fdeef25213c,0.01,USDC:0.0061
0x0374b8b9b515dc83c4bc8b4706fdab15dfcd599e,0.01,USDC:0.0061;ARB:0.0004
0x9f3d297408e10d3f2bd65941c84d2eaab39d6cfa,0.01,USDC.e:0.0061
0xa690f3a1a3d81678c71f7cffa4bf25f719076cbc,0.01,ARB:0.0669
0x7231a05c973fd1d87b86d93137eff197fd249f16,0.01,USDC.e:0.0060
0xdde35fa95301d7ed063178a609b78dc20b26d8ac,0.01,USDC:0.0060
0x8ba500a3b194073e6e2912cc03adae8642a519b6,0.01,DAI:0.0060
0xc8d2fc631d8b99ead097a20e6a6e032b886b590c,0.01,USDC:0.0060
0xdf8979cce6f1534df0a042543a187aaafbdcb671,0.01,ARB:0.0661
0x1d5786b09e1999e3ee5175af8866cc818160f75d,0.01,USDC.e:0.0060
0x6939695106f17918254e29960e4920c09ba87624,0.01,USDC:0.0060
0xfb3d76e7264aa6f7a143e49328d8457120d0929c,0.01,wstETH:0.0000
0xecfe5daaa2c9d1d6f90dfde9998aff40dd21e8a7,0.01,USDC.e:0.0060
0x1444fa68d98d21b861308bc17890637fd1f87cfa,0.01,USDC.e:0.0060
0xa2c28dc1a3042d65f317f75da52adff9393a1ee2,0.01,USDC:0.0060
0x0b67187e6dff9d7c513ce05cef106146a0c604d3,0.01,USDC:0.0060
0x25556665de611985be7aa7df76b4d32e6ee64d9e,0.01,DAI:0.0060
0x7cf82233d0c0a90f7fc99d8f822ff1668168a739,0.01,USDC:0.0060
0x6e7200a56b921aae04f211e59996e81d62031eda,0.01,USDC.e:0.0059
0x3a58fde365360303df0cfc87373c969de5bbd662,0.01,ARB:0.0653
0xbc92e5799b1c262c99d549504f8ff910d8fc6c37,0.01,DAI:0.0059
0x1fcd3b8f1019e8f624f806102f5bb5a53058a964,0.01,USDC:0.0059
0x3d04f7ebe6c7eb44a090118ee160edfe9a9dd0aa,0.01,ARB:0.0651
0xe2d813a8989ea970660fefa11e390e2fafd1a058,0.01,USDC:0.0000;WBTC:0.0000
0x84fa23b4fd5aecb721b7e58cd4cf14b7ac882f64,0.01,WBTC:0.0000;wstETH:0.0000
0xc0166cd4e6dba91f1600411ed3f811d4082a8598,0.01,WBTC:0.0000
0xf156ea48e83893d177e2c56b0d229bd3004aafa9,0.01,USDC:0.0059
0xcc6350626869d4391d1b3f7a36506fba93734c67,0.01,USDC:0.0059
0x75547ca68484da4b52dd7a12130fa4e2ca893d89,0.01,USDT:0.0059
0x545a064d043f48b44c1ef024a2f0a0bdb9db79f6,0.01,DAI:0.0059
0x83224a409cde45d1e832120dec2156bbe76699cf,0.01,USDC:0.0058
0xe891cd17f7e63baf426a1f48f10511de140f5bd4,0.01,USDC:0.0058
0x625eb043b70277577947da2c75f5470ae9ed9c62,0.01,DAI:0.0058
0xda4909f084c6b9751940c788b702f653ca7307a8,0.01,USDC:0.0058
0xaa688d71310ec4434762be16fcfbb6b2ec0ec1a2,0.01,USDC:0.0058
0x51e248773a98fe4c28ff92a211a91df68ec144dc,0.01,USDC.e:0.0058
0x4495e1bf18ad1b16040e4b33b7f2fc9571233814,0.01,USDC:0.0058
0xff6026607daea65a42cd441395d70c3f3418700a,0.01,USDC.e:0.0058
0xee0cf551e365edcce95261cf16dc4ab4b44809c9,0.01,ARB:0.0632
0xf130c19dcaf4bdb41cd036f103d12b228e941657,0.01,USDC:0.0057
0xb8989cdca809c201c6a15c400585da728ed5364f,0.01,ARB:0.0631
0xcb9daff007fda7c8b7afc802a5e751c0cfa5d6b1,0.01,USDC:0.0057
0x6ccc1c7282e2ee5e29baaa26fe3c96e07d536fea,0.01,USDC:0.0057
0x5d668d1e37288c6b5abb163435f6841074cd5aa9,0.01,USDT:0.0057
0x357a0f8cf87668a988e409be0b81b492b91282bb,0.01,USDC:0.0057
0x4497c293b025c2e2374f346c7d52dc2caa68edf8,0.01,USDC:0.0056
0xfe2218f407fa0debb9b5a1043a0d519f1969067e,0.01,USDT:0.0056
0xeaa12548379c669c17068e65315c3c0382c875be,0.01,DAI:0.0056
0xab63616d7b67fd364d3aea3d3bc6b5fff203257b,0.01,USDC:0.0056
0x1a5a482750bd7c8c210843012bcc41a344ec86ff,0.01,ARB:0.0616
0xbacfe2d0f7f1fd35c5c97726ea2b208fa222e620,0.01,wstETH:0.0000
0x8b429865a2da70711fbe761bbb2b0474ef6ede32,0.01,ARB:0.0613
0x64adda2c284de357ca8f8f91122b0eee9f8728f6,0.01,DAI:0.0056
0x6fbdf609e6f2cc6923159149f54d616c6724474d,0.01,ARB:0.0610
0x2f269169715e4ce0eb6b3ab6b4329cf64246a8b5,0.01,USDC.e:0.0055
0xa1cefd23f6e0c7eed9069489ab33b4433c02521f,0.01,DAI:0.0055
0x904f4ad12ecad4d5dd51f387c0428d28c4ded08e,0.01,USDC:0.0055
0xf0da9f8b7b97f6033dad67f676a43ee8e6203926,0.01,USDC.e:0.0055
0x8fe90a9b6d21f80fea8e22ac15581365205b6612,0.01,USDC:0.0055
0x1c0adf1f864339d8a5055472f0693cc3ac04a5b3,0.01,USDC:0.0055
0x63bb4e7acd1765dc712d740ed7ff9f23755380ac,0.01,ARB:0.0602
0x2a3cce1597e197c980e8f024c3c4238a5a5ff82f,0.01,ARB:0.0602
0x9e5398bee44cfd1d5e2d05054a5e7e8d3897ed93,0.01,USDT:0.0055
0xf231c34e3d79ff9483c440f470a363236d45a3a0,0.01,ARB:0.0600
0x5bd28fd6e4fd6c897affe3c1d08a72eabef33e28,0.01,USDC:0.0054
0x1f6cbec7171bccac6085f8b061f5aba820833a08,0.01,DAI:0.0054
0x1f1ce7f479a5e3523f75db7c8e44f546fec5825d,0.01,ARB:0.0596
0x17f8c4b62040a16514e647f92af0e98a6c8e0d1e,0.01,USDT:0.0054
0x297732f136652b9a9a3e58cde7fe9ed131526199,0.01,ARB:0.0000;WBTC:0.0000;DAI:0.0017
0xd978556be006a32a1ed16d755bfae52a20495090,0.01,USDC.e:0.0054
0xece56694505e1fadfaf16cc53306ea45f76c3a14,0.01,USDC:0.0054
0x9205cac5960ed45d18de64df6ced7790e9c36870,0.01,USDT:0.0054
0x6c145877a24f5aa32ef1c04b80e19d58fc279eac,0.01,USDC:0.0054
0x049410ba7b3c4dc52544d027461ac414500e16f7,0.01,USDC.e:0.0054
0x76b6d70167aa2dfd95e9c990657c611c04450024,0.01,ARB:0.0590
0x9f1ed94342e56b30d7b53c29f64a9e0a1084bae8,0.01,USDC.e:0.0053
0x384856ab85643bc4b94787d3f6c3683129085a12,0.01,USDC.e:0.0053
0xa9a5ca876367f20dd621a575b724478aa3366fa4,0.01,DAI:0.0053
0xedbe8d3b7cd046d21b300a3086c6ad7713ef6c0f,0.01,USDT:0.0053
0x3f57a07153cd59f903ea3564bc89e9869b0dcaf2,0.01,DAI:0.0053
0x7543c5db1ff72d98e5ed9dfde8a3b5246a87fbd7,0.01,USDC:0.0053
0x64d8a063c1ca4a2d77c8ac455fe1abe480c98f72,0.01,ARB:0.0579
0x7cf72e72abf9057fce5f293e3767c80835414c13,0.01,USDT:0.0053
0x8d12f6831856836e4f3dfef11b6e7472142d3d8a,0.01,USDC:0.0052
0xc81a584950f2fe41466b76b98ad09b4b1f97954f,0.01,USDC:0.0052
0xf6667280adc5a66e0d719f79b6ed7b7e1cde8c52,0.01,ARB:0.0574
0x0093b003d2b0c567fcd16c98dcacc8a4d07cd124,0.01,USDT:0.0052
0x2e7d899eb1a1a9b08fbcb0380ac38271b7cf1f27,0.01,USDC.e:0.0052
0x65ffb29acbab07028035a6f3fc246eece8950d92,0.01,USDC:0.0052
0xe4d1f0a9d52a9c626acbec07c885c946a0ef4538,0.01,USDC:0.0051
0xa8d8de7e784e9b63c548de85fe279f920f869187,0.01,ARB:0.0566
0x7d12624ea1ecb57214c3e522194b005e4ec484a7,0.01,USDC.e:0.0051
0xc9bd05842a3cd1c86b2c8357d13edfbb6e7d173c,0.01,ARB:0.0564
0x46e176223c12bdf65b35d9520ba875abfa27d032,0.01,USDC:0.0051
0x262f24e3288d50ac07760810c2c9a5293316f4f5,0.01,ARB:0.0563
0x48d10bfc2852f546a916e826be040f830e7d0bd6,0.01,USDT:0.0051
0xbb054a86d512920da8033fbde7f23f5daa072cfb,0.01,USDC:0.0051
0xa799d23ef80eac69d09d6e156451a3a34723c8e2,0.01,USDT:0.0051
0x20a6bd462bcfe65a04765c8786d0b79fec0e3ef2,0.01,DAI:0.0051
0xaa15dc7eac999bb1fa61216261769b98f23202ab,0.01,USDT:0.0050
0xc7cf9b423e06a1cba4cfd7bba8785884f560db1f,0.01,USDT:0.0050
0xa974634b50ba38490671cfb995922e32d3b5ba8f,0.00,USDC:0.0050
0x973fe58c8253782234dc35a47e18fd1452fde26c,0.00,DAI:0.0050
0x9a6d90ef677ef5472c185e402c3e845ccb479560,0.00,USDT:0.0050
0xa689100c8febcbdc92137b6a6bbbfda305a6d319,0.00,USDC:0.0050
0x229844a2a1f484d4074a9b8c66c3579c93bcf178,0.00,DAI:0.0050
0x492060e813ad1e467518a2db6f3075abb088a9be,0.00,USDC.e:0.0050
0x28b6af9b6506bc3c1070a3928de6ef4b83055188,0.00,USDC:0.0050
0xd10706b0bc312570b7e33ce46e64d164cea29884,0.00,USDC.e:0.0050
0xd347105c6e0e685031e3f06938b6560214d20556,0.00,USDC:0.0050
0x87617e7fc22fb233e3ab4106960aef85911f73ea,0.00,USDT:0.0050
0x460635d1edaf3d25b419e3c4aace5c296e4ec02f,0.00,ARB:0.0547
0x6174b73266f4e880b425733245b5b1d68d19915c,0.00,USDT:0.0050
0xb5aeca1576d855f4e7c2b87f5a23cd9e311409e1,0.00,USDC:0.0049
0x25f9a6fe2ac63f200bce775caea57f39618e61bc,0.00,USDC.e:0.0049
0xf7951ea1f24227542103a257a9db35bba765dc8a,0.00,USDC:0.0049
0x24d16ef785bfd4f235dfe31ad5923b8a09ec59b2,0.00,ARB:0.0541
0xfdf18200d259bea8bd5eb8734620afc36d0b6bd4,0.00,ARB:0.0541
0xd4d23225f36eeb97ab9b269f717f7548c49b90ae,0.00,USDC.e:0.0049
0x242639bd0171a0454dc7e8bb3f01e97a99285986,0.00,USDC:0.0049
0x4457c4d1ef4d615a5280fc7fdd1a2efb8e8c2363,0.00,USDC:0.0049
0x1b465964f1c074fbac07a9901cac2eb827826d21,0.00,ARB:0.0538
0x798ba0655a3bd0d6f49a9b6937515b2f049c5266,0.00,USDC:0.0049
0x9cdd0281d186cd331247dc1826d6e5b985ebd36c,0.00,USDC:0.0048
0xb6707f61487dc17bd8f40f1a6260eaf15c6b9fa9,0.00,USDT:0.0048
0x8cc604c70281fdf596542bc3e28cb8beda4f91ef,0.00,USDC.e:0.0048
0xab48bafe349ff133f2848d114771c66efda71ed8,0.00,ARB:0.0528
0x10ae6e1d7e192514a3b8a76f74fa298d378b0f35,0.00,USDT:0.0047
0xb8c9aec008398254a7123d0efac803d7244f7d15,0.00,USDC:0.0047
0x291b21233300c180ce07731eb8100829d6b53df3,0.00,USDT:0.0047
0xba80fd5d41a3d2af46645b3d4e00163fe8f23da6,0.00,USDC:0.0047
0x13d2fc5cdda0e984cbe9c23fa8758ab11a40ac7c,0.00,USDT:0.0047
0x387cb4cc10da83bf22ad93e28f7675b61334d0a4,0.00,ARB:0.0517
0xcbf866ead9fa69498ce0b1f1fe4e73926ab391e7,0.00,USDC.e:0.0047
0x5c0881467784080538e024a1eba515efb39d0ae7,0.00,USDC:0.0047
0x5d542ed7f42b6fe32fb750b7158b3dc8532123ea,0.00,USDC:0.0047
0xe9ce2ed0d2bad6f082e3f346c7d52fa4b1b436da,0.00,USDT:0.0047
0x7499e33cfe311e62548fcc2014b8122e75aa2548,0.00,USDC.e:0.0046
0xd55dac2f76ff813ccbb779501d544e9e97f0fef9,0.00,USDC:0.0046
0x7b7632361cb89115ab64fe779e8c50f4ce01cda5,0.00,USDC:0.0046
0xf17f53eda987b3f831d32f99beee467512e130d0,0.00,USDC:0.0046
0x797292feeb3d74a54666b7be0fafcafe82ba2e2d,0.00,USDT:0.0046
0x96c6c8c129952c9ef72f975f8ad1c4ada7bcb7d6,0.00,USDC:0.0046
0x71034abddee9edc9f8676c1a02edb53878aa63c7,0.00,USDT:0.0046
0xf0d15a2967e4e6adb6cda4cfd1e7cebb56fed402,0.00,USDC.e:0.0046
0xf995fce9458c8209fb70e5edcceecb9dccc11402,0.00,ARB:0.0502
0xf357dc4888da53d1af140c3532b395c9999242ed,0.00,USDC:0.0046
0x22d329d10ecdcb858669e3d9f22febae4b869b1c,0.00,ARB:0.0500
0x60c49c66588266f87ed022f2984bd75fc7492b2c,0.00,ARB:0.0500
0x71b8c7ee60f5159e5507bdfdabe987d597a3ee19,0.00,ARB:0.0500
0x93771ac0e13c104bf700038514ebfd148b7ff8ab,0.00,ARB:0.0500
0x9b4e84d522105f8a05188196c16b89677558ecd4,0.00,ARB:0.0500
0xf73831229dde7f90b591bcb7b61bfba4869b280c,0.00,ARB:0.0500
0x43e1174d2dde289547d00d937fb8245b73cffc9f,0.00,USDC:0.0045
0x72a0376e100219ec9d232f14232f3b8d83a319f8,0.00,USDC:0.0045
0x37bd8fcbe9790b35bd67c5c9034ff4b1537bc4df,0.00,USDC:0.0045
0x7daa92a2b96a142d236906f5ca3024665c96bfd9,0.00,USDC:0.0045
0xee3658cdf12baeb0c0e5ea0846a757d1d3c6832c,0.00,DAI:0.0045
0x8126e66d154e09012259abb151bcffc70024b738,0.00,USDC:0.0045
0x6f8e3011b58c27bcd0e853d45eb1f9735013a185,0.00,ARB:0.0493
0x2dbd29d90eec2aa1e8701783828c03588416e020,0.00,USDT:0.0045
0x137aad5ed61b0867d8c9e2585b65b01e282d4b0f,0.00,USDC.e:0.0044
0xe451c6da302847ee4c29a3940b7fd6bfa808b2f7,0.00,USDC:0.0044
0x5b1c716923f11c8c4155401244df731bca3f64f2,0.00,USDC:0.0044
0xc94067fc1c94d982f13fe03f9d36549169dd8b85,0.00,WBTC:0.0000
0xb2c4b7761babda70adb23604a71f2fb511afc9bf,0.00,USDT:0.0044
0x2d10391358b285d9eac043aad2a60374f87306c1,0.00,USDC:0.0044
0xa586075e0ea6351310096a91c0e72b0a6265fa61,0.00,USDC:0.0044
0x28548a0c4be9118ccf4000d3da7051aba1b8a311,0.00,USDC:0.0044
0x02d9729dd5b00113d9f6f900300a61eab7cb0c04,0.00,USDC.e:0.0043
0x68ecb2b2947718690deaff03040dbbc50042f49d,0.00,USDC:0.0043
0x876a634412cdc3dd8b4f40c8db1fb3e3370ef4f0,0.00,USDC.e:0.0043
0xc75eab41e63ae719dd69e1ffe787f6352644a4bd,0.00,USDC:0.0043
0x8f117ce513b8a91de1616033f20fcd57d78de255,0.00,USDC:0.0043
0xb19ec7c7d99f2f3adb86fdea8c1c88a68d6c38cd,0.00,USDC.e:0.0043
0xb30d8b4e60276a5aa397c7e29f2e83766cec6cea,0.00,USDT:0.0043
0xcc1de0685f62a4f6f7576bb8b0c2778388d535e1,0.00,USDC:0.0043
0x1b9d56316e09ad6638e350bb42dde004d0bd1d54,0.00,USDC:0.0043
0x5c9de7239eedc6e2c59449f3b5c2db154b6a3c5e,0.00,USDC:0.0042
0x4afb5fc077d2aea96396f64116206860c70ccb68,0.00,USDC:0.0042
0xac6b093ca00f5743dcf1bd6c040a1708de85ffd7,0.00,USDC.e:0.0042
0xba7417225111c78223127d631e550aba590e65b3,0.00,USDC:0.0042
0x98c85d7f231680a3d6f8097702cf0059f1646e28,0.00,USDC:0.0042
0x44e6801be9b2726d188932576310d40d1f8b258e,0.00,USDC:0.0041
0x7ab7d02d25b7244e4a9334e2662fe790c716fcc2,0.00,USDC:0.0041
0x4b0b896a8b4ba554c6aaa1ae364c491016e5b806,0.00,USDC:0.0041
0x523c6758e55454e8566e1dafb240cb8e995527a7,0.00,DAI:0.0041
0x4a049a4b9f4404670c5f63cb4ca14fcbf9ae784d,0.00,ARB:0.0455
0x1d5565705bdd78b9c1742acab729c0ce1cb2a2d4,0.00,USDT:0.0041
0x5b175572ebf84bc2542c8611280a5e47f8efde75,0.00,USDC:0.0041
0xd2219e4c35ad95f304e0a38558b58cd7a4091ea1,0.00,USDT:0.0041
0x7fb7cb4565e964747e1eb1b1a6a2e1956c25dbd7,0.00,USDC:0.0041
0xf0660ed45923c14b24dc929f4f6fbd633922df6b,0.00,DAI:0.0041
0x2adb7105f9d12ec8de6408ee29aa7596947b6dfb,0.00,ARB:0.0450
0xb2a0e8ffc16729a0ab621b2de55e1406991b407e,0.00,ARB:0.0450
0x64e5f1e0acabf2605bd7083e0e5c49c269785382,0.00,USDC.e:0.0041
0x17a77d5fd5e543df8cca8b36cc20e26f513c0958,0.00,USDC.e:0.0041
0x6c82c6a103af9cd0725d59c9ead841795a53c944,0.00,wstETH:0.0000
0x09caa14b05cd162f7a1dea69f81f0513e82246a5,0.00,USDT:0.0040
0x3e844e96f09dcb25ba606e7ca4d34f5c8d00b7c0,0.00,ARB:0.0442
0xde350f4f842b4c36ef6a1b7aa2f07f993a495064,0.00,USDC:0.0040
0xfd86bb2d57c4e419894b3374b3c9c638ad912170,0.00,ARB:0.0442
0x160a420f7d35bfaeded850ef76e291099e4e28cd,0.00,USDC:0.0040
0x319b2ffce0b168688256e5f4b953de29f3ca2acb,0.00,USDC:0.0040
0xa7eda2e539a692d394fb5af711221014ad5be609,0.00,USDC.e:0.0040
0xccae85b3e85668c5d5a43ddfb4fb9f41daffd206,0.00,ARB:0.0441
0xfcf615d26589566f9070a05d779f8be2d8ec8508,0.00,USDC:0.0040
0x6ef56d9a759a65aacbaab025a1c347cf1c705800,0.00,USDC.e:0.0040
0x67260c5469cec696c85d6610a895c3659ec50906,0.00,USDT:0.0040
0x9168035b0aa81e15258dad94f76e0c04e834297a,0.00,USDC:0.0040
0x1af86eec2d46160b784ab7f4ff9c62ec7294d762,0.00,USDT:0.0040
0x6fd395d58fae1409288d1ccf440ddd9d803c3a2a,0.00,USDC:0.0040
0xd843c5e2a57fbc8c3cca0ecc06f14b82cb0a1f7d,0.00,USDC.e:0.0040
0x70e3c8e400a7802075e77167e0df214cd0131eba,0.00,USDC:0.0040
0xa2b8ddd2ea8e8903a065c94a178f31c777e91758,0.00,ARB:0.0435
0xad501dbd0997864c2ae51fb664147a725f67281d,0.00,USDC:0.0040
0xa48235a4ef9b45ac4437ac3e2e53cd37cc5f34f2,0.00,USDT:0.0040
0x70906c13467cbbf1b83c005c492f4bd605154fc7,0.00,USDT:0.0039
0xc44f63619a88d3b5e83c4ed397aa1eb84a7f8182,0.00,USDC:0.0039
0x4df7ca42534e78655c507a1860d7c1952fbb5d59,0.00,ARB:0.0433
0x478f0dbad99e2882c1108cb2308699e521308f23,0.00,USDT:0.0039
0x4b232b31a4b08705b24d0f60ac26f56392450a3b,0.00,ARB:0.0426
0xba4a98427e10b1e4eb61e8645151ea2633f646a4,0.00,ARB:0.0421
0x7ffc9794c4ca0afee07ca33445c15849d8bbd0e0,0.00,USDT:0.0038
0x39243075b93997745c6c80e0a63a8d842d15c871,0.00,USDC.e:0.0038
0xd9dd394b08578196f2430c2109dc649ce5858deb,0.00,USDC:0.0038
0xf06370c67def47be38a36c36fbcc04d30a29c1fb,0.00,USDC.e:0.0038
0x3e2da10fc248aebba009bb0e6fbc68f9d6c0b373,0.00,USDC:0.0038
0x22f99ca29172d165cc88c4d821fff6b6c8db2799,0.00,USDC:0.0038
0x4d02c67d3427ef9e7e194ae473078ab74090fe15,0.00,USDC:0.0038
0x034f7a67e92cb3f51523aa2acdee858bfe0c570b,0.00,USDT:0.0038
0x86e46140861e104b3ea48534ac780ed8bad34401,0.00,USDC:0.0038
0x87de74597c1f8af0309cc4eea15f137c14180f7f,0.00,USDC.e:0.0038
0xba231bcc117b0140f4578a946ba9769873c419a2,0.00,USDC:0.0038
0xe4a6c5a15e79a42dee0592104c07c7ed00c119d6,0.00,USDC:0.0037
0x98dbd8c6999a8d50851bef674f7909816fdfc23b,0.00,DAI:0.0037
0xeaa23d8a0c279680948883bfaf14a96acd04da81,0.00,USDC:0.0037
0xd523266cbacc34477ec2fe2f8fe71e278e13972f,0.00,ARB:0.0408
0xa8e5441ed11649de9b8c48779c2b40a850331fd5,0.00,USDC:0.0037
0x3e3df194992d730f68a5031281410eac91032c36,0.00,USDC:0.0000;ARB:0.0000;WBTC:0.0000;DAI:0.0000;wstETH:0.0000
0x196bf3a63c50bca1eff5a5809b72dfc58f0c2c1a,0.00,WBTC:0.0000
0x14552323fc14af77c7136c09ba7268f5436d158e,0.00,USDC:0.0037
0xbfcd44406f96d05d72edab72d4186f6f1ff1591a,0.00,USDC:0.0037
0x0eab9faf77e2d841f9f457999baf632b31b01f79,0.00,USDC.e:0.0037
0xa4c7a6310472a6c4a9f93eb17192aa01e096b03b,0.00,USDC:0.0037
0xa8c3dbd36d0b1db0d9f2a6c8c07f9b4509aaa45f,0.00,DAI:0.0037
0x0806cea45f7dc51fdd50b3a85ad40dd7c35b9f9b,0.00,USDC:0.0036
0x38ea806d84b64ace741e6d1afa94f69f1f71573a,0.00,ARB:0.0400
0x593fc4244dfb1b14d1d3211670f1519ae8d747b7,0.00,ARB:0.0400
0x406150f871d98be543e3f3c9461d52e9360f699d,0.00,ARB:0.0399
0x4a1fc7058fca1413e77faad35e033a1109f2af88,0.00,USDC:0.0036
0x93ccecde28834d141f6152d21d53c92873409dac,0.00,USDC.e:0.0036
0x13223de9ae03c63db30dc0092e785669ee827385,0.00,ARB:0.0396
0x1336a96a4dfec131f5695b0287ddd253c2f46334,0.00,USDC.e:0.0036
0x435aa65114f5e1f6c7bfa4d679ed28cf1d46be36,0.00,ARB:0.0396;DAI:0.0000
0xd476fcd47a447da93e02716b16191171c5f90051,0.00,USDC.e:0.0036
0xd62c03995beb0f439f50903ef0f7c7ed64258896,0.00,USDC:0.0036
0x45f9b21d91fc9563b103f257af30433d8451dea5,0.00,USDT:0.0035
0x07780594065dbc13af9daf54b0b1c35857042051,0.00,USDC:0.0035
0xb16d373883a4e6d30b63c528b55c7e47a7a2f006,0.00,USDC:0.0035
0xce3d7b1b8bbbbe1d26fdc77fde017f29698e6018,0.00,USDC:0.0035
0xcccdf6aba5513c51e169c6fcec2c280153567d0a,0.00,USDC.e:0.0035
0x2c62cf6ca127764b456fa620ce0e600c857aae7f,0.00,USDC:0.0035
0xe67debb8a8790daf00516e3d3bc5a1c998cf742c,0.00,USDC:0.0035
0x5fbe2004a972b8e6f544f7a87b10e3487a4bf581,0.00,USDC:0.0035
0x0c7ececf96b29739ee222bfba3b821a31176ed8a,0.00,ARB:0.0387
0x665930516af2c52c748a61cbde145c82361d0110,0.00,USDC:0.0035
0x5d4a7fa0ff14037ab7ff147e22df4cec6ed74623,0.00,USDC:0.0035
0x92281aa21ce723b1ba5830f1c2fce8cef6d73cca,0.00,USDC:0.0035
0x078a8623ef683604dc5e87325a879f8ae23aee71,0.00,USDC:0.0035
0x39b9e298e7f60db869e91d2603c5b7edea2ec472,0.00,USDT:0.0035
0x7473bbd666814f439d237e3a6357e5eed66af954,0.00,USDC:0.0035
0x32be94cb1481ed35449056585a86ddb2e38630dd,0.00,USDC:0.0035
0x43b1bf3691e0cc2ae2bae4a321aa97c04aaa5651,0.00,USDC:0.0035
0x38dbb36943416582e328f8af04f7468af09acf2e,0.00,USDC.e:0.0035
0xa8d566830484883fbfa759cc22e5677c500c0d19,0.00,USDC.e:0.0034
0x3da52e1eb92df18d7b70f4d4e08358f1a45ec701,0.00,USDC:0.0034
0x21832be1c237607917ceb384239caa1e90b25ee0,0.00,USDC:0.0034
0x2ff7be15295758462f9ac41dce59fc4a7ca511d5,0.00,USDC:0.0034
0x1a01c16a16eb5be2f5db9c15f761547c5df584bd,0.00,USDC:0.0034
0x7364a68cd6219bb7e709f0c989efc14790869099,0.00,ARB:0.0372
0xdf850811e0bd17cf3b0e1744a8cacdf0e7d87a1b,0.00,USDC:0.0034
0xec4ac1e9e12298aa8894d05a3d8276f5e04bc8f1,0.00,USDC.e:0.0034
0x468d38c2c571bd4911529dad7e548445eb77537d,0.00,USDT:0.0034
0x8d879c4a7616537139267db56c40572bdc67a9db,0.00,USDC.e:0.0034
0x3edc76cc472625618ad89bd19ce7d8234eb5e7ef,0.00,ARB:0.0368
0x57b8f871c92770fa22d3fd42cf22d9c492d9c2cc,0.00,USDT:0.0033
0x1dc604e2ac23513b77dd6c59d78532c5f255be48,0.00,USDC.e:0.0033
0x85009699e5c0079c9f530c1b48bef66cc8f1f825,0.00,USDC:0.0033
0xc38bccced25888868b7172a6c4650a4c1d079165,0.00,USDC.e:0.0033
0x086f60dd649e632e5da7e43dce12c004c750e34a,0.00,USDC:0.0024;ARB:0.0100
0x7596d0f64081f8af189915da2d02d4e09a1d979a,0.00,USDT:0.0033
0xe271801725ba8f82f92692b442f4533450b03829,0.00,USDC:0.0032
0x9a7a4eb26091452f0d738cced91763a28ea68d90,0.00,USDC:0.0032
0x38d24dc0a7d2e703bfce8b42ff736b8d9f2a15a9,0.00,USDC.e:0.0032
0x068b8f7dfde7d02be5a38f8b67553c8611bb17ff,0.00,USDC:0.0032
0x38f5f53ccdd63e464a90d8df0d46ceee9e435306,0.00,USDC.e:0.0032
0x5bf3f571b94a4091c3521982856a979bb00f2afb,0.00,USDC.e:0.0032
0xe2764e7596fdc2e42eaad0d5165c105203094a05,0.00,USDC:0.0032
0xd3539bd7514ee4ff4e6b8bf82802c6d44bb6933d,0.00,USDC.e:0.0032
0x1b8154cdbad82f1a5629b831131ab289a2f86334,0.00,USDC:0.0032
0x2b8d4fe327835135611dadb8463803787ad5d521,0.00,USDC:0.0032
0x943ae23788e7452ef5ae92160762fc166a9c1f0e,0.00,DAI:0.0032
0x40b57d7cb44f0ea04fd0f60b2020eb845f4d8234,0.00,USDC:0.0031
0xa5fa6f7a47cce9381cbc63edc9dd55d3520270c9,0.00,USDC.e:0.0031
0x1dfe137956e79b3b6895ebddbbeab912f7cd4c7c,0.00,USDT:0.0031
0x6f8e41d6b9ab6392082d3038b853473ffff95748,0.00,DAI:0.0031
0x6f872f43e124cb194eb185b07d86a2f8570e6032,0.00,USDC.e:0.0031
0xfdb119e87ff38cd745ae9d0800ca466b704108de,0.00,USDC:0.0031
0x6ffad3cd83392c78dbdcd31582f6a77051961fec,0.00,USDC.e:0.0031
0xb773446315c8445812ff5593e79104395658ccd9,0.00,USDT:0.0031
0x05b9c052f205d6c93604fd12dfce0842a3398f9a,0.00,USDC:0.0031
0xe304a9738b2867ce831e1efb08c186bf40e3077e,0.00,DAI:0.0031
0x159093526fdeb4daf603e63ae183f0f43aac7480,0.00,ARB:0.0332
0x1bc0b9e207ff3aed135e27c747abcb8ca006a578,0.00,USDC:0.0030
0x1f8968faffdef1028079faf9bb2bcfa1ced254e2,0.00,USDT:0.0030
0xdbcce05daa7f7b5363acd31a7621127abdb82869,0.00,USDC:0.0000;WBTC:0.0000
0x211631b397da574d0c0dfe1d5cea614b341278db,0.00,USDC:0.0000;WBTC:0.0000
0xb6cb128b314e73c832a40987a477264ced39b117,0.00,USDC:0.0000;WBTC:0.0000
0xd691fa1b77912bd448248e984af48930d8fd351a,0.00,WBTC:0.0000;wstETH:0.0000
0x6740f58c286742b09798d31749cb8223bd34b51c,0.00,WBTC:0.0000;wstETH:0.0000
0x1890eae0e36a6e5f6323e2c8e6f7118d03c0ee2c,0.00,ARB:0.0000;WBTC:0.0000
0x03f71ee50d2c06a346b1c9430eacf74312384e08,0.00,WBTC:0.0000
0x197be24a052474f6f81b137e31e23bb60b02c650,0.00,WBTC:0.0000
0x2b29612811267edd55782db251786abd7177ec2a,0.00,WBTC:0.0000
0x51826eb95bf1b4fb5dc4474e86f4f66dd13a66ae,0.00,WBTC:0.0000
0x6a56b71d50e7a5212abce6e0793f632621c18084,0.00,WBTC:0.0000
0x88b8d4564e3277cbfbb6bca858398acffaf11078,0.00,WBTC:0.0000
0x8b21f01e62223c1cb8d4dd9a13b80503d07c9996,0.00,WBTC:0.0000
0xc34621f37ff192b32a01d86b9b35d9b860abe624,0.00,WBTC:0.0000
0xc9eca41de2e0dd16afa206f39152eaa1dc77cd86,0.00,WBTC:0.0000
0xd844cc65ba8dd3f3b951309a46192b891b058614,0.00,WBTC:0.0000
0xea27911223a09508fdab2bffd93ebf86d6fc1630,0.00,WBTC:0.0000
0xf4435565a148797743ee63cc14f37e20876a57de,0.00,WBTC:0.0000
0x441f1ff065ab684ec05563e69021e3c5c994155e,0.00,USDC:0.0029
0x206606046388074b4132a2602151f91da26c3f5e,0.00,USDC.e:0.0029
0x1f126c7b2a7ae79a8b4b96ffa35d124eeaf967bc,0.00,DAI:0.0029
0x7745748f6361a2c3fd37022545e0a484e54c7360,0.00,ARB:0.0322
0x596332ea16e8ac763bd248a38fbec8b49f94cece,0.00,wstETH:0.0000
0x3630f939a35c52957143e7ad45f31ce486715416,0.00,USDC:0.0029
0xf5801a79169623a8c7cf7ebecc93a7f7bff5cc56,0.00,ARB:0.0317
0x1b7a668ec5b93ff12286b2456cbca8eee8ead9d4,0.00,ARB:0.0316
0x0040b47cbeb8c9863e4b4521b2ab01cb21dd097f,0.00,ARB:0.0006;DAI:0.0028
0x17fd04bf3fe1bb4ea692dbb99a613a355c38a87c,0.00,USDT:0.0028
0xac7c14b1cee684383a18a0e5339dfb5902b1bcb6,0.00,DAI:0.0028
0xb9fc3e9b8755ad7b2a3e29a95518a9a7cb4aefe0,0.00,USDC:0.0028
0xbff91b9908713234c4e93a8955d50bd8cf926422,0.00,ARB:0.0308
0xbee2d469aacb46251ae33cca91f482e26c971dff,0.00,USDC.e:0.0028
0x3f76781405e30a336687141b873ad0eb934ba468,0.00,ARB:0.0305
0xb376c289fa399e1813a90ddd04a89547d537d0cb,0.00,ARB:0.0305
0x381b0a36e73d9e250fd7cc635c43da9fd77f1111,0.00,USDC:0.0028
0xff680228d000b54b74939bf892da8262cab8cf5f,0.00,ARB:0.0302
0xd1a9ef20e3b08216b5c8e32fff5979eb80048082,0.00,DAI:0.0027
0x12030a7b4a7bc974ae339d69a3e00d30188624ec,0.00,DAI:0.0027
0x0e80107e62d8ec296317333e2307dfe604845cad,0.00,DAI:0.0027
0x8c1fec04a32cec1d05b2f4074155a3b0a9b4ad8d,0.00,DAI:0.0027
0x532d7d7c95d1637f2a39c6f7f496b0a141c86930,0.00,DAI:0.0027
0x4c6468b1447237375d1d1e7028ae087f6e755296,0.00,ARB:0.0300
0x61b1e5f5295e22c8eb2cd557ac0e92acbe998f28,0.00,ARB:0.0300
0xbbf22d7ee9d2e8b2bca22bf7bd6f2db3b7589a15,0.00,ARB:0.0300
0x0dd7d574c0ea9a5c33fb57ccf5a12715a9147183,0.00,USDC:0.0027
0x6ff1f72ab0a902b09433e4ef20e6654760a935f8,0.00,USDC:0.0027
0x67f33c31105e072d13eb5d03ebf152f5df17e86b,0.00,ARB:0.0293
0xdf6ab2f5d60e8736a286f0a9577d1bb87356d1a5,0.00,USDC:0.0027
0x13a90511e855afd3d36b1018a7e18a4be39368ef,0.00,USDC:0.0000;USDC.e:0.0026
0x65c9784e94da6636c5c2883dcfaa4029de7b5e1f,0.00,wstETH:0.0000
0xd37c30be891b55ad72c13a918847235439ad76dc,0.00,USDT:0.0026
0x4f705cf2e1907f6c635ec84e96761b07c7f6e88d,0.00,USDT:0.0026
0x5e95b00eb048ba226e37f5fcbab2ebd8b530c83b,0.00,USDC:0.0026
0xc59996073a31f102f15a39602cce88449aa3d779,0.00,USDC.e:0.0026
0xd0f5ccbbac3ad3ce260d039cf49d9a5dc295a509,0.00,USDC.e:0.0026
0xf17135ddde942ea02bde97ebe530557049265d40,0.00,USDC.e:0.0026
0x09b821161bae8f3c22e297956e9851475bf7396e,0.00,USDC:0.0026
0x913ac434084d1fd7296c5b41c9f476aa9307fdd6,0.00,USDT:0.0026
0xb61aba08c1c2d799b28753bffda27b243b5b41e9,0.00,USDC:0.0025
0x1c80431b04e96ec41f8f9eac6bc8dcb2285da914,0.00,ARB:0.0280
0xaaa0efff2f03b1e6d59cb1e0c02c154182995615,0.00,USDC:0.0025
0xfc3e2557502f3f635a010ea623eef629b69e9a83,0.00,ARB:0.0277
0xd7980714dd2c71ae88313804f5f1545e7c37ccd2,0.00,ARB:0.0277
0x0fa1b7fdf5a883fa77e0dfd47546443d4801b02e,0.00,wstETH:0.0000
0x917b6dceff16a3e65ee09aa550d2c3b1d2e573da,0.00,USDC:0.0025
0x70d4bb4c49093085874ff173a30818a7970206a4,0.00,weETH:0.0000
0xd54eae0c7902162c9c0aa2c34102d9fb60a78cc9,0.00,ARB:0.0273
0xac062850b127c6c13af0d6a2d0d1abce0ed8b9af,0.00,DAI:0.0025
0xe48652156eda91ba6dba337e5e9b945f63e7a228,0.00,ARB:0.0269
0x5a5d07ef209bf2e2608405cfb0b7d7d5df396a36,0.00,USDC:0.0024
0xb95e496fad0110638e97713127d9f5f3adc58b4a,0.00,USDC:0.0010;wstETH:0.0000
0xb6f5599281ba3325004170863194944c3bd46677,0.00,USDT:0.0024
0x9639284513dc6253ec61dca210f8695242e67c28,0.00,USDT:0.0024
0x0b00ab0a5e1b1e7a88e246a27b8a60e02f063bf9,0.00,USDC.e:0.0024
0xd3cffa37c915dc9238c92d9536a604e42a8ee34f,0.00,USDC.e:0.0024
0x074f6d8ab6bcdf3ceb1521e2c70ab53ddbbb7c69,0.00,ARB:0.0261
0x9e7df145d6d5985e49f592af2b773c9f4cfd595e,0.00,USDC:0.0024
0x96fcef521d0be7c6127ba6253b2dedd849c0cc3c,0.00,USDC.e:0.0024
0x1c578a3cc8d06b4544cd60f4514a154deb3af9f5,0.00,ARB:0.0260
0x07249c67e43e359aa86e5392ccd212915cea6717,0.00,USDT:0.0024
0xe5ed6bd1bc470e540a4f324b6a5b2502614bc99f,0.00,USDC.e:0.0023
0x307fb7b70a39791ab37b8a8628cae021fe902540,0.00,USDC.e:0.0023
0x1052922df8ee1dcedba4268c67580fb6557b60b4,0.00,USDC.e:0.0023
0x76b7780f848e06adc4ad831147239099445be294,0.00,DAI:0.0023
0x357f91c82f55e5de9668747b0a6216a4fa3bb5d6,0.00,USDC:0.0023
0x15f6c022cf3d2054977ead86e39091180ec0e0fd,0.00,ARB:0.0252
0x115e627b9338b61119842fee1fea31e1d4737056,0.00,USDC:0.0023
0xa248851cf7c5413c2367389463ec8ff6faa0b60c,0.00,USDT:0.0023
0xb039177b5d225024933c552df17a54f2900276e3,0.00,USDC.e:0.0023
0xcf0a89bf884d8e67b4d00fe9fd1bd26e79269d21,0.00,USDC:0.0023
0x7aec37999c76a0423a6e6798ef9548489af3b5d6,0.00,USDC.e:0.0023
0xc0e9497d5dd8cac3b20e22c1061e9129c5d4cd44,0.00,ARB:0.0249
0x3513896ab1d2c25738df0145b1f72f7ada4ec082,0.00,USDC:0.0023
0xe1ded22ca713eb479bbd50c055714abcca8ca57e,0.00,USDT:0.0023
0x0ba55face8d27b1eb8d627e27abe43dafda4a576,0.00,USDC:0.0022
0x83fad179935eee47ad35968f296afd21c67d9c25,0.00,USDC:0.0022
0x151dac262dd334200185488cc7d6dcecb8f3849d,0.00,WBTC:0.0000
0x6dce7c48d375ca8c55e65ab8ee42bcb436ccebaa,0.00,WBTC:0.0000
0x7a9c10451fcdf12212694b048ae5d90b4f1582ab,0.00,WBTC:0.0000
0xbdfa4d9fb96f014e59ab676bf223484e54334366,0.00,WBTC:0.0000
0xd2b2a2bffe5e2fefaa29d7246f683b0318429bec,0.00,WBTC:0.0000
0xe0ba3757f39a639a59b362d4c0576ab8ee2af605,0.00,WBTC:0.0000
0x60adcb992007f51764c7b7be6f852e0bd488d0b7,0.00,USDC.e:0.0022
0xa59551f2276cb7bbb3bf664683f20ba2d6ec68b4,0.00,USDC.e:0.0022
0xdc4ff530962234d42e8ab4b3fb8edd25222178ab,0.00,USDT:0.0022
0x1de3fc0de5ddaa0659f27853d8e7ba73adda80c4,0.00,USDC.e:0.0022
0x7fc6dfe42250a1ed4af016613abb5941297e4e20,0.00,USDT:0.0021
0x2996728bf66aa3db48515406dcb920ea31efc3c5,0.00,DAI:0.0021
0xc642dda2416d7fec9e74fa206cbd5d1c1bca7384,0.00,ARB:0.0235
0x1b8e173542d9b23012007cce2baaca8d72086275,0.00,ARB:0.0233
0x2a3fee5719d863712feac12210a1af0c820be25a,0.00,USDC:0.0021
0xfaeb87971c01525e51e66df7ab2aa1e500731b36,0.00,USDC.e:0.0021
0x25e2a2d95507933032cf6821642060f967b7dd3b,0.00,USDC.e:0.0021
0x87e743b09d8e349887728686c91c15f0ec4d3281,0.00,USDC:0.0021
0x8357c4ea5f58b349a8f980caab4bb3ff3797734b,0.00,USDC:0.0021
0xe15e568806bed33113a94b8881d94ded3330056e,0.00,USDT:0.0021
0x24c18ab8934f625e9a5737d38eb349e3181217c2,0.00,USDC.e:0.0021
0x7ba451461fe6be132cc7b5fa22be180f20a146ad,0.00,USDC.e:0.0021
0xdc2e22403f0ecd19259cc14b8870aaafd5b43859,0.00,USDT:0.0020
0x207efbb00e0a4f4f72fb076821ae057106ac7420,0.00,USDT:0.0020
0xca43703ca1a251d4ef8ce1eb4fefa7a96abcfc43,0.00,USDC.e:0.0020
0x5d87cd5be211bdbaaa336945122db911a244083f,0.00,USDC:0.0020
0x1d48602e3e19b2f986e752c721bcbd42d33daeaf,0.00,USDC.e:0.0020
0x554fbe292cd881b7d0456c23b60efd2ffdd6c9f8,0.00,USDT:0.0020
0x306254cfe014416cd58d1ee9a5df6d7793061daf,0.00,USDC.e:0.0020
0x092dce066b62b15fe1e3758f26cea6d913831f08,0.00,USDT:0.0020
0x830664f12701839bc2346126dffbd785135333af,0.00,USDT:0.0020
0xeee83625c1d7072b8f5faa411280702a4316cb4c,0.00,ARB:0.0220
0x2888aed4328884675acd49dd91acea0f4a49ddd1,0.00,USDC:0.0020
0x2aeed92196403f63ae57b33ac669ea722b411842,0.00,USDC:0.0020
0xa17de59be67d56a02b72d4acfe80bf0abe1c5788,0.00,USDC:0.0020
0x98f15d6c14e18333d523c3882f1fa922f5841d3b,0.00,USDC.e:0.0020
0x1ab153386d40059ad833d931d412272dffbfe3da,0.00,USDC:0.0020
0xb78f4b0ff0b061b6ed423de71570effc54e39255,0.00,USDC:0.0020
0x5ac40f0e3edf21f4797080f3dd3fcbc91410dda6,0.00,USDC:0.0020
0xd5b406ad697ed3e1bb6cec1d26c02416da9a17de,0.00,ARB:0.0215
0xd2be9f65073b89aecf18c21fa4d74a8ec0926de7,0.00,weETH:0.0000
0x1058d7f5b3023ff70780d04e16f5d597f1c2143f,0.00,USDC:0.0019
0x46bf6fc7b20019bf840df01ca27ec7838d1bf72d,0.00,USDC:0.0019
0xcfb77f6984e6806849c780d7aed98eb0b56a6439,0.00,USDC:0.0019
0x61217c6a637ba95e60cd4cd4e5ca9f4921cec790,0.00,USDC:0.0019
0x14c55ca4ce5e624fbd814208446a84b476118eb9,0.00,USDT:0.0010;ARB:0.0100
0x24d08f64daf944b42ab68dd4111ad110b726e91a,0.00,USDC:0.0019
0x46c6e9956aa122045e13c84630853915b01a80e1,0.00,ARB:0.0207
0xc7b8bcca5d3aaabfc97c3b0909bd9012e6d2f815,0.00,USDC:0.0019
0x5c008038c597a90ec627428e3c9a9e693d2d6849,0.00,ARB:0.0200
0xbd96f0f37f52b3653b6ba2f9200a5fba4941427b,0.00,ARB:0.0200
0xf08658a96ece503c80ddd65f0ee7d64c40251718,0.00,ARB:0.0200
0xab5a95b5dda22be56e842057c0b3a9cf676b373b,0.00,USDT:0.0018
0x8d973b7f95966ebf51b3a07713137a09c49e7b08,0.00,USDT:0.0018
0x502ad2560db82a8af53aeabfe16a0c763d9d568f,0.00,USDT:0.0018
0xc6fb6929b57e42034ccef565c3bf0d888c93c982,0.00,USDC.e:0.0018
0xa4f9f5eece95667693f832f8b9c3dbd973d73ccf,0.00,USDC:0.0018
0x4b832f4db58622f56a87ee5effca4e64e2ca5c09,0.00,USDC.e:0.0018
0x4c8546d50cdc283ea90c97da3df4ebf9c97217e2,0.00,USDC.e:0.0018
0xe80660682af834dba83769f1afd5a1e41d55716b,0.00,USDC:0.0018
0x55f70d6e1096691b3c52a91c3c834dc06457300a,0.00,USDT:0.0018
0x49b2f847398a8f9dbedabfa3cad6274a74ec8b9f,0.00,USDC:0.0018
0xafe788339df5c8443de7c243865d3712da4ce0b0,0.00,USDT:0.0017
0x53d222455fc245e3218fa2b0ede0b248a11ac4d3,0.00,USDC:0.0017
0xe986defae8f1c695ea709afc4285ab25825214c0,0.00,USDC:0.0017
0x8057f4fcc006d512e411fec4760f578cba5f3b54,0.00,USDT:0.0017
0xa8c4c4793094c2d0b7ecf29a378ab944853e126e,0.00,ARB:0.0187
0xf12fe3e98e0d1f68f1815fb975ce6ea8be7231db,0.00,USDC:0.0017
0x431274109c1f38ec60f7a60231bb61f5608196b4,0.00,USDC:0.0017
0x12e8b9ae5645f5393d6f7d127f300f97c33facfc,0.00,USDC.e:0.0017
0xb6e7153ba2c5ced7cb16c1b5625924afd47f5bf1,0.00,USDC.e:0.0016
0xe046ea24f62219ef1f98fa091c34826ee660d2ab,0.00,DAI:0.0016
0xc12892b7ba5d2aa9c980571bf3d5cd5a5d57417e,0.00,USDC:0.0016
0xeaf04275a13260ed26746eee03f9edef53182829,0.00,USDC.e:0.0016
0xc849b5c12ef5045a051faf4fadc27b9b037d5154,0.00,USDC:0.0016
0xb53edd64475e3f6d5e32cd7c1f5881df2f6c2c13,0.00,ARB:0.0178
0x63ad8a6376cdf6974f3bc18ea050593f04e4dd78,0.00,USDC:0.0016
0x4de57a1fd9ef62530347e6a7071bfc0ff3858b79,0.00,USDC:0.0016
0xa4bc06ef6a4d4d679e606b2f1a8fb0309ee0f3b1,0.00,USDT:0.0016
0x7c8f95b1e7371560dd31a199108fcd9c867bc401,0.00,USDC:0.0016
0xbb0593c50b06410e03032f581369220147854d15,0.00,USDC:0.0016
0x0966dbf947744cda12067cc632098a4f6683e1c8,0.00,wstETH:0.0000
0xc52956d35000b9d525a15782aad8ef509694ab07,0.00,USDC:0.0016
0xd03f8b96a7163a92808b60640070dc43955fcda9,0.00,USDC:0.0015
0x2b64b657e15d0b5e87ed89bdf1d45405f07cfe58,0.00,USDC.e:0.0015
0x2392fb098570a88fe0a2e8b76780ae64f2c6aff7,0.00,USDT:0.0015
0xec6e7517ef5c2824a46d471c8049fe900fd219cd,0.00,USDC:0.0000;WBTC:0.0000;DAI:0.0000
0x10cf49ad103f01f8e4edef2846c43af24e35de94,0.00,USDC:0.0000;WBTC:0.0000
0x77d40e01fc95067a47c1dafcf629abbd28efc298,0.00,USDC:0.0000;WBTC:0.0000
0xad61d8415384f293d789c3fa9fc058b1c8470acd,0.00,USDC:0.0000;WBTC:0.0000
0xc358a2bdd14060263b7426cfc4a60aa4545b2f21,0.00,USDC:0.0000;WBTC:0.0000
0xed01d0593f6908e00b61d0de7cc94b025a366aaa,0.00,USDC:0.0000;WBTC:0.0000
0xffd1e9fbaf303fc71fda4f4de78728b0137c72d8,0.00,USDC:0.0000;WBTC:0.0000
0x14022b07c6f22e5ae1872bea0e7904b0c022cbfd,0.00,WBTC:0.0000;DAI:0.0000;wstETH:0.0000;weETH:0.0000
0x4a6d3b4d45d20925687832ee1518a1f2a608ea91,0.00,ARB:0.0000;WBTC:0.0000;wstETH:0.0000
0x8d5eaa304fefae3f965ee6484861f47135309f18,0.00,WBTC:0.0000;DAI:0.0000;wstETH:0.0000
0x0fc038b2b0bd3d1ecc0e81d685849bb1a68a7f02,0.00,WBTC:0.0000
0x2561559fb9af3137737d63c099b35f67708c3320,0.00,WBTC:0.0000
0x301b7c0fc65230b9fba8ed7c370afba60c206f4e,0.00,WBTC:0.0000
0x46b47d96fcef7764c09fdb5f511aa2b5b277155a,0.00,WBTC:0.0000
0x48dc5c1d88c74176073d8c8d88bcf686030fd029,0.00,WBTC:0.0000
0x4e80a411363b2707f27ff0312e2987f90aa140e6,0.00,WBTC:0.0000
0x591875111c603b12b0eb21a677e6163a61e60ce9,0.00,WBTC:0.0000
0x6303c66751582b836b1c6f91c7b74baf17ab00c7,0.00,WBTC:0.0000
0x677530c83fb6028b6bf5ead30fb92d24ab461e03,0.00,WBTC:0.0000
0x6a1223e83a7b4ba3420d51938a97b12a7d81c985,0.00,WBTC:0.0000
0x6e99aecec4cc9b90d3098a058440cf827a22772c,0.00,WBTC:0.0000
0x745844c58d164183ac45b9618cf76e04380fd86b,0.00,WBTC:0.0000
0x83261efd8d06e249feb4dc3c35293e35453645c1,0.00,WBTC:0.0000
0x9b10bb6154798b6694d609f07ec8b2d5f02e9114,0.00,WBTC:0.0000
0xa83d728940ada1806301640b34b4584e369181d6,0.00,WBTC:0.0000
0xa8f7f91b450975902e1000983c4e39a168eff1a4,0.00,WBTC:0.0000
0xace91b782474a0535ce7e3a96d104a688e098617,0.00,WBTC:0.0000
0xb0801f6c9263bc140ec02bb883a7b242f98c8520,0.00,WBTC:0.0000
0xc93e8993ebc59f3530ebbbd78f522d3b420d88d6,0.00,WBTC:0.0000
0xed47176b68bdc5f90296ba9b077e156fce2348fe,0.00,WBTC:0.0000
0xfddad95310fdaceb44ddfd71a592992b923f49c7,0.00,WBTC:0.0000
0xecef1d16395b731740898ca2c0c5da3a51beae30,0.00,USDC:0.0015
0x3ed3667be3e93c9a43b739eb6565a9aaf965f7dd,0.00,USDT:0.0014
0xed4a70949f2298e0b3245eb40bd21c5443bff087,0.00,USDT:0.0014
0x48a340738618ab9162d7d6d7d63ad3ed1760af19,0.00,ARB:0.0157
0x6d1e9895665516283b374c16148a8e8d156d7cd1,0.00,weETH:0.0000
0xce0f7ac74f07df7bdb664aeb4dc97af31e6bfe37,0.00,DAI:0.0014
0xda0a5729b9df95f142248dc459477ead0a6633c7,0.00,USDC:0.0014
0x8d79b652cf12d2ff166f0757c066f7ba4b927b7c,0.00,USDC.e:0.0014
0xecb52c2631a9bd9c1bdfcb5c2408fb6b09911894,0.00,USDC:0.0014
0xc680fcf3d9df283866b7f3e8a5acb66209dbe356,0.00,ARB:0.0150
0x81683bce93c79f9ea5190170379eaa9ccef4bb65,0.00,USDC:0.0013
0xe12b2a8fcf67aee28deafcb8908e4179d770fd11,0.00,USDC.e:0.0013
0x4b47a1b56d37188ba165d7e19a4ba8a494c3a2c0,0.00,USDC.e:0.0013
0x5d95452b339d2e211c750e3c29d9b19c86fceca9,0.00,USDC.e:0.0013
0x7d5d94b5129f1a5ce23ffd155a61c75edc916b29,0.00,USDT:0.0013
0x96e9070e298825fb3c25a651d89439f318d5e6f6,0.00,ARB:0.0145
0xadce54380e5b5f62eab82a34ce27f904e4172af3,0.00,USDT:0.0013
0x996f23653e0f5a7f24150f63ac4b598590c958e2,0.00,USDT:0.0013
0xbaca0f252a312d04671da1755da8232baafacab6,0.00,ARB:0.0143
0xab49f52f91f2f3381378d4a1f5a248dd3cccc5a2,0.00,USDC.e:0.0013
0xaad0ca12dad5592e35cabae611871073c1d93d30,0.00,USDC:0.0013
0x0e9d756950683cb99eb679e74d681040090c7ae5,0.00,ARB:0.0141
0xa03a0692c8c779fc710eec9919b95de17de186fc,0.00,USDC.e:0.0013
0xc54a6c3778016b06cbd126ccc3b5bc06c5f666fb,0.00,USDT:0.0013
0xdbd96bf4981fdc43391b360d285cf0119e410f13,0.00,ARB:0.0139
0x2cc9049301393972a8789d1a7e9c5d9d60d37608,0.00,ARB:0.0138
0x6c44bf72f14164767d92809759a81df549f4e2fd,0.00,ARB:0.0138
0x180d986853faf63552a888cbcd8760213d342858,0.00,ARB:0.0136
0x74c882df68ce22a35a043f0f0a4c8a398be06b25,0.00,USDC:0.0012
0xc55ce3cb45ea6e362f773f0fea7564dad0792b7a,0.00,USDC.e:0.0012
0xc88275ec7bb810bd81e1eda0df2308b450cfbfc9,0.00,ARB:0.0134
0xdbec36b0b599c9d56933f84a432b0eededccc994,0.00,USDC.e:0.0012
0x061baba2ee58430ffcea46ef395a27a3af0ee70c,0.00,USDC:0.0012
0x43419eafac105f32f6951130a619ef8132bc361c,0.00,USDT:0.0012
0xa9f67a9523d3f13b7ed51c73218dac9c16b46cd4,0.00,ARB:0.0132
0x5354651e64093607e059566aca537a614741ca0f,0.00,ARB:0.0131
0x973b042e5edbe899e954cd167407834df56faf34,0.00,USDC:0.0012
0xa6bc5c83d25a569796ea9f17af703a2d8f41f233,0.00,USDC:0.0012
0xa7c8c8373e52b63dfdfa231a880626396c6db620,0.00,ARB:0.0130
0x3f3df4fc8a90cda90249526155b2b417bec418fb,0.00,USDC:0.0012
0xb872bda8e2892fdc2fe03baa2c95751cc430e5bf,0.00,USDC:0.0012
0x5a98e94dd261a696c28d7149ffb774e01d128df7,0.00,USDT:0.0012
0x7f902cdb00cd1664cbf8590b08fad76fe03e5d46,0.00,USDT:0.0012
0x5eba24feae8da905231018ef2003150ecd0abdbb,0.00,USDT:0.0012
0x22a617cb818352f5507020afa9ba12ec74738800,0.00,USDC:0.0012
0x5ab5b8c57e87a6e2e8257c57d6ba45a84b8dd81b,0.00,ARB:0.0127
0x574eed1d8b45077b6513ee9e433fb104a1a99047,0.00,USDT:0.0011
0xe851899f94fd2eda12955819c5819c3a8685bfb3,0.00,USDC.e:0.0011
0xc1e63f8eb279a08ef20470d019e00b3dc1610c21,0.00,ARB:0.0124
0xde8064681a0b61c32b526dbe4bc79be3f9745a56,0.00,DAI:0.0011
0x19a7273d9d7edf52256fc6faa32b58b4350f9ba5,0.00,USDC.e:0.0011
0xf9ae31e96fc7b03a5bcefcecd6bdfc4b4f06d385,0.00,USDC:0.0011
0x79d493e0a7e79985b90bd1c22d014a8c9e80995b,0.00,USDC:0.0011
0x789fc20a663ff206b8d03f84dd34e77749ae9ded,0.00,USDC:0.0011
0x41f489f1dfdd46c3f8f56d5331189a46dd8271ea,0.00,USDC:0.0011
0x78a0dbe66b42253132dd8a7a1436c846d5e0dab5,0.00,USDC:0.0011
0xf7c94fe422c87cfa8aede14d62e36219345a37a0,0.00,DAI:0.0011
0x8a4c3eda6861a7e53a54daed7f7e35356ff9fef3,0.00,USDT:0.0011
0xf135c61afc3c90de3ac8f173b128a2f657fb0cf2,0.00,USDC:0.0011
0xe3c51ae5b081ec2cb224d17381d0ba1fda783802,0.00,ARB:0.0118
0x25a12bd421791d746b009b0401c13fa2c5fd46f0,0.00,USDC:0.0011
0x05aae09a32d24d84fa51f8c73c70bf67f8efd8be,0.00,USDC:0.0011
0xf52d74f2963c69984eba449088a4cb4b03c18898,0.00,USDT:0.0011
0x20cf725c68fd3860c0fa885698c20fc3261af701,0.00,USDT:0.0011
0x01abbb29fb68090d9f8a4a8215277a8823112a74,0.00,DAI:0.0010
0xd4ba1beb56d39ce285e67b5b17feb8ba08d61a42,0.00,USDC.e:0.0010
0xbe4a796e6085f8d8fcd5521b93cf21c9f425766c,0.00,USDT:0.0010
0x60e87d3925705ad62d742fa23998720e3bd2e898,0.00,USDC:0.0010
0x9a84faf6eb85c8163caad19b906da13c7add1ce4,0.00,USDC.e:0.0010
0xbc2f5e3516c7835b7650347f4cf4e6a6ae185c19,0.00,USDT:0.0010
0x1830110c232c01de2e9326a3ef2f8d4d4a6f0974,0.00,USDC.e:0.0010
0xdba73fb52e33e8b647d78232461aff98a9dcdcf4,0.00,USDC.e:0.0010
0x0f14d4fd4f10a4734bd24e592f11ce46ccfa56dc,0.00,USDT:0.0010
0x5930125d039da364745e50dbd6b8f3f5725fc371,0.00,USDC.e:0.0010
0xaf535f8a3ee6c85622ab86f72697fad26fa15f2d,0.00,DAI:0.0010
0x36b732bb60d6331e3d969952d2fc3e234f9b2b65,0.00,USDC:0.0010
0x60d1c8e87a54ae0b5d0ac4fa3495db47eddcefff,0.00,USDC:0.0010
0x8760f8428f6131459be953fe59f4563ef66452cc,0.00,USDC:0.0010
0xed52d3ba14034ca70b9fe3af2374e8b01adc5288,0.00,USDC:0.0010
0x153fcacc64e1c0e5862c913563ffb4f39d59809f,0.00,DAI:0.0010
0xef61797586481c22c555d2eb01e9fc7ead24eea6,0.00,DAI:0.0010
0x2b5d1a9105620d4035c30f538a67a0ded1cdd081,0.00,USDT:0.0010
0x9cd25d969ecddcc6d3073f67f0275489b2d760da,0.00,USDT:0.0010
0x230d972f5207a4efdc66fe9e47e05298f560e794,0.00,USDC:0.0010
0x4bc9715ac18e31f3f0c7a2869424c7130394e4c0,0.00,USDC:0.0010
0x91708f2c58785d17bdeaf71790e9b0ea0d98d1b0,0.00,ARB:0.0110
0xb6a5fa565fe8aa926aa594d3b00bde1a51fef155,0.00,wstETH:0.0000
0xd8f84fe4ae6e97da58e8f39d93e054a0af4d6e10,0.00,USDC.e:0.0010
0xafa894f8e87efac0c1b01ea1a43de7033a6efa82,0.00,ARB:0.0109
0xf2bc790d5bd6a546b7cd3e8da5f719cc2ec99e55,0.00,USDC:0.0010
0x958981dd45e57f61d8073442b25947b34024267c,0.00,ARB:0.0109
0x864d301bb923d0d9337baf2c9a0b211c8516cc99,0.00,USDC.e:0.0010
0x525ee65612a601843a520df516ede71188b72f84,0.00,DAI:0.0010
0x75801f900f7c29fa57a192c4854f38ff9749b0b4,0.00,USDT:0.0010
0xf069e11367c87593e51f83ad810780134dce1012,0.00,USDT:0.0009
0x199ce3e9492521f3adcdf1998fc9ce1df0c5e0af,0.00,DAI:0.0009
0x57095bba3c043234930095b57fe6da787b779b83,0.00,DAI:0.0009
0x24d97c704e6832f1e5f3b6c6a1f56f2f4a246eea,0.00,USDC.e:0.0009
0x7355003ff9c2072423c3dc07eccb4a832232d25e,0.00,wstETH:0.0000
0x453f840e31bd3e13e8ef9e3b850d841342a3d128,0.00,ARB:0.0100
0x6ab0220711a46dda0b2e26c98b20fa213f6cb381,0.00,ARB:0.0100
0x94e72605408df97bdf90b3dff326aab7cb164379,0.00,ARB:0.0100
0xbab8f9a36f74d887bc7516004088874380ac9b35,0.00,ARB:0.0100
0xd3f402be2e38a479e253605f7392f54e7edf4efa,0.00,ARB:0.0100
0x11ac50c60fd951cda1e130ea318570e437695c9b,0.00,USDC:0.0009
0xbffb76937cb145bf92a162aae78c9529af37090b,0.00,DAI:0.0009
0x2c803bc14d179eb00e1d1c9b5e6b8305645bc2b6,0.00,USDC:0.0009
0x5a3db8bafc3fd7c661eb36e82fe25ed19c6e7547,0.00,USDC:0.0009
0x0dddee6d6d18892315ce510577e09b7fb49d85ca,0.00,USDC.e:0.0009
0x7137348dd65f9d5dab65f253e120c5a0227752eb,0.00,ARB:0.0098
0x6520a727aa383365ee1c66e33b87f7d64fee8222,0.00,USDC:0.0009
0xb44ac9599e060de8135b4ac950f4e69dd9136dfc,0.00,USDC:0.0009
0x0fe39991823ac3f378554bd0cdd10b667b57e6b0,0.00,USDT:0.0000;USDC.e:0.0008;DAI:0.0001
0xcb8e1fdbc1f3fa85a284bb25c336bb82fc881af4,0.00,USDC:0.0009
0x8d2d2e98c5ae6881bd29fcf25ab294ba78104090,0.00,USDC:0.0009
0xe76e07289030675dc213f5236147ddd4d678fdd3,0.00,USDC:0.0009
0x79c3eb1a5cefac951daa0d59508f67c329ab0986,0.00,USDC.e:0.0009
0x22b211145a553a65dd173c746ced2ca9d2b00950,0.00,USDT:0.0009
0xd094b5722cdbea9055f3ccb9af5633dbe27bbf31,0.00,USDC:0.0009
0x16b64ab7c7ed22b2bef6adb945e1d337e0845bcd,0.00,USDC.e:0.0009
0xb0a93b90447f035ebf73a7f40128b017dc2678e1,0.00,ARB:0.0094
0x302f756372c4c40b62964db30e84a0eae90d50fb,0.00,ARB:0.0094
0xb46ad8c6387cc2fe3e47615855fb8d63eff571af,0.00,USDC:0.0008
0x611a6d1307939eeb458868a37390d475d72e3ba3,0.00,ARB:0.0093
0x1d8228386f051d7bbb462eff130525f6cf11f151,0.00,DAI:0.0008
0x5600a720057e29517c780e6fafaa0dcee20241ae,0.00,ARB:0.0092
0xa80f198b8adf003a1337e2508ac5fbec892d61c8,0.00,USDT:0.0008
0xc77af77ad225b6b84a698978c10bfd8ed8fee692,0.00,USDT:0.0008
0xb2a970edd446d79d808aeddf4714ab5e7a41ad58,0.00,USDC.e:0.0008
0xda083d5baae9f6581f0c1bcc1044bef4e479b230,0.00,USDC:0.0008
0xef9980f10fbf6d4c9717d76e9d122f9e99e1dcd2,0.00,DAI:0.0008
0x034f9a780dd2f0d9c2ffe6404fcade4109d24213,0.00,ARB:0.0090
0x0830c2d353b514aada553eb2444fe28e24cbd41c,0.00,ARB:0.0090
0x0e9abaa9761eb603a2e89c07bb0e73072b354132,0.00,ARB:0.0090
0x1c6cb7ffaed282055c73870169464e4ceae5b48c,0.00,ARB:0.0090
0x31476c85fbcc6db100330e141a61665715797ea9,0.00,ARB:0.0090
0x5fe8820697838017c8b83636b0ad5ae8c80bf0c5,0.00,ARB:0.0090
0x6c579db066a6e9de2cbe33d431c5c0bf99ae50bf,0.00,ARB:0.0090
0x792e5ddd6392fa52605bac0ff9365584ec03e146,0.00,ARB:0.0090
0x7cfef48cbce06e1158ae7cef524960a20fa3f8ad,0.00,ARB:0.0090
0x7f95738a9d0e52a7c172ebe04fd635abf73e67fb,0.00,ARB:0.0090
0x862249c49ebb238f988cd2e3635e12effbc00cec,0.00,ARB:0.0090
0x88f09cae10a5d71c826f173880c5368890ca07d7,0.00,ARB:0.0090
0x9e7667e76c81e816576772beab0f47409e81bd12,0.00,ARB:0.0090
0xb32dd182fad30fe5965cdedece756863e908fc60,0.00,ARB:0.0090
0xc4e712e2070bcf4aaf08ab564eeb4464596cbfb9,0.00,ARB:0.0090
0xc559ca5fec8ec2ea025d6a88aa2737c368ea2436,0.00,ARB:0.0090
0xcb22888a2a5d56f01f241f5c81bd25f8d0a88d58,0.00,ARB:0.0090
0xd818f39c17af30f905c88b183e09a0ca1190c58e,0.00,ARB:0.0090
0xdc093d52f9130e8b5a3652943fa82b12d982bcc8,0.00,ARB:0.0090
0xe9e328d065d5ddb8dd43b81782c28ed244838732,0.00,ARB:0.0090
0xeb9ad2418792fe5321344d052e91e96377c92ce1,0.00,ARB:0.0090
0xf9c64cd15bfe309fa74396d5a6e2f90d46458a20,0.00,ARB:0.0090
0x2480ddd8cf8c3d394201a5eb2adf289f0c4a98be,0.00,USDC.e:0.0008
0xcce3ada5314481db76709fa69a67166e9434a3b3,0.00,USDC.e:0.0008
0x08490a9a7eb468c0f6eb6ce45dc7cf9ad669b4ad,0.00,USDC.e:0.0008
0x15a1945535ce5ec5bde8d42f256aecc78a1b84be,0.00,USDC:0.0008
0x4df97851a2d697397594befd947074af8c2b663f,0.00,USDC.e:0.0008
0x00e164c89f7fb337f2e31464e5c46b6f0f319356,0.00,USDC:0.0008
0xc0e93e7c4f9706acf47ce3fa96567240b28a33c0,0.00,USDC.e:0.0008
0x565cd4d95d57599dae37f533589d48848694d727,0.00,ARB:0.0087
0x328508a171ccf26f5a033cb90167258067cc4c07,0.00,USDC.e:0.0008
0x716c5aeba755d0acec7e43089be629bd9e58c3f7,0.00,DAI:0.0008
0x9ebe7d860903039e33398f7bb039b20481bd19df,0.00,USDC:0.0008
0x5ad6c1d7d9b8b3c383d5f180bae377516ff290ee,0.00,ARB:0.0085
0x033663e38a79d9aa2a629964e621ef91a6aa8ea2,0.00,ARB:0.0084
0xe90bf846e860d2f7ab1eda275d6397f34850fca7,0.00,USDC.e:0.0008
0x15c4b3929326dbb2787ebd0f5338e549ed79e708,0.00,ARB:0.0084
0x2072ba935581294db9450a712e9a2ab9c1d360e2,0.00,USDC:0.0008
0x6ce781f839e7b9844fc257560919597c1e0edb86,0.00,USDT:0.0008
0x9d80ae148afed9a38735c0ea5c66580520737e59,0.00,DAI:0.0008
0x4133a8c3e37e9c6ebd82f50cf4f8fd20b97b6874,0.00,DAI:0.0008
0x167535a06c0d0dd2ff9914985511d59b8afa87a5,0.00,USDC.e:0.0007
0x94f686a9d0fc19ad297bf54e674aca9875171ece,0.00,USDC:0.0007
0x46f1cc7f2c68466fa55444385fcfde9291b07995,0.00,USDC:0.0000;ARB:0.0000;WBTC:0.0000;DAI:0.0000;wstETH:0.0000
0xb4cf4fe1c8fbe51ece1cc7eae4346b591efb1e40,0.00,USDC:0.0000;WBTC:0.0000;DAI:0.0000;wstETH:0.0000
0x232eaae113e560a1e16d3ed697ecad6ca816ff6c,0.00,ARB:0.0000;WBTC:0.0000;DAI:0.0000
0x2178367ea01a093caf1cd6ab7608a82b9521ab41,0.00,WBTC:0.0000
0x3c59a81225a9a40d7b0264e285401ab3c5fbccff,0.00,WBTC:0.0000
0x47a76df5f20b7116a33b9715bc73092fb3690b36,0.00,WBTC:0.0000
0x9a6d062209157e3f0749f05a8f9dd4ee0c759d2f,0.00,WBTC:0.0000
0xb000bb8bd9ac2b27539770a84227ec2ba0270b00,0.00,WBTC:0.0000
0xc426304f0479165dcb6b86a54f4ce3962ccfb170,0.00,WBTC:0.0000
0x5162fa12017f54b561f6c73d7254ca5e9929b4b6,0.00,DAI:0.0007
0xbbd05a7dfb4d1cb29397522e301a8d9369205080,0.00,DAI:0.0007
0x4e808406840bda81e4a4993561a1b7a4afe6c636,0.00,USDC:0.0007
0x1b21c6754442ff675924ec2a1268e366218bbe73,0.00,DAI:0.0007
0x50fc36c704e3ded0c969b01fb936f193d0832c61,0.00,ARB:0.0079
0xa5239bf3574825c8df912906164920272b8258ce,0.00,USDC.e:0.0007
0x2634bed67a1998e7389be291d9f1713b529c98db,0.00,ARB:0.0078
0xd86e01af42864a38d0b5a205af211a242bc5fd4e,0.00,ARB:0.0077
0x9081b7c6273c684f668a30afe0aba3a4ff0f926e,0.00,DAI:0.0007
0x7c5c81abb8577603d19e2323f272168d9c40b185,0.00,USDC:0.0007
0xdb37f10620b9fbead9246af04a3a3d729006210e,0.00,USDC.e:0.0007
0xff0dfc7dc91a0f403ffc5645e7c1a80c7e4b8735,0.00,USDT:0.0007
0xccdbdac369155b06e6ecd6a2bd7e2edcbab865d2,0.00,USDC:0.0007
0x2b7f2596db782e409f8e75da4e8a2f338e2d7c0b,0.00,USDC:0.0007
0x92830f6bfd158e906e4c709fae2c8fd969806e34,0.00,USDC.e:0.0007
0x9f0e63dd6234c6769a6d61449391254dc741b19d,0.00,ARB:0.0073
0x48d00a9ecf094596bf36aaf01f4ed791994a472c,0.00,USDC.e:0.0007
0x6ac0b46b32dc429dbd129a503292f88649d2b8a0,0.00,USDC.e:0.0007
0x44ea2e688f712e5cf4f27245e923b2c45e12d766,0.00,USDC:0.0007
0xcfb1908fdaff01de583bc598c9b8af36afe13b7d,0.00,USDC:0.0007
0x6d55bc6ce8ad63a15386360ff89199b916e18b2b,0.00,USDC.e:0.0006
0x832e419b2b488e1557384ae4a4d4f51068888d35,0.00,ARB:0.0070
0x469e962e95eeecf1aacda06351578db382398903,0.00,ARB:0.0069
0x35c0f075bf58085532abfa517784a41488860518,0.00,ARB:0.0068
0x53ce88ad5473d283b19c45ca4de9759d4264ebbe,0.00,USDC:0.0006
0xa06ffd93fc76257e2aa79844c0659317768efdc5,0.00,ARB:0.0068
0x8ab45b86399abbf846d9a3d150345c96584add23,0.00,USDC:0.0006
0x1727ccc1121864aceaae711d53407a0814d2f023,0.00,USDT:0.0006
0xe7c81a7c175de2c5768cddfb37381a15a2a6a37e,0.00,USDT:0.0006
0x2a2ea06db77a2e69b90e8508ceb69fa2e172ec84,0.00,USDC.e:0.0006
0x73684a3a7682208e81e843de813aab0fb3ebb3af,0.00,USDC.e:0.0006
0xc4d84c9e3c4cb345d85bec37b6f411366e067bb9,0.00,ARB:0.0066
0x1c1d7817811b6c69ee1a3126f3420302df4f358f,0.00,USDT:0.0006
0x6630e91dd2e500ef6ce682b53f16997bde5a45b4,0.00,ARB:0.0064
0xfafbc6d9a4b227e8981e725cc4b277a1049f20a1,0.00,USDC.e:0.0006
0x9b5492839ae9dbbf72c5d78df3880832d39bc38b,0.00,USDC.e:0.0006
0xe4ead479cd9f5156a1782d9d4b7d34384823a304,0.00,ARB:0.0063
0xd5a7a4ebdd93c84ebbaca8884e02d7d04c35bb64,0.00,USDC:0.0006
0x9f31a1cecd3aaf2342f46177128ef337a0e2808e,0.00,USDC:0.0006
0x7889255e496e74e132910bbd6dd966185a1a927d,0.00,DAI:0.0006
0x0a19470f6354824198b3059f369726fa301de88b,0.00,USDC:0.0006
0x555ab8e8fb573f7696b2282243646e43b9c86dae,0.00,USDC.e:0.0006
0x6691a3d5ce5266c8937f10049543e4b1460dbeb7,0.00,USDC.e:0.0006
0xf23ef4eb0aaceaf84810abd4aa235ab28d303f01,0.00,ARB:0.0062
0x4e314fd5687802b9e799e34dc6a60d023443768b,0.00,USDC.e:0.0006
0x17064199f3e64bded84aa66f135c4d3acdc94732,0.00,ARB:0.0060
0xd3d17fba9b4353913dbc0c4e4794fe75751bb482,0.00,ARB:0.0060
0x25d487e2bd29f41a324da9445a45769f9edcad90,0.00,ARB:0.0060
0x750e3c4a80ecd6bdc47a902c601cb47b6c50a6f4,0.00,USDC.e:0.0005
0x0d706f2b03d007d7205d897a537f9d09ba78c0c8,0.00,USDC.e:0.0005
0x5a659e45b9606b6f7e3967e27eaa2e62fa3e153e,0.00,USDC.e:0.0005
0x7b129b013d6106e56ea212e2cd846b4399c31b89,0.00,ARB:0.0058
0xac6029fa2a3aae32a213ab3bd65373c50aae1b5f,0.00,USDC:0.0005
0xd71ac87f29e472d1dfc4764481e07fbbcfa83d90,0.00,USDC.e:0.0005
0x2759f111d4cbe392c1ce3cfe28c8301f77a1e19b,0.00,ARB:0.0057
0x4346afa34f0a8549a62a19ae417c70a8a4ec227d,0.00,ARB:0.0057
0x62925b3f14ec983be74924ae1202c10498c115cf,0.00,ARB:0.0056
0xab625e29cd56704651fe5ed2ec4fe67ebc2a7c0c,0.00,USDC.e:0.0005
0xc035559d3bdcc7b3579f0548d5a005d748069622,0.00,DAI:0.0005
0xd39a13c5dc777e05d98afcadf3ad60984165b43b,0.00,DAI:0.0005
0x95afe39b111176629ba6ee5f2c1c86ef973226fc,0.00,ARB:0.0055
0x1b6955d58a78af43033b13291a4e03dca4fe4e73,0.00,USDT:0.0005
0x3170dec039d9a007e137ac7da76e6ae9d2d1fe47,0.00,USDC.e:0.0005
0x7cab33e76fce845b946b506b23f2e4f185a77b47,0.00,DAI:0.0005
0x970dcc17e70dfbefc67ea52c00a490b39e591fce,0.00,USDC.e:0.0005
0x1a458e3be6a25a5886876ebf138e22470edd5569,0.00,USDC.e:0.0005
0x10b0feeb5b7d5b5aef0da2244152c6c1d646158c,0.00,DAI:0.0005
0x4d3b033037a0bb1571d745505cd216d410e61804,0.00,USDC.e:0.0005
0xc909c7191a81810e02d53dcc72fb5ea049e978f4,0.00,USDT:0.0005
0x93ce6a68e27dea150202639a93bda83da6f82522,0.00,USDC:0.0005
0x31c3c331bdfa17f757900a42c5abe82cc5c88750,0.00,USDC.e:0.0005
0x4def0f2007cc37f16f0a0209076d964fb27e6681,0.00,USDT:0.0005
0x2af679d9770797a94d4ef5861d1bf4ea74a5fa7b,0.00,USDC.e:0.0005
0x9c3ce4eea17f58689d55f9002eefbbd25cebb255,0.00,USDC.e:0.0005
0x025287be1d1c4d41c03f2bc67dff551f85797c7c,0.00,USDC:0.0005
0x32595986dd02315a1606b63e751a25808d63c5cd,0.00,USDC:0.0005
0xa80eece9a790c6438cb10f0312406598000b6705,0.00,USDC.e:0.0005
0x392bc9a658aa477618289896e392fcbc36b7603a,0.00,USDC.e:0.0005
0x52b27998d3322eb5d29cf35e33b322decfb64b67,0.00,USDC:0.0005
0x18beb8c7fad12573b4979a1e66412f4a4cefaf23,0.00,USDC:0.0004
0x516053846c04a5a97b6b31da15650c985c446457,0.00,USDT:0.0004
0xb5a1c985c8321e46e886b010611e7725a7d08ed2,0.00,ARB:0.0049
0x3bf97608f21737a44784c4b2a0eebb87ce2e6c6d,0.00,USDC:0.0004
0x664c72b5dd5bd34a349d951e61dadf51a8ccd874,0.00,USDC:0.0004
0x106421fd9547a4ae65d27299e5203925d4fb72d6,0.00,USDC:0.0004
0xbccc390c3d1ec14ba31fbc1095c14214ce007856,0.00,USDC:0.0004
0xac527bc775346d20a801861cb75b9d1eed31a4ad,0.00,ARB:0.0047
0x3f7ba89eeeb788e6f11a686e7c29929c5c1d13b3,0.00,USDC.e:0.0004
0xf59f8b1535597cd1580e9c0fe0725305104231ad,0.00,USDC.e:0.0004
0x65d58b539840090fe6d331bfb72cdc7fc20a6dc6,0.00,ARB:0.0046
0x897593ca3f2bd053d0a2f27efc1a48ef8dcd4d8b,0.00,USDT:0.0004
0xcb17ce3dc8f23a6ee667f06b716de6a03f3a1df6,0.00,ARB:0.0045
0xeb826e62726567c13364805cdc8df50741bdb2ae,0.00,ARB:0.0045
0x7c8eec3773404ff52fe8358083b7557c91f06a4b,0.00,USDC.e:0.0004
0xb4e1e0eeb39335c7f162deef925b145b1d4355ad,0.00,wstETH:0.0000
0xca9d6eb77343b0b09048ab597f30ccf219c8c8ad,0.00,USDC:0.0004
0xacd58f654af6bf392223b2087ea28c82cd8f4997,0.00,ARB:0.0044
0xf1cd2ff3d38257abe3e9d47c572037b70b972555,0.00,USDC:0.0004
0x125c459df3e8454b3c90462f5078c34182bd1312,0.00,USDC.e:0.0004
0x766adaa1b21a3f5856a18515334a909aad1e7ee7,0.00,USDC:0.0004
0x63270a21cf063d13cdc8174e3ae0ab95262478ca,0.00,USDC:0.0004
0xcd5151d5bbd18bc318ad08b963808352346b3bb7,0.00,USDC:0.0004
0xdcbc4cc2f00770ff34d21e38971ab41a8e7573e9,0.00,USDC:0.0004
0x09430eb3a42deb4a7cbc7d3e5ae03cefc629af00,0.00,USDC:0.0004
0x3cc89922cb75d4188963acfa9c15ec54316ce1a4,0.00,USDC:0.0004
0xf4b6c647b255e3fbfbb1dd766ef817ac80edcd1b,0.00,ARB:0.0042
0x040336a5c79f941d6ca81c95216333dec76e7b82,0.00,USDC:0.0004
0x13f9131f2f228727cad903c69c25c10bc95f3702,0.00,USDC.e:0.0004
0xd41f13814dfbb7e3d622af2ecbde0b368c054676,0.00,ARB:0.0042
0x889d810ba57a1f6d7233ff63035243b6150c7792,0.00,USDC:0.0004
0xb6e05cbd4fdc7397066bb3e8bf8ca69c20c88e44,0.00,USDC.e:0.0004
0x02bb23c55650acd272606ff0500e1311849d61d5,0.00,USDC.e:0.0004
0xbf24c44ab2a314b5ed77bf11d46ac86f526adbc9,0.00,USDC.e:0.0004
0xe349d48248146fb4dfc711ac5435595dc48b5e4b,0.00,USDC.e:0.0004
0x19d217569c5fc0b5d004c4ded7582c5013d3d407,0.00,USDT:0.0004
0x50b09694c6d8fb1630c41fe9fb3e857549404281,0.00,USDC:0.0004
0x6b3eb517941fa7144a0c0abc2b1a99cc739be47d,0.00,ARB:0.0041
0x69d4733e29623554855c403766129a6e22971b30,0.00,USDC:0.0004
0xf3b51dc0afdcfd6d99fc4eebe950958f2cfdd496,0.00,USDC.e:0.0004
0x5b6b6b1639b97001e591fd1fb8488dab9cbed5a8,0.00,USDC.e:0.0004
0xca4a945034be328607c91526b76495083bdf6f8d,0.00,USDT:0.0004
0xddcb112d3aace4db85ab33cd53395265c058974c,0.00,USDC:0.0003
0x0cdda21bb5aa9468c6b8901420c5e6fcb2d0e496,0.00,USDC:0.0003
0x55490b9d391bfb6965db0700c42acd322220a543,0.00,ARB:0.0037
0xb497555f923a697148ee35365e6b3f7966540891,0.00,ARB:0.0036
0x25f543a83ec34a9604c277d0ef6fefbc2235384d,0.00,ARB:0.0036
0x2e368faade26b4eb2c85a0722f80f52b41cab168,0.00,USDT:0.0003
0x843daab5f0586b9b859af7f9bd40838ab3cfd93d,0.00,ARB:0.0036
0xf747a7306557724982889cc036e947600837b5e2,0.00,USDC:0.0003
0x46a0a5b91d22f9f1fe4fd76532d058f885d0ee09,0.00,USDC:0.0003
0x6f9f3111d764ffc9c3c8c20ad7db601cead61f47,0.00,USDC:0.0003
0x204d950665b2bcfb998a7854b9de8c70d8162c2a,0.00,ARB:0.0035
0xa639d78e9c8436dc8eb82ee912f177080a21cb81,0.00,USDC:0.0003
0x449f9c2108313a64f3c18819e7945ed36e1d160f,0.00,USDC:0.0003
0x56b5f0991d350bfc3364a8d53daf671b6ffd75ad,0.00,DAI:0.0003
0xcf8240c6d5428ff97ae1bf2b1dd6cc8340a7b8e1,0.00,USDC:0.0003
0x8ee3cebd3b2b45af793f7b98185eac0c61f6ce33,0.00,ARB:0.0034
0x43a500f40dc3c6bf51173a1e9abb9e8e5ce05d77,0.00,USDT:0.0003
0xea342901a4eabaef4076ba691ec628498d57bfb3,0.00,DAI:0.0003
0x0ed0e8cd721077cd2d2af463b671b0623083a447,0.00,USDC:0.0003
0x14841e2c8d681ed5aeb787a854919a9fbd5c1630,0.00,USDC:0.0003
0x0fbd3999aae5f2b762cd2208e2f233348f8fb138,0.00,USDT:0.0003
0x1d9af51f6a5f3f8dff60e767c5f5bd670bd00cd2,0.00,USDT:0.0003
0x3f200c571ce02f6f44ca5d00f01378649af32618,0.00,USDT:0.0003
0x48e3e69e173647e07fc66216149eeba4f1921e6a,0.00,USDT:0.0003
0x9b4cdbff6589ba0bd8a2d86a77fb6c924a60d6d8,0.00,USDT:0.0003
0xe1771ceff41e2278f63548955221d9028993a082,0.00,USDT:0.0003
0xdedceba38a910253a9ea12021447413c48ee0151,0.00,ARB:0.0033
0xdc27bc1bc595d7eee2084d502fb975bd36539e5a,0.00,USDC.e:0.0003
0x048284b18d0f7d0a8a78831e9219c2737c20a633,0.00,USDT:0.0003
0x4f89bfeef36592538ff90aadf79ea4da754bfab3,0.00,USDT:0.0003
0x52fca725fc93747172e59e7c91a39fbddf4930a9,0.00,USDT:0.0003
0x7cca2648bda7aa0ff89439ccd22abbf6f366c618,0.00,USDT:0.0003
0x99dc06f2e6f78044d1bff6537e664ad29c63f251,0.00,USDT:0.0003
0xf2074ccedcf4eeda51347d63904adc0cf95f17e0,0.00,USDT:0.0003
0x40c9e9c4d778c23f455b86b09ba523fdf3284906,0.00,USDC:0.0003
0xbbc4d6c1bb19aca7e132ee29aca09ca4e0c9cb21,0.00,USDC:0.0003
0x2119df4b0931f9fc95c575cd8398cbc9ea963f87,0.00,USDT:0.0003
0x25d1e0bde0065bf9eb11cab6b7b35f9c8c6ade04,0.00,USDT:0.0003
0x2a78c90a891734ec5130d9b519da6d64ff404cb8,0.00,USDT:0.0003
0x33014cfadb2a46e1ba945149427870701b423c08,0.00,USDT:0.0003
0x4c19555127e854b427c74b022394cad67e8bb904,0.00,USDT:0.0003
0x82b43c0ca59cf6758f08601a26b8f77ff75fac96,0.00,USDT:0.0003
0xa16090282a81a689b9faa8112b31e55da39eaa5d,0.00,USDT:0.0003
0xa376d6abd15f776ee0e1c535ad4141990cff3282,0.00,USDT:0.0003
0xc477a595e88841136edd3bad2a0813ae32a1d7d3,0.00,USDT:0.0003
0x089581cf0d0eef3f88f3cc92f25db9afb42f77bb,0.00,USDT:0.0003
0x08cd1e5b6d14e8d9a70c18839bf6eb88453b004d,0.00,USDT:0.0003
0x0d90f112a863a666dd548de0beca602e184b6079,0.00,USDT:0.0003
0x10e102cdf944776935742cbb79212feca2b9d282,0.00,USDT:0.0003
0x1320c70a48d9b7cf104aa53f1e12b7f0d4470de9,0.00,USDT:0.0003
0x14b0114da35c66dd52e88315aac89f736fa6089c,0.00,USDT:0.0003
0x1c96b823a3e284492780dc2ddedf0a8f41a67d2c,0.00,USDT:0.0003
0x1f788aa5224cbe4777999561394f7bf923894043,0.00,USDT:0.0003
0x215fb79e833c958b81b93bc9d37564dd645add72,0.00,USDT:0.0003
0x24e3ac2758ea19a4a602553d552612322be53659,0.00,USDT:0.0003
0x255a922fd77bc8fe61ed981a98d82ecd57a5ef6e,0.00,USDT:0.0003
0x29b32551eb2f4fa466beddffd2615b23c4c2852e,0.00,USDT:0.0003
0x2b835b0827f6078a2b4b24953a264b332af5e716,0.00,USDT:0.0003
0x32897c11c154059fedd49910af38f373783be814,0.00,USDT:0.0003
0x4277321b5e38946f54308059a1963456635e167c,0.00,USDT:0.0003
0x4afa3b26505aa8f6f459f37ada41f83285848022,0.00,USDT:0.0003
0x61d71f899cf11144d689dd608b0ee0a58193ad63,0.00,USDT:0.0003
0x67c987e6fe2dd4811e886eea6079c06fc1f6529a,0.00,USDT:0.0003
0x86f68570c8a197ac1419e3aad3eca60a4b9bccf8,0.00,USDT:0.0003
0x87bd5d9d5a7694bb990176b369b64102cbbe4cb1,0.00,USDT:0.0003
0x96feef3f043deafa317651cc23d413a60dc7aa8c,0.00,USDT:0.0003
0x9996f15cb03a2f85ff5a9a43d2bd9f630b987038,0.00,USDT:0.0003
0x9ef31361b6acb700742563a5699ec95a6821e9f1,0.00,USDT:0.0003
0xaac5d77b1013589faa8ad4b787a690eef62280a9,0.00,USDT:0.0003
0xae4b5b2ed38045955dbc016785faaaa25caeb2b6,0.00,USDT:0.0003
0xb6a46aaa4465fb931b42995a2827d569374604b5,0.00,USDT:0.0003
0xb8b6f3cf3fc680fd2770e226f9e29600bfbbce52,0.00,USDT:0.0003
0xca6dc6190ea6e101ea6866a586ab04b10df7ab95,0.00,USDT:0.0003
0xce69d3e2e0354c2799a520f5f8ee7709aeb76b92,0.00,USDT:0.0003
0xd269bfd1f0eb2daa4ddf93bc1b9ed34fd0062507,0.00,USDT:0.0003
0xdbce9d0fda2c87741a4538ec364b8d255839dbf4,0.00,USDT:0.0003
0xe9f863b977cc5d9ec1e940965589a9230caf4ace,0.00,USDT:0.0003
0xef78f021e4a810b2e6fb4f0b905a523c0bab2cb0,0.00,USDT:0.0003
0x583947e8e848d388a51e962dc4fe6bdc4ca88531,0.00,USDC:0.0003
0x99f11a4b2d9b27006003790f7c487740e51451e0,0.00,USDC:0.0003
0xb5a8f80990d7e8a8f3f4508c0ca7520b7d815d39,0.00,USDC.e:0.0003
0x89fd0411b1813b79f9fea8e1735626161eaaf089,0.00,USDT:0.0003
0xda022aa730026ab0858c47808135848d693b2c9c,0.00,USDC:0.0003
0x748796fa93e4c7e5adaa5870211cf36c603230b7,0.00,ARB:0.0033
0x19d3bc107a82bf4e009a645705566637b25f880c,0.00,USDC:0.0003
0xacf73793b9f190a102e573e1f6a63bdcc0cb02b0,0.00,ARB:0.0032
0xff8c66ef5c19cec919cadacf7b05c8e788b9856d,0.00,USDC:0.0003
0xccb49837c88774e45a6d8482d9d50ecaf77c13cc,0.00,ARB:0.0032
0xb94c4d8051aeb3eef85eefbefd85f06e67e61a7a,0.00,USDC:0.0003
0x7c0be4a5a4f6f19572340572c50fcee7061c714a,0.00,USDC:0.0003
0x83fd1760ff0cae6c9d8923b82c4b1f998a8cb215,0.00,wstETH:0.0000
0xa8982b3d412c34b71027827a184bff339c9bcb8f,0.00,USDC:0.0003
0xdd46c19b65d0d457dde36dd541f4901b9b463a89,0.00,USDC:0.0003
0x975be32d2abd89fe1c3d356b9fa87ec8cff6f309,0.00,USDC.e:0.0003
0x8566b2d0ab752bddf24e56b072bdc683d73d588c,0.00,USDC:0.0003
0xdee78fbb0c0294b196bd994a20199415428aa90e,0.00,USDC:0.0003
0xacb4e263b39fce39b5184d06d708b9fab1879989,0.00,USDT:0.0003
0xd63c67f55e6ab7de88ba75989640b135fc4c17e1,0.00,ARB:0.0031
0x7b97d0922bc90993202a572acf3c7247f0df932d,0.00,USDC:0.0003
0xf341011bc7c4847b3c4e3b5cbe2cbdaf60bbf4ea,0.00,DAI:0.0003
0x9fa531b5b776c98647610000258c880d295244bd,0.00,USDT:0.0003
0xa77bd0f06cb1490b535cc18e57375f15fc348ba9,0.00,ARB:0.0031
0x8684e5d29b54e841a486e5db2a8ffdae04cf56c2,0.00,USDT:0.0003
0x37b77d69d3ad6dcb78f01c6eee9bca1f743e472c,0.00,USDT:0.0003
0x4952f791d9f1ce339ee2ab250c044c6c9dc653b4,0.00,ARB:0.0030
0x5fe39aaeb2712edee76e1057c18169bb0f4e8be9,0.00,USDC:0.0003
0x3afb643da2cbcc18146afc1e9d9a12359b8d62b9,0.00,USDC.e:0.0003
0x9b5d132ff2125b13ddde834ebc3053b5f72e199b,0.00,USDC:0.0003
0x391413abc6fd555a5b6dd42bf7f13d922a74f9bf,0.00,USDC.e:0.0003
0x1d9fdc524c1a2389e17d90129571b5b37a15b561,0.00,USDC:0.0003
0x6e949e876b0c592dcfdf87138b198b34f5c91b20,0.00,USDT:0.0003
0x5068f503228a1ec7de58f9438d13483d60b9cd20,0.00,ARB:0.0028
0x08a632ba5df663c3beb0bc2a00e8fa76b66f58b1,0.00,USDC:0.0003
0x8657ba1e9f737646b5f613dadbad185a265de0d4,0.00,USDC.e:0.0003
0x1efced6370b4b8e723a1eb62d6446d1a75907097,0.00,USDC:0.0002
0x86b3375d3db4a6f84834e9dcaefcee93c2435cc0,0.00,USDT:0.0002
0xc4d3cb024b9b4fba8d0a212668a22857e04c0f25,0.00,USDC:0.0002
0xea3a2d920909ae382a8a65567c42a8706a507228,0.00,USDC:0.0002
0xe3f97456d6b6201b90bdc9ef951050a8ebd4fbcb,0.00,ARB:0.0027
0xecca4bf7ad496385d5abbc5c61237764e9317a3d,0.00,USDC:0.0002
0x57d85a8a90d2116d60e9863e0d6c2dd72979743f,0.00,USDC.e:0.0002
0x54327f6006ca9305ec1f7d1700ac775675e8e80a,0.00,DAI:0.0002
0x6e870eca80777bf6b48ec5af7fa6ddb47d0bef33,0.00,USDC.e:0.0002
0xb3613adf843e1424e3917727591cc9b60992caaf,0.00,ARB:0.0026
0x7983891f505dbc66f2309c3a010b630c1ec4c5bb,0.00,DAI:0.0002
0x588252e9ebb4f3bfa75b9c26c58699bce5fd3d69,0.00,USDC:0.0002
0x42b50fcdb7361cd50e71e09f120b344eabb865a8,0.00,USDT:0.0002
0x341bacc53cc14eecf2ce5bd294826eb0740b100f,0.00,ARB:0.0024
0x1b9b2d3269009436f8f9255f42847e269c17418b,0.00,ARB:0.0024
0x818f8ad62b3a4359b8758b74c004c68b28f5d276,0.00,USDC:0.0002
0xd9c50ea567417a332303769a53178da19f80e75d,0.00,USDC:0.0002
0x28cd2821eab94ecae1ce7b6379a7397aa2a44434,0.00,USDT:0.0002
0x648e5a52428d2e66f742ba3d69f05dcd54515587,0.00,USDC.e:0.0002
0xe985be142127a977a99c5e7691e008a637d95743,0.00,ARB:0.0023
0x21767df9e698c8d9ebaf53d5e07f4c447b6c389a,0.00,USDC:0.0002
0x3bdce901afa6e1acd64028fdcb78478bc5e35e48,0.00,ARB:0.0022
0x78a6917127afaf4199923484a042c239bd0c4857,0.00,USDT:0.0002
0x18ba9ff6cfd37add4d543c8957dc09bd01211996,0.00,USDT:0.0002
0x826aba631b58eaea36ccfe803d81098b207bd7e2,0.00,USDT:0.0002
0x9d0d14bc3a4ec7d857212432a7455df80f214d5c,0.00,USDT:0.0002
0xbea912c463e9d234e077a8f904ad0bc27ef7ad81,0.00,USDT:0.0002
0xc22d10c8b659e32d86627711faf7d83bab95b01d,0.00,USDT:0.0002
0xc225b76e4abc77741edbde3fe56cc270822b9770,0.00,ARB:0.0022
0x1e945853dfd23a88eb61fe693433d8d66448edff,0.00,USDC:0.0002
0xd7dbcc5e9412db6fdce1893c1566eabd434ad459,0.00,USDC:0.0002
0x12571fddb14763492e9cd0e49fe56f3bed277f2c,0.00,DAI:0.0002
0x59bb1ef30ba45065062269e8694369ebc423d906,0.00,USDC.e:0.0002
0x1f5a29cf75ea885f39b3e025999671a0f560b44b,0.00,USDT:0.0002
0xb294ed7bf3044ce4598b6343c50461a62a08d221,0.00,ARB:0.0021
0x680b856f188d47244f632eca298d5fdcc276aa28,0.00,ARB:0.0021
0x26b217b02e69e95140325e4c4fa5be22e76eedef,0.00,USDT:0.0002
0x7099fa603aa39d9695fdab739362733872da16af,0.00,USDT:0.0002
0x7c6c5f43a7f09a533c9e4978580de61003cf2478,0.00,USDC.e:0.0002
0x7950fdbcdaab1f357c82eca0bea0dc86723e6ddf,0.00,DAI:0.0002
0xa018bed363332520b96280b87506f32a73cb833f,0.00,USDT:0.0002
0xaaa95b2090b442d46310d0563ecf59c7ef9f3e5d,0.00,USDC:0.0002
0xc8fc1f2a81713a0325acbb9bf52ca1f6ba94129a,0.00,USDC.e:0.0002
0x8204f7fca29c24147ae3cd831ca875d4d26d9d3d,0.00,USDC:0.0002
0x211149d84ed093b17015a824c8bafc9fed2ecfe6,0.00,USDC.e:0.0002
0x80b91e3bd5e02a831eb4627d5d9a74cce56577fe,0.00,USDC:0.0002
0x003595f7532c88153862659cd5e9e960a7e6a986,0.00,USDT:0.0002
0xaf8e4e0dda8a8a5fa4c9d76ed861e678671ce9cb,0.00,ARB:0.0018
0xe83aadd277cac05e9d4f222a6f5f5c7d5a64f57e,0.00,ARB:0.0017
0x6b5be9e00b376e14c1d79a4bc3bda7a284a42ea6,0.00,ARB:0.0017
0x356e15c95e05b7583a1053cc2ac53a189c6a6880,0.00,USDT:0.0002
0x35ad4c008cd979fef55534fa55f89ab0b17578be,0.00,USDC:0.0002
0x25f2d0ff1de36c0d02a4b73e186bc362d7db6f7a,0.00,USDT:0.0001
0x99c1276a0ce2c819cfba78a102113a1cbe6730a4,0.00,USDT:0.0001
0x2092dc9d6c3063d371d4d0827cb22d4de85e4ef2,0.00,USDC:0.0001
0x14762eed19258841e079d0d2f8a1e3e7c7a87b8d,0.00,USDC:0.0001
0x905b8c2c292ff4a87cf50922272fd1045622df7a,0.00,USDC:0.0001
0x4c013d83e1b8398697e299f340e856cdbd35d2d9,0.00,USDC:0.0001
0x7048b265e9ba8d92bbf74f4fee0eedfbbe6426b8,0.00,USDC.e:0.0001
0x62bc32df82060abaeb44deb76e833f4032ff8760,0.00,USDC:0.0001
0x25b1903bc291464510dc9fb1494656cd6e37cd4a,0.00,USDT:0.0001
0xb347a88e0eb141b0f144e19cc3c2f14e31972dec,0.00,USDT:0.0001
0xb5eb64a6ece5d457c9607f7db90656e34958cd18,0.00,USDC:0.0001
0x06d1678aac90e2b875ca4a0ea07b2af8af2b93d0,0.00,USDC:0.0001
0x3030b05daa78b8449a5882451330d7e889df46b3,0.00,USDC:0.0001
0x55452c8ef0dab65fd420428e0687fe4652b6fd22,0.00,USDC:0.0001
0x42b81912f089619f1e2efea60d8ec31b7c94ec00,0.00,USDC:0.0001
0x23ac67bbe96202abe0c4bc28c541ada409dad5d6,0.00,USDC.e:0.0001
0x0532b5728b1631518280577ed7aece8d5c35dadb,0.00,USDT:0.0001
0xea2f4055cf53c4e3775e2654bd612db0b90cf6bd,0.00,ARB:0.0014
0xa8516f6a23c4339ac6c5120449b34a6d3b1bc266,0.00,USDC:0.0001
0x4c431f3b64b52c3e5afcb2d3ceba71f87842d640,0.00,ARB:0.0014
0x346305e7f60803f44669d055302fde7d9297deb4,0.00,USDC.e:0.0001
0x3d55426fd4047a345bac3022619be445b7c5a75b,0.00,USDT:0.0001
0x7928d16b97cb6197b1df73a805999804d61f4e07,0.00,USDC:0.0001
0x834c4050397707e919c19194d34893dde95cdf90,0.00,USDC:0.0001
0x93ab599d3abd45b38e2b9576908219fee18ab9c3,0.00,USDC:0.0001
0x1ab1bd888326410ab158478d1df80ef5ed38df66,0.00,ARB:0.0014
0x11d3598a6dfe1265fc7d2a1c61995ed9ad6e2a9f,0.00,USDT:0.0001
0xed7419a60c6eafdd8f7775e9d85f7be14a078d0f,0.00,USDT:0.0001
0x9e961df5e8aaa7d018b046e6cb1547793f41487a,0.00,ARB:0.0013
0x2b822d9527dcae3df0f9303b87b6f7ef4c89ec38,0.00,USDT:0.0001
0x6fe0c1530acd0d6616ed3d1ea6374d53ea2fba9e,0.00,ARB:0.0013
0xe71cd973fd40e04ed4b56bc27676d7239117a835,0.00,USDC:0.0001
0xde8f8f71352fa6b157c58d97d4e41ff732b409df,0.00,ARB:0.0013
0x639c13b49f5ded06fd6029cec647ef3adc377b2f,0.00,ARB:0.0013
0x82fa098d10dde741866a1a4f730e9282b64109c3,0.00,USDC:0.0001
0xb20a451fa264b033cce77bb2918b548b9462e5e3,0.00,USDC:0.0001
0x2ae28b5972c2cb6ec8903892eacf886fea47f40e,0.00,USDC:0.0001
0x10b55927b8a0b126002ef891d262ded0260d9922,0.00,USDT:0.0001
0x703cee487fd565c6c55b029ceb50147d77fbaa00,0.00,USDC:0.0001
0x79341335175f2bccb7580274e2126d6d2228d62a,0.00,USDT:0.0001
0x1799326dbc8222a9ddab787e4c485a3f59520900,0.00,ARB:0.0013
0x95329b29a48946e82282acc43b8feda2110524a3,0.00,USDC:0.0001
0x62c43f0c3d926c56e3cfe1128cd50f39bc17702e,0.00,USDC:0.0001
0xe38261b4d6933e950f07090dda913f9a56a9409b,0.00,USDT:0.0001
0x33c642e420ced82e64f81e6819ff6d57da054377,0.00,USDT:0.0001
0x089cd9b2719b8dfafb3b3b809969e58bbe88cdf9,0.00,USDC:0.0001
0x5845649015024fa923291ec14828d879633dc893,0.00,USDC.e:0.0001
0x2cdf7e74b868b267b3843d2ae5c4f8b00a45893b,0.00,ARB:0.0012
0x54e6960843119adb79361a3a2d88d3d12bd946dc,0.00,USDC:0.0001
0x80164cc4407c043943f05bf30bb1620888a6a822,0.00,USDT:0.0001
0xeb92f1ada1b3e9e032cdd985d0a1d1fc2abfaf8d,0.00,USDC:0.0001
0xd02dd1625a1139dc67f283e1d9218d1ba6b468bd,0.00,USDT:0.0001
0xc0ebf8cf9448be8e3ab08f2e16ccb45fd19a29b3,0.00,ARB:0.0012
0xad13e0f6ba02219eb49ee6ce1a08e6338f21eae0,0.00,USDC.e:0.0001
0x1e18121af9cb5d57e3841a0c1f8772b3432d6a57,0.00,USDC:0.0001
0x7df21efcad79205572aea3ad2cf10b2925f2a4fe,0.00,USDC:0.0001
0x87ccedb931daa3f28ba39d4f955291e1283548a2,0.00,USDC:0.0001
0xd300db3c25c029adf4125432b08d482ab6926f31,0.00,USDC:0.0001
0xedbec4ac77a8290fbd18515009817df5c7067273,0.00,USDC:0.0001
0x0f7bc0f18ca02dc1f4e56142b640ed376cc30554,0.00,USDC.e:0.0001
0x64e18495105734675891eafa43d9afa24bd19ed8,0.00,USDC.e:0.0001
0xbe042ef3fab06b43a1874a79d18d20b7f1468dec,0.00,USDC.e:0.0001
0x126ce873371c15a664306a387cc2329f67cc515b,0.00,USDT:0.0001
0x1e4c01050e9553bd4c09feb13a45b9abdcf0aedc,0.00,USDT:0.0001
0x5d69c3ae67719ffa014c27953209aa7081d13209,0.00,USDT:0.0001
0xf3d9281fa183b74f32b96e1c5244596045f4ede8,0.00,USDT:0.0001
0xf858f8099c24600c565c3ad08e6dd47261e94bb4,0.00,USDT:0.0001
0x39ee786712adb2cf14b5f78ea714152d2ffb865e,0.00,ARB:0.0011
0x2f70cc3fed8979ec03937ae59c3da5441d5b62bc,0.00,USDC:0.0001
0x6d4e286eb438f13e16710aa22585f19ef240cb49,0.00,USDC.e:0.0001
0xe61e320e9a597466d893905a8b91d4adc212d373,0.00,USDC.e:0.0001
0x082193039538f1795dc4baf5b2fdff7936c38142,0.00,USDT:0.0001
0x093b1d718d1211bc0daf58b955508c9d2aa94d92,0.00,USDT:0.0001
0x393d07fbda730d96bf4267c175bc1c31d607a3c3,0.00,USDT:0.0001
0x3a6a70c8eb2082de3f8ce0d6dced7592179f2db3,0.00,USDT:0.0001
0x91f813204602e403d0c934aba313b9d31438e68c,0.00,USDT:0.0001
0x99db299b1ad942c97731186481c202d5ede6d6d2,0.00,USDT:0.0001
0xd50ca8312d732982e5bfb035ca593bcf8890ee9b,0.00,USDT:0.0001
0xe3f39ddde27bbc4d30060f381a81e66708148c86,0.00,USDT:0.0001
0x1585f9d324abad502835ae6df9e7046786254802,0.00,ARB:0.0011
0x22b253f8d79f3733035b969b75f803a68624b706,0.00,USDC.e:0.0001
0x247af0b989d522c1c4e8513da2ef7c5fb55319f6,0.00,USDT:0.0001
0xd551667f7753cb9869e409c70194dea331064553,0.00,USDT:0.0001
0x6ff46bb975f90ce2010599d77b8e22ab7f9563c1,0.00,USDT:0.0001
0x70288a66caafb624574526f8ea1105dced437520,0.00,USDT:0.0001
0x72fa02f7442424fc8efc92a4d15d455c9ff1cbbe,0.00,USDT:0.0001
0x4671b7453d1e9951eb994f4fb7f78d6c658cd9cb,0.00,USDC:0.0001
0xc873d6b72382cf0804ef0b3bec5d6fbb944ab74f,0.00,USDT:0.0001
0xd9e3313397a1ff592eaf9f3e74b80101a1d9e00e,0.00,USDT:0.0001
0x334d6609bebda38b838a0aaa0aacdd2bf0c7a0d1,0.00,ARB:0.0010
0x481dc693f65889d1d164926f880a13a39faede8c,0.00,ARB:0.0010
0xf838b57946ebc583b0b38d9fa1db0adba3cf5644,0.00,ARB:0.0010
0x168a043d5823de12b87cf57c2eb6311345cb12ee,0.00,USDC:0.0001
0x3e9f1fda1c53c255fb3ab1848ec9ab7591506fb0,0.00,USDC:0.0001
0xa2058d66aca55c208b1ae115ccd0e4be8d227dcd,0.00,USDC.e:0.0001
0xfb9c080ae40ee768f8df6f735ea2da588f7837f3,0.00,ARB:0.0010
0x6f3f6b7bd624a7476782633faa8065cbf0824848,0.00,ARB:0.0010
0x13da013786a2e269854db17f1ff3765e155b3637,0.00,ARB:0.0010
0x23d5e40b8386946f5f42833ae3b502ceda914a75,0.00,ARB:0.0010
0x15d47eed1c14e0957f8ea2b0cf1246be0581897f,0.00,ARB:0.0010
0x4ff2cc059eea285d8f390b8d74b495927335690b,0.00,USDC:0.0001
0x844a35c3dd65361a10e7de81c9265104aeb2464d,0.00,USDC:0.0001
0x295b96e9d0e882e826022f91a7d1270d0548ada1,0.00,DAI:0.0001
0x0165de1aa3ecb1e082794331f0b970ac65b8e1a6,0.00,USDT:0.0001
0x1351de79326caf42b6995087dccf7e52b38d9fa7,0.00,USDC.e:0.0001
0x24b2f04ff71cfc538652b475f360643a44917dc3,0.00,USDC.e:0.0001
0x4e0c848728139fd97d63b34ee4d744dbe86669a5,0.00,USDC.e:0.0001
0x66fd5e350a11289e0c2f27c159b7abc9ff31ac63,0.00,USDC:0.0001
0x53459b63622671d4f7bb9df05a32dc90230b95f1,0.00,USDC:0.0001
0xc1583596ce54eeed10bb850891a3c36e9ff2757b,0.00,USDC:0.0001
0x80e06ebf228468ded35680f2eec10769422c381b,0.00,USDT:0.0001
0x11e5a1e091fc37f197d3b501bf815f77a8b449b2,0.00,ARB:0.0009
0x7ee21067c94a342c6880b4ace67d583f31790cdf,0.00,USDC:0.0001
0xfd9e0fdd1e4252d34dc11d5a1dbbe816e42fa81b,0.00,USDC:0.0001
0xbcd131bc9d3a4fd183142359edfe86a2121f51e4,0.00,USDC:0.0001
0x527f5d3ed0360d7bd72446f7e5307d15ee340902,0.00,USDC.e:0.0001
0x05bceeacd4e3cb000e6ca6c1400098f3dc3dda1e,0.00,ARB:0.0008
0xa69319fcbdf2e8dd7a768b9ce97db952cd92433d,0.00,ARB:0.0008
0x46e6651cd50e1a0556a9d689dc46b3c51419b03a,0.00,USDC:0.0001
0x6d330800687ee1b85d4af30bff6bc41638f21524,0.00,USDC:0.0001
0x129b0e6d499c93a56b614f0a89203ca5fa9b7d40,0.00,USDC.e:0.0001
0x77c5a23d0e2980e0b47f1eff6056b5faa1770d4b,0.00,ARB:0.0008
0x01bb833b36ff1874f2cfd21126955867d8707424,0.00,USDC.e:0.0001
0xe92b17138100d775fd223caa105296ae7ab8a6e7,0.00,USDC.e:0.0001
0x88a2e1c70878a3d0e79fa92cf3a2113803a08da3,0.00,USDT:0.0001
0x45f1774022441932b03bf35f0dfa22abad72daa2,0.00,USDT:0.0001
0xf3fcfcde32883d78e5c289b75c2d71c5ea36f56d,0.00,USDT:0.0001
0x8b3e6cfd20ddfaaac22a6e9d78b591b90544e5c9,0.00,ARB:0.0008
0x1cf6437111a85cb37603650f278b80655a1c43e9,0.00,USDC:0.0001
0xedbdda885a2064d2ce8f6f799cb8af4b275b12d0,0.00,USDC.e:0.0001
0x5fbdb722c5267d577cda58fc2712fdbb20cb6ca5,0.00,ARB:0.0007
0x89871c6c63dbab633ec47248ef16c88fb8297135,0.00,USDC:0.0001
0x62efaf62387873ce4f72a00622f89c5335115cb1,0.00,USDC:0.0001
0x0005f5aeab693497dc72a3d201bc13000b40207b,0.00,USDT:0.0001
0x67c392a788a660931afaf89a9a4eedc7ee9db0ec,0.00,USDC:0.0001
0x8f09c2cb20edfa7dd23927a021dd7e1d2b4253aa,0.00,USDC:0.0001
0x6b899e30151e9ca8a5eb5a92bb6c12b60d6d7c9c,0.00,USDC.e:0.0001
0xe9e6a2f64a745b60348763feb649d023e3d38900,0.00,USDC.e:0.0001
0x7d2e25ddb73b90400a57452d35ed6e2803d7f894,0.00,USDT:0.0001
0x4c532a22862f7d2a827899527f300243779f4193,0.00,USDT:0.0001
0x5df7adf3f08fc9dd5d67ce4887cd8dd8a7223450,0.00,USDT:0.0001
0xbcec049ccbaebff545b9605546584627fbc42c6c,0.00,USDT:0.0001
0xd0c353ade09c2928131815ec739f5e45add2104d,0.00,USDC:0.0001
0x5fb1e3a4b8968f6d0b276514a22edf3a88b3fdd6,0.00,USDT:0.0001
0xb01f02f13ec6c360d9d426076a0069c3ec2520e8,0.00,USDT:0.0001
0x00ff64d545ed6a510e92ee9fd62a3a532aa52d81,0.00,DAI:0.0001
0xbfbd1f9f4812e8113aa21bdb4d522b3dd97cf824,0.00,USDT:0.0001
0xd9933e239cc8bd2d576bf86c9298491ffc50ef01,0.00,USDC.e:0.0001
0x6f59d07e1e0213ce2c4ef2c8c833a496974a0ccb,0.00,ARB:0.0007
0xd42b2572f9565515fec037573d44805578efee2a,0.00,ARB:0.0006
0xb63f9ebefc0dfe523a41e58c5082ab7270a8fd39,0.00,USDC:0.0001
0xe46357876d416782e69d3f5ce564a13b3c7b0f1b,0.00,USDT:0.0001
0x6f99d1a7e20162bb0699e0fbcea303b3eca05bca,0.00,ARB:0.0006
0x1e1e3a76af9b8b3ed265adbfa60f3ce0db30cd56,0.00,USDC.e:0.0001
0xa7b5bfe32d69a3cb44e43d07ba8abecbbd87209d,0.00,USDC.e:0.0001
0x6e60f76ed6cd85b5c2f6a13b5d165aef374442bc,0.00,ARB:0.0006
0x322de26736067396ba755c79c2d2ea6594b28189,0.00,USDC:0.0001
0x69e1c2f6fc98464590aa20789ec129b8f28b922f,0.00,USDC:0.0001
0x5ff4a5955f602e1863fb69a3881c72d52dabc94f,0.00,USDC.e:0.0001
0x323dac580a087fcfec4ba3f543fdcdb3381f9860,0.00,USDT:0.0001
0xa2e6ac73c5081339051b1d75a4a7434d6bcee004,0.00,USDT:0.0001
0x4446e6e086549ae582c9528a9f6221def33b0df8,0.00,ARB:0.0006
0x02cbfd9099837c305f24cc73e61cf3c9ee4df0f4,0.00,USDC:0.0001
0xbb048719d0f7452e11b8e986dd1deb57e7ad6438,0.00,USDC.e:0.0001
0x6fae5dbe23a7db55310446ea413598840c206c0f,0.00,USDC.e:0.0001
0x11e03386ca3fed3625b7e9d62f9b3db5ec5e9af1,0.00,USDT:0.0001
0x480d8600b0b2d0e2b772eb68f25d32c7e6d91b7b,0.00,ARB:0.0005
0x4106ee3fc52af9770dfa028d083c138aa93976fc,0.00,USDC:0.0000
0x50ab39962d71f9808cbd96f7c222635191110685,0.00,USDT:0.0000
0x4ccddb2caa47f989118d029cede082e5079d5e75,0.00,ARB:0.0005
0xcdbe36c1ede1449f52d22371329611b04ba39238,0.00,ARB:0.0005
0x265e73bd19a39237a331c33eaa6a915d090a5ac6,0.00,USDC:0.0000
0x6d2e2e5a4c07cc846a01a691631fc95556553a67,0.00,USDC:0.0000
0x7e62a7db91c30cf9cdd0bf79001f1105603284fd,0.00,USDC:0.0000
0x2e9ed94cc754f12e3f54cca4c9dc3dcf503ff872,0.00,ARB:0.0005
0xd4304d17200687cddbc7f32c609abecdb7e9634f,0.00,USDC:0.0000
0x52204ab558c796be23c20ad4e94f5fba3263f680,0.00,USDC.e:0.0000
0x1691b57da3909fecae0272a8037938c7d6e4499b,0.00,USDT:0.0000
0xca963acd3e79c31b15b4b2070847d54bb6dfe87b,0.00,USDT:0.0000
0xfb3e79b2bd6cf1a83c8aff295eb62e0a5e036466,0.00,USDT:0.0000
0xb90637310d5d5bd6646eea809cf20450c8fec9db,0.00,USDT:0.0000
0xb0dccbb9c4a65a94a41a0165aaea79c8b2fc54ce,0.00,DAI:0.0000
0x3508091517d7b55e1b2c31e1820ba0de0270ed01,0.00,USDC:0.0000
0x4926210e5403f9c9ffb7dc35c7ea292e4538bd4a,0.00,USDC:0.0000
0x5adefa6b4c1e343c82c9f2c683918101873fba78,0.00,USDC:0.0000
0xa712d2ec26ec2b11f6ca41943601323d328e675c,0.00,USDT:0.0000
0x2c9711eba7670989ce7945976d72cbca1a79a93a,0.00,ARB:0.0005
0xc784ee34f7299379ae95ddf902672306807f931a,0.00,USDC:0.0000
0xcc512fed22e36619faa8e100d8417934319d0eb4,0.00,wstETH:0.0000
0x21d9f4b2bf57fa3e06e5a0a737deb0b3deb0563f,0.00,USDC:0.0000
0x8cdc65ba206fc77b993954b2e24ce486e5ef1fdf,0.00,USDC:0.0000
0x50a49c1d787e67867507e7ecefe975c4651ecd51,0.00,USDC:0.0000
0x81d354d2d070e44fe872f9fa20b86ac28f9bbbcd,0.00,USDC:0.0000
0xfcc9abb294d00c543f392ae2719c50ba64ca8e58,0.00,ARB:0.0004
0x1759d0892fe3a4d8bcc7ddd491d2d46c7eca9dd2,0.00,USDT:0.0000
0x6e6356565cddb4b8ee1c24914920acd09bba4e8c,0.00,USDT:0.0000
0xa8e280c135c09b662a24ef969d2a275dcbb08d03,0.00,USDT:0.0000
0x8e5f6c8404fb572f147346cb97530484432f8d92,0.00,USDC.e:0.0000
0xbb1e189f8508ce1eaabe991cea46cf9dd985fe90,0.00,USDC:0.0000
0x7cdafb5a28c10c206abe5acfdeea0c6aa3c25316,0.00,USDC.e:0.0000
0xa9c9ed5d1e4cf4291f518b48971b47b34510f559,0.00,USDT:0.0000
0x1df45375279374dfe00b76d5c6a27bacbb611e07,0.00,USDC:0.0000
0x116eb0e327f276c9f73b189f78727a3d0d6a3baa,0.00,ARB:0.0004
0x7d7112e367ced08a6b4a88c809894b84706d59d4,0.00,USDC:0.0000
0xe670760dbb84b38cb63ce2a5d6b50f3b008b3348,0.00,USDC:0.0000
0x55974f8e6415bacb2d6c49e6fb0e06b48ec833e5,0.00,USDC.e:0.0000
0x72e35e0b8dee65092833afc3ac849a1879338f3a,0.00,USDT:0.0000
0x7980dcd4f79f58c4568e0392dc9132fe874f682f,0.00,USDT:0.0000
0xf856eba5cd9bbb9f01e9c317993d1763b5e6e146,0.00,USDT:0.0000
0xce6ccf425b4b39b6c797d29b7f5071ebbfe3582a,0.00,USDC:0.0000
0x85a1efe5816b7d6a380f6077cb48dadd4c309e46,0.00,USDT:0.0000
0xfed4671202defe50e65477c3061a4ed491b459c4,0.00,USDC.e:0.0000
0x89062da8480280c2230fdf616f7fbe65fa3002f6,0.00,USDC:0.0000
0x648c43761c3d3e77335e3e0eddf490d38793d0e0,0.00,USDT:0.0000
0x9521efdc43cb609e02cef5266a5dd32639286b1d,0.00,USDT:0.0000
0xd30f8b395ae4c38cf2e61f5b1f4c3d4b7db1e9f1,0.00,USDT:0.0000
0x0819e9255fe17530fc57afc3916260af528ceab9,0.00,USDC:0.0000
0x50e03abba32b2e53dd88287c0ae97676d2f2a348,0.00,USDC:0.0000
0xc2a0a89b791795911e012c98bc8eb63eef25f698,0.00,USDC:0.0000
0x42e9f47000f11a9eaedfc25449c343e19f4edd80,0.00,USDC:0.0000
0x52e772912219f011ac4c897c298c83c94fd46c91,0.00,USDC:0.0000
0x660b3b99e27b202c73eea2f8949a9c8bc4fd3a71,0.00,USDC:0.0000
0x6da2787057dd3c7f2636068523942d55598807fb,0.00,USDC:0.0000
0x04443c298edafc303dab851ae4e8cae4e90268e1,0.00,USDC.e:0.0000
0x992a26841a1ede00b6820424b74453e63fb7c8a6,0.00,ARB:0.0003
0x3b09eeb00bf1df9ca4bf9f4064fc718372c81624,0.00,USDC:0.0000
0x48b6d1f378c38c53c52e5d876c25852bb95e30e0,0.00,USDC:0.0000
0x856565db827588a88780454863f98a4a323e13aa,0.00,USDT:0.0000
0x38afca98971142d5a0d3f874c9c2118db449ff0e,0.00,USDC.e:0.0000;ARB:0.0002
0x37e9bfaffd4ecd548514d18430b7e53ddaa5a6fe,0.00,USDC.e:0.0000
0xdf3bde3b20f25168f6490a31f61bdf1b211d1116,0.00,USDT:0.0000
0xebac4bc4adb7247364256ee933cae93ba1017857,0.00,USDT:0.0000
0xafad43a4a4b9e43e62e76e5e3e23643981a53f22,0.00,ARB:0.0003
0xcc653e3c52b4520ef2e77f035054481c1098e7f9,0.00,ARB:0.0003
0xbfed806cfa954f383c9dda523468690fb61dec38,0.00,USDC:0.0000
0x256f6d91562f7f112720360c15b3e2b64a86632f,0.00,USDT:0.0000
0x5614979f588215a28e547373b546a8ffe7a3c77f,0.00,ARB:0.0002
0x74259488d1ad9a6042b5630ea975d791c1671d03,0.00,USDC:0.0000
0x8474911f10a824da32f7113bdc84a5a6480d9e12,0.00,USDC:0.0000
0x564d3438045ec89ec3b321d58a9207c5dbfedc45,0.00,USDC:0.0000
0x9fed6f5538ed3c6ed8810c132fa7c43c93414af2,0.00,USDC:0.0000
0xa187df4ad0a695565388f7f4f91901a342c1fc34,0.00,USDC:0.0000
0xd547fe110f345c554ec79a9a9ae02cf0e7fc9af1,0.00,USDT:0.0000
0x3e665a03d5ab7b11eef7e0fa4a5f5e0400d3b61d,0.00,USDC:0.0000
0x402192fe32e2cd07c14e182de39c2b1f820016a5,0.00,USDC:0.0000
0x6212cf56e27f4c78bd44a181d96f858197d688f1,0.00,USDC:0.0000
0x69e8ca4cddaca7f69081671364068ad937b2e5e8,0.00,USDC:0.0000
0x8291993f0f9b41aab77d702f4ae8256e0ee79d5e,0.00,USDC:0.0000
0xd97ea9b07803098f6e214a3b56b74400c63d44ff,0.00,USDC:0.0000
0x2c7b40f5fab84f44ae5551d8a51d539bf879e872,0.00,USDT:0.0000
0x56f2d2e6a8efb6d2ba2d6b765bb99272993e2f57,0.00,USDT:0.0000
0x78e6a98c97f03a7939bbc4b5953fa329c62b1668,0.00,USDT:0.0000
0xe9d4d36773a1a7198c0280a95c4a877438b2f065,0.00,USDT:0.0000
0xebd3ea5b5f917503469b0f3a6845ce8a54c7ca64,0.00,USDT:0.0000
0x78874e6d1e454826a919df195634213252450594,0.00,USDT:0.0000
0x9fbf9c375c72e109604e8a72fa6b804dbb96ca66,0.00,USDT:0.0000
0x409ae77851ea1cb778257a3a821f97e6ae3c8f4b,0.00,ARB:0.0002
0x2d18ed8f2c072839476d83336eb1edaab8bc8f31,0.00,USDC:0.0000
0xbca4085e85f74cb02cd24ad8edc05fe35caf96a4,0.00,USDC:0.0000
0xa4f1b19e5451314ede5eef84f4f975b530528c0a,0.00,USDT:0.0000
0x25705948997fc2086c078d00b611c0676e99cddf,0.00,ARB:0.0002
0xf7bc3235ca6155710d33174ed854ff0834e59b13,0.00,wstETH:0.0000
0x49aad7f170e72d189240e47eb4603c0418bb5f69,0.00,DAI:0.0000
0x04c106c0a1eacc64404dfe6d162d3f44bb87d28c,0.00,USDC:0.0000
0x79a0400ddefd607e94596e937ff3e4d50ef4d7d8,0.00,USDC:0.0000
0x160de9d530b79789cec4193e4425d88bb67b6c93,0.00,ARB:0.0002
0xf6651a72a2f4d20dc45c54a1a8f306eb2ee883ff,0.00,ARB:0.0002
0x815120133a9e1e7611576b3a252b5bda1098af42,0.00,USDC:0.0000
0xff493657559755a72e522a168e6c8c4a624134e4,0.00,USDC:0.0000
0x53dee0f2124ae60bde532ce9eaf4ef399ed0fcfe,0.00,USDC.e:0.0000
0x76d0b9d9dae29e6fdc61ad133c5d63dd11686bc9,0.00,USDC.e:0.0000
0xac4d9bec6af0117f7c194bb9ef16fe92f6937ac0,0.00,USDC.e:0.0000
0x04bb52a9dfb9985699793b2ca2e5b4f35be28e88,0.00,USDT:0.0000
0x7afb788a4ebeba8a9b8b2d2908723dc33f39135f,0.00,USDT:0.0000
0xa9f0c1e1d6ee60f2c1dfb15aac30f664044c4e82,0.00,ARB:0.0002
0xcfbbe74eb20202568848ee6b1c54e24a4c4f294d,0.00,USDC:0.0000
0xee94dc491e4fb56fcbe5571b5f45914d47891333,0.00,USDC.e:0.0000
0x02fcb99b1ef5f31094b5fe0e15d632c226bc5c6f,0.00,USDC:0.0000
0x5db6da4242ae118d53af26875522d1fd17ad2876,0.00,USDC:0.0000
0x4efa6ba3c906c4707ce39bb0af82d223c215ebf9,0.00,USDC.e:0.0000
0x7c612db530dc055743014d1a7f789a2e4620a717,0.00,USDC.e:0.0000
0xf085eedc2f101429b2c63cc9933ff0f4a1bf45c4,0.00,USDC.e:0.0000
0xe0cf9b06db3cd06c34330f3b5e0f54bfae6de984,0.00,USDT:0.0000
0xe15251a4f171431bb6eca0e00d6338d95cbc3189,0.00,DAI:0.0000
0x69eb5ffd2e7bc9044f79e7d98fd8e21d364fcf6b,0.00,DAI:0.0000;wstETH:0.0000
0x060e6149831db094101fbd57733de9223c878452,0.00,USDC:0.0000;USDC.e:0.0000
0xf3e9c9ff68287e6ee87f645c5bc6fb6263efa2f9,0.00,USDT:0.0000
0x8bebb4c981932823bd62b783c9990e4e7ec958a5,0.00,ARB:0.0001
0x5918d4515cf59bf11dbf1127332759c7e1331f81,0.00,USDC:0.0000
0x86b99ecf60a116ebd06634bc2c47ac2481daa8e8,0.00,USDC:0.0000
0xb2db20fefb67b1101e91ea148b01f9e4cfc93023,0.00,USDT:0.0000
0x2946aedd5b3410ac6b617ae1183eaf91582b7faf,0.00,USDC:0.0000
0x33de1cffc3f639d0598b8cd33590f903c6482706,0.00,USDC:0.0000
0x5cb97e63fd60a1ba7ff1272b22bf681a4306c1e1,0.00,USDC:0.0000
0x77572a1e1ee2a327f5303da4a8ac96d92715286e,0.00,USDC:0.0000
0x7b486fbc5161cc441b7407deaee01dce96e8dfa6,0.00,USDC:0.0000
0x9c09e5d2919c67fc3b7b8a5d5eeb9ec5dbbe5989,0.00,USDC:0.0000
0xc8141c1638c155eee7e41e9ea157c9af381708ec,0.00,USDC:0.0000
0xfb2ea05224271b0d0765adcd33583ba86192b5e6,0.00,USDC:0.0000
0x10183ad783674632db9322223307cc1e4701806a,0.00,USDC:0.0000
0x164a72437c2ebb09b9ee4786b006613910ec095b,0.00,USDC:0.0000
0x333efcc3fa92eac8810da06c3543c093e00803a5,0.00,USDC:0.0000
0x34cb8aa954369b2023cf18a6ddb942ca1a39f735,0.00,USDC:0.0000
0x3e00059a12a0e1d6947041ae7815883173b21ef2,0.00,USDC:0.0000
0x4764e2d1f34406cbfcbb91759103db97d8327e36,0.00,USDC:0.0000
0x47bd68c90b3c89ca419ddc5e4b6a1b4e54df8f86,0.00,USDC:0.0000
0x5a7fd6e921f18ede0ce8bb47d63eab901f4f9f83,0.00,USDC:0.0000
0x5d77b1b8763f757d6a3afe03f3c2d60c8852f891,0.00,USDC:0.0000
0x5e926215b3f6afb590900306a17af90db40eb28e,0.00,USDC:0.0000
0x60fce97cd8c41066a6c49ba4d78ad56f4a4e6db1,0.00,USDC:0.0000
0x8cbe077015b0eeb29f89746e2dd43eb38faf070a,0.00,USDC:0.0000
0x8fa9dd2a0a0450d1d06416cebdcb3b817dacedb8,0.00,USDC:0.0000
0xa7abc5762fe0b05e1d1ff4749df317c4b46254c4,0.00,USDC:0.0000
0xab54d06e0a3b857f6f18de254ab7c242e496d2ec,0.00,USDC:0.0000
0xb33f0c984b4f93847f4ba734f3ea1d298b88e5a0,0.00,USDC:0.0000
0xd1813ca783a01b570f7ca37bd2c58462c7333677,0.00,USDC:0.0000
0xe337255f5bf6c15e24a94df26b8f85860fce6505,0.00,USDC:0.0000
0xf13938eebb5ef6b1c1955dd0be185f4daa00fa55,0.00,USDC:0.0000
0xf2f9a2738a2f5340cca5fab5c2fdeba69e0d437c,0.00,USDC:0.0000
0xf435ba436e84ae4aefe11b6e65a9069ca956c857,0.00,USDC:0.0000
0xfae335ce378583fd81cef6eb646d0c90a362e73c,0.00,USDC:0.0000
0xc84c0f515db41d4a5fbec17f9056ae00a0a55665,0.00,DAI:0.0000
0x6f74a93eabfe8faa2b752b435e6e74e80c699a64,0.00,USDC.e:0.0000
0x0081918f2d71ff149293bc0241157c7b4c17e15a,0.00,USDT:0.0000
0x112f4dcf0b4fe5938098d9e743d72d939b4f6075,0.00,USDT:0.0000
0x338fa44629465aa93f7b1974288224f566984eb6,0.00,USDT:0.0000
0x34304a24870b888ea131b9a1c54d3785ed2792f2,0.00,USDT:0.0000
0x61db13b53fdf4154c4286a5b900d3267700bbdc5,0.00,USDT:0.0000
0x7d08e5f1cec5357f7637ca1e6bd5c9f37e310a2b,0.00,USDT:0.0000
0x930931d69cbae7f1205e63256930094ba6c8a736,0.00,USDT:0.0000
0xc1a40e7d959947a095e7c6bdbcce75b70ad8e2b5,0.00,USDT:0.0000
0xd99d5925c15ec5adaa96bc9614924bcae8cc05b9,0.00,USDT:0.0000
0xe6c8ea2def43413c2e0d36b53c6760849041c27e,0.00,USDT:0.0000
0x6048917f8d360186bd30e4f89c2fa4c202497e71,0.00,ARB:0.0001
0x99026097aaa88149f3ada43f200e1c9a2aa29d35,0.00,ARB:0.0001
0x3aee9814a306540e6a1a0d4edd1b13e548147a5b,0.00,USDC:0.0000;DAI:0.0000
0x16cf3e6f8386209b50328f6617e056bb2445fb0c,0.00,USDC:0.0000
0x537b475544166d383beceaf139740554c42a5309,0.00,USDC:0.0000
0x6055db46a84df9652fe2a359e24c1ddbb5d7beb5,0.00,USDC:0.0000
0xa900a62b1699a68300be87b07f6471e8a7697405,0.00,USDC:0.0000
0xfbb0942570619d2bab15b02c5bbba95d2b39758d,0.00,USDC:0.0000
0x31e14553b8beea75da192184d36bb60dd50a8f24,0.00,USDC.e:0.0000
0x23fc56800a4425cfe6cab4ba863f4305d08529d6,0.00,USDT:0.0000
0x50c365500d3d121deaf4b06c0c77f5db8451e70f,0.00,USDT:0.0000
0x1c87869225399b62206cfced6fe883d0ac725c11,0.00,ARB:0.0001
0x80da9f1ca98c8758b99a6df3c4105c41cfc415d4,0.00,DAI:0.0000
0xedf042e9e5ff1691ecc55e89fbc1e2c8fb04259e,0.00,ARB:0.0001
0x05806425bc8fce8d6a28898b708fefcb99749476,0.00,USDC:0.0000
0x0900ad90bb5f87c8e8e485be3016d6894cc68046,0.00,USDC:0.0000
0x391d9954f4f2ba0199a81dd85e7eeee913d84ac8,0.00,USDC:0.0000
0x39bf0f3d1f4cc9929813dbfbfbd9829628bafd75,0.00,USDC:0.0000
0x4fca6278b8ca591ead189444d1620fe4b64332db,0.00,USDC:0.0000
0x5c01bdb2324f2e34cacb90dee401e5e935e672b2,0.00,USDC:0.0000
0x5d513aac0ede99252040bf5c2e7f5229210c73b6,0.00,USDC:0.0000
0x97c2e3e6460c96c704c493cf645d31a07c814d95,0.00,USDC:0.0000
0xaf70ff432bc800c9aa87d206433cca940875de6d,0.00,USDC:0.0000
0xb3ca8f088beb82de49b25083a51cc2476cd6a5ca,0.00,USDC:0.0000
0xc78fee546934873f12c73c126430ca4511cff1f8,0.00,USDC:0.0000
0xc800ab85428d86da3cc97aec02bf3c17539411a0,0.00,USDC:0.0000
0xd5f04bb94cb96d95a76fe87d5af3a1a90e7db4fb,0.00,USDC:0.0000
0xdc49f66dfe176ebb1f18af8920b2ff12a60790d8,0.00,USDC:0.0000
0x0f72924888c788a53abe8a033e6bd68fba24a760,0.00,USDC.e:0.0000
0x37f31de56cd8844c8170c54877a201af3541ae12,0.00,USDC.e:0.0000
0xc185ffac34d3e0a1133620513b8997cc3a9e636d,0.00,USDC.e:0.0000
0xcd5b610d15b5a675d48e1f162d4f0adf6099b430,0.00,USDC.e:0.0000
0x172b1d027d9f532c8412249c668a87f8f7c328d0,0.00,USDT:0.0000
0x90ed1327640c246d3c9629e04cb19f462917b687,0.00,USDT:0.0000
0x89d9aa65678ef914d84a8151d88cae19a221d4d2,0.00,ARB:0.0001
0x6790dfe8f577aaf72c411c4f103793a850e3b39d,0.00,USDC:0.0000;ARB:0.0000
0x71d03478f39ce4d5db03c04bc38c54f0ce9d789a,0.00,USDC:0.0000;DAI:0.0000;wstETH:0.0000
0x370ace7aae0182e472701907ec023f55a4634904,0.00,USDC:0.0000
0x5e24cbd9f573d532c9a930fcd3457e9287e6a236,0.00,USDC:0.0000
0xa0108df6dde4e96321d758185ca45d65c08847eb,0.00,USDC:0.0000
0x174ceb8c72bbbe2420ee05ba3a5b3a1d097443af,0.00,USDC.e:0.0000
0x54ca39290a74cacf4eb51a1e85710ecacb161222,0.00,USDC.e:0.0000
0x71a188bbd2272fb9d3aa171c93153709958e31d7,0.00,ARB:0.0001
0x6222bc2e48ea425878e204bbcf5193126eebb6b4,0.00,ARB:0.0001
0xcb18d0edd10c8d83df23e9e5255decc9faaa84cd,0.00,USDC:0.0000;weETH:0.0000
0x0c1ddb26277cb675697c73394c5c0f217ff4de09,0.00,USDC:0.0000
0x0c3ca352e7d975b12f8d19c798b7ba00c235bf8c,0.00,USDC:0.0000
0x29bf4ab1ff57f60f00511f9a2bd76f31615df217,0.00,USDC:0.0000
0x34b7aafae66e639ed027487646f87d4ca5a11ba6,0.00,USDC:0.0000
0x40ea82beee94f1e20fd4ad9d9db2057c49847bde,0.00,USDC:0.0000
0x4418419a0ae1f1b5b3a770e4bfd3fc5828f218a5,0.00,USDC:0.0000
0x52c96780f8fb77851665e31f3f96d1b73a6c63a9,0.00,USDC:0.0000
0x52f3a2889cd79f9a3bbaab13c0be77da31a3d806,0.00,USDC:0.0000
0x710ee06e0347fad93b784b176a4b05e4037f086e,0.00,USDC:0.0000
0x77defaf00127a627225c687032f08fba09392b14,0.00,USDC:0.0000
0x7cf1960ec2a3b25aec74037f490c54ee13d26c16,0.00,USDC:0.0000
0xbd907ea549b1a443b92c08d3cb4eed4b5d288f49,0.00,USDC:0.0000
0xf54a62eaee21878a1376e19d06bab85519602346,0.00,USDC:0.0000
0x203a6f815c43a3ada4e7f3b65fb292089b36b483,0.00,USDC.e:0.0000
0x7f945c04ccb2b3aef25bdb82c98ca257d91d27b0,0.00,USDC.e:0.0000
0x8c3d3459451af66bb5c8174c397ff15ce4675505,0.00,USDC.e:0.0000
0xb1d248e9550ac090c9eb25098e27037b118a1de0,0.00,USDC.e:0.0000
0xb8e8591ad03eeb79563896ed3e74bbbe5f1b5102,0.00,USDC.e:0.0000
0x10c070f6690f1fb20db2470fba92c1515bf9a44d,0.00,ARB:0.0001
0x342b9a312994d649485f07351458d9a788c2183b,0.00,ARB:0.0001
0x02385273f31812b3da46479aa9a710324830b648,0.00,ARB:0.0001
0x1dfeec03f8fd4aead254daa0f84e5400c9ef1b9a,0.00,USDC:0.0000
0x2513023af5b9a0bf9fa412035a9d5662e9791f56,0.00,USDC:0.0000
0x42230e7fedb381adeb2e63206ab66fae151e0d20,0.00,USDC:0.0000
0x5d845ec971b805dec374894f4d02cdbf5c86ff72,0.00,USDC:0.0000
0x5e1e3c0591c6e104b2bba63a62bc4a7fc25f4f7e,0.00,USDC:0.0000
0x6c396c332aa6fe403d80aaa8466547fc4d1be9fe,0.00,USDC:0.0000
0x928c60c8ff6919c62fcae7647fb7408e76a431e0,0.00,USDC:0.0000
0xa712a5e7ec8d6e84277ed5b4b8f204611ca733d1,0.00,USDC:0.0000
0xc3bb814574e6b3c6f5ad0d458d1ac2c071ea2b10,0.00,USDC:0.0000
0xc44c40869878ee0a7d6c2b23f23f2a47d4ab0b15,0.00,USDC:0.0000
0xe168a40798432af40f43deba53ea69cb60d57c77,0.00,USDC:0.0000
0xec4e0272c9db80469ea7e6a274b9ea15826ee660,0.00,USDC:0.0000
0xfa8340878eccb4f7ce489201a1c6cceb3197cddb,0.00,USDC:0.0000
0xfb7d100be21b2d5e419b963ae03a56474810b937,0.00,USDC:0.0000
0x01ec7707817fcaf72330b605ae20c67cf1bc8bf1,0.00,USDC.e:0.0000
0x7a0c7c84ec066b14f83d127bff2b7f46094b6226,0.00,USDC.e:0.0000
0xd6de58ce85dda96fe4aa26aad631c5113f4835bc,0.00,USDC.e:0.0000
0xdb479eba739c79549b478e9e037e94bdea41a9a0,0.00,USDT:0.0000
0x73178255a1286749ec044eaba1ada2510bddb44a,0.00,ARB:0.0001
0xa79e909eaeb02fd406e28d165fcf5a02d83257c7,0.00,wstETH:0.0000
0xfc42892d0f757a356a853056bcc5bcd1b456b193,0.00,ARB:0.0001
0xb63888478803d58da69f058f5fd1ed9c3c758e09,0.00,ARB:0.0000
0x527c3a106e5a2559e72042003f3aaa821a0fe989,0.00,USDC:0.0000;wstETH:0.0000
0x05eba5e27e69fb11e7efc1c26f1357e4adaafb8b,0.00,USDC:0.0000
0x107d7287d7a1d7e1a975088fd42e9f29618f5560,0.00,USDC:0.0000
0x17ef678959e16702d02f872bdada873518bb7f18,0.00,USDC:0.0000
0x2dc8e974c896f54ad37844927e99607622503b2e,0.00,USDC:0.0000
0x2f01120c0279edaa6bccb695178c4e963b1f3432,0.00,USDC:0.0000
0x3d0f3b8d21f80e53568ea4fb6552f026e98f5820,0.00,USDC:0.0000
0x3dfa5b35783d4e3e3e315f23537b1a1501916405,0.00,USDC:0.0000
0x43941dc79ea767b9c4b3506907a60ab1164de348,0.00,USDC:0.0000
0x48733b3a5828b531d55df6f0b47d2226a6572615,0.00,USDC:0.0000
0x5ea0f6956dd34b7f35df33ce8cb48c6dc6f77089,0.00,USDC:0.0000
0x61202c8f3bd0190fc69b3252a697a683594881ee,0.00,USDC:0.0000
0x6c867b59b562d65f053087a2c20d3d0ce3a2838b,0.00,USDC:0.0000
0x76b9c88e4ca6b03c9f8f77aeeb76320e2035f539,0.00,USDC:0.0000
0x7e2437234d7c32f985227069c85a0db836dc3db1,0.00,USDC:0.0000
0x869c03e622c8bd3ad21e73e3023e9eaaaefaaac1,0.00,USDC:0.0000
0x953beecfafb418b703b9f535b0890c38250d8292,0.00,USDC:0.0000
0x9b95e0d57f0ed4adbafcbe6417dd49d4f46c0d19,0.00,USDC:0.0000
0xab2e7dd5b29d75bac93c6a3de98b33afdb5ae17f,0.00,USDC:0.0000
0xb0d05d48f9c464d6510b12c8f09a36ea47a836d6,0.00,USDC:0.0000
0xb52603fcab50e73aa17fc51f5cb422c8dd54b627,0.00,USDC:0.0000
0xb63cdef0e8e7deb39022a2750e348620d0807d6b,0.00,USDC:0.0000
0xbad1f8943a03abf004345ab074088ce6679772c7,0.00,USDC:0.0000
0xbbd46d77c73292574780abaddf18cf8f14e552b8,0.00,USDC:0.0000
0xbe5d8a092730e0492249c7581ca63d189013f2d8,0.00,USDC:0.0000
0xc3ed2a1935cda0b8b165bfd67ac159f1a233e37d,0.00,USDC:0.0000
0xc4cf2c511834ccc2cdccbb93a79b77354f1133b9,0.00,USDC:0.0000
0xdccd25358d6936cc384154c0ac0755bb25b9a800,0.00,USDC:0.0000
0xe1ca913dc4a63e55cd5d9b68b8fd8a13577ed742,0.00,USDC:0.0000
0xea55ce39a19cd51ea6d18681a15b22304790e006,0.00,USDC:0.0000
0xec6b3c95bbca7ab728279b7e65270ed754686364,0.00,USDC:0.0000
0xf604c1dd0381aee04974823fee16832340b9031f,0.00,USDC:0.0000
0x2fe3edfe8ce9777d2bc9d4ff27ce9f1305cca85d,0.00,USDC.e:0.0000
0x458fe92844f19434bc186d296ad0c724c2753d9c,0.00,USDC.e:0.0000
0xb8763abf098d741ab755c38bbf9565838d19b501,0.00,USDT:0.0000
0x16025765540526dcd5efa183937820b2116aa50a,0.00,ARB:0.0000
0x3dcb1184aec8a28329fe2d36340a599369c919dd,0.00,ARB:0.0000
0xecd63a6e172d4600e00edfae54c9f9867fac9eef,0.00,ARB:0.0000
0x5feb76c4a1f307f84e5875aacff73f83dc1f3566,0.00,ARB:0.0000
0x17060b6eb54d9448ff2001098c2827a35f99da8f,0.00,USDC:0.0000
0x24d03f3cf7d98bef46a849a264d970713af659cd,0.00,USDC:0.0000
0x3602e1bca1c4d641d1d97f60f25eee5a1f06dd1b,0.00,USDC:0.0000
0x4ff85a5031095ffd3f1b19c7a230cd44d13f488c,0.00,USDC:0.0000
0x5f92d6b401736a80a1066e6443ccad94a17293f6,0.00,USDC:0.0000
0x672cf94e8fb4230983650ff2787db09ae5a7860e,0.00,USDC:0.0000
0x9cb020a6586eee74c19b41fd901d600312802fdf,0.00,USDC:0.0000
0xc79091a4bb3786318a42e209336a486def93dae3,0.00,USDC:0.0000
0xd1842504ac51cd693ac1e435fb335bab4fd47ade,0.00,USDC:0.0000
0xd47809a937c5a7009c7b4917d78b5b5ca5ebb5e6,0.00,USDC:0.0000
0xf2a758b15e195fd3c36cd29e82666af0af07d15d,0.00,USDC:0.0000
0x089415722546dc8c12220f1ea85fe80c4aa42bfc,0.00,USDC.e:0.0000
0x1ae9bdb88004be269fb12aac93f3e4463ad67a30,0.00,USDC.e:0.0000
0x1b2a3bcdf8eabae87d9ace3509e9c283dad3a1bf,0.00,USDC.e:0.0000
0x1ff59ebf9e042b0aac93701f8adecf37522eac4c,0.00,USDC.e:0.0000
0x2e0b33b2c30c737d1be27cfb54b9a47814096911,0.00,USDC.e:0.0000
0x32a047032d11921f44d016d4665d8a10036dce17,0.00,USDC.e:0.0000
0x34a4a620fba467a61b4c2e81052a37d2aa499858,0.00,USDC.e:0.0000
0x467a3641156b2cb500093f382a503efe3c09d0d3,0.00,USDC.e:0.0000
0x635d995f3d4e2148f26323f533f4811ad6b1a3ca,0.00,USDC.e:0.0000
0x6797c2b684ae8dd9fae54f8e19206d4bfb775e7e,0.00,USDC.e:0.0000
0x6e58979cb6265c4b736f97b3631f2bc73c9d75be,0.00,USDC.e:0.0000
0x76dc164c33e7c2f5f491b64be5d8fd5dc58768a0,0.00,USDC.e:0.0000
0x7c0a74262e1058d065e56db6b57db4862640e40e,0.00,USDC.e:0.0000
0x8d777c0b097b5ce21c310b5cfc8e372ddbf530f8,0.00,USDC.e:0.0000
0x904d441fcf8a69a214e6826c2fbac2ee9e4144bc,0.00,USDC.e:0.0000
0xbe3b78e03dd034e4fa3c26aa22b502f88618b2c7,0.00,USDC.e:0.0000
0xe02267864d1f1ee05bc62c01f8f8d425eb9a0100,0.00,USDC.e:0.0000
0xec9ea40badc1670667b12efba4b9fed89b4f72bc,0.00,USDC.e:0.0000
0xeca890cc5f94bae03f0130c9de605960800f0d90,0.00,USDC.e:0.0000
0xf2df2ff871223bb0f75c9777ad9b5f1dd6e7038b,0.00,USDC.e:0.0000
0xf53c0641aaff69a48f4b7fb6fa882d6186241f6e,0.00,USDC.e:0.0000
0xf6f484a09bf43258df7bc0326042f79116f47ffe,0.00,USDC.e:0.0000
0xf87e0775b1677dc465e76c006b5c1d4411faeeb2,0.00,USDC.e:0.0000
0x1ff81dac7b5acb7251f6272fd5f80851a1bf286c,0.00,USDT:0.0000
0x4489fbbdb9ee511095cb0e6d3d5be9c4b874530d,0.00,USDT:0.0000
0x0ab72460ec782768d5ea18abf908c727977f51ca,0.00,DAI:0.0000
0xe0a0be7102a37adf2f45bd3754ca83cfb890248a,0.00,wstETH:0.0000
0x0243a21a1d0ed94b816098bcb8b88b5fb887c566,0.00,ARB:0.0000
0xece7a8424ade4b7e84ab9b4a69654327208743bf,0.00,USDC:0.0000;wstETH:0.0000
0x109acb046a0d85f5b8f57c4dfc798e6b23c0e8ec,0.00,USDC:0.0000;DAI:0.0000
0x322a81a964062dd99057cfe821703be70bb1fb6f,0.00,USDC:0.0000;ARB:0.0000
0x010fc262a2d0a9305e4cf8d9f253ff12f55304c5,0.00,USDC:0.0000
0x0318abf1f9b61f974e724289076bd56883420a24,0.00,USDC:0.0000
0x07c2886a52459839358df207f570cde947495196,0.00,USDC:0.0000
0x09f81f66a668754a0c65dc379468a91a6d735050,0.00,USDC:0.0000
0x0a89d55a0ebe5cdcbd4b30d21465d0b6b42ec334,0.00,USDC:0.0000
0x11b77bcef51281e6184c0b54c921cd164f2a036a,0.00,USDC:0.0000
0x12846e391f5a1d85c8ba8adcb3f9d92b76aad268,0.00,USDC:0.0000
0x131819906ceca32d73fde78d44cc1617301cd27c,0.00,USDC:0.0000
0x13eeec7de61b8483c3035641b2d4e89deed91ee1,0.00,USDC:0.0000
0x144e2eb8fd7329066f115aef9e99fb9ca9a88a0e,0.00,USDC:0.0000
0x1b597dc84137095e2da88157ca9f9cea9b747caa,0.00,USDC:0.0000
0x1d3fc4ea2620aacf5d98eefc9a57c57178613547,0.00,USDC:0.0000
0x26138afd207f2218b528c7556bc009b5f360bdad,0.00,USDC:0.0000
0x278c81c52deb1ad7993e641ecacb6782af48f70b,0.00,USDC:0.0000
0x28c6a148a093c50a6436e79d1f788dbdd05d1ef3,0.00,USDC:0.0000
0x292ed7d901e92e4450a9ad76354446b7edcecfb6,0.00,USDC:0.0000
0x2b10fdf83b308b9a0584f1b0f36b5ea154689ea5,0.00,USDC:0.0000
0x2d9a3874992fcf0b43c07953ef6d7daf4a21aca7,0.00,USDC:0.0000
0x3a8641ad837ab9c645251504b18a2b3a02122ee5,0.00,USDC:0.0000
0x3dc746fa6b3072c92fa911e853a578137235215e,0.00,USDC:0.0000
0x4608077cd14856f824c6392baa64d5c9b2f03b22,0.00,USDC:0.0000
0x46bb9739f06654d75e84351331787d344fb6cc25,0.00,USDC:0.0000
0x470f99d23c90dc515e92dd7f4908a12e401f84bb,0.00,USDC:0.0000
0x490941429520a6416ba01583ced18d41aadcf8b9,0.00,USDC:0.0000
0x4a42ecc65f727455106ba786a04e09c909779e5e,0.00,USDC:0.0000
0x4ac720faa4d9c4c902fcd39e9ca790eafbfc7300,0.00,USDC:0.0000
0x4c1320545e8abcfa29b6fb14bc866d03f76ea136,0.00,USDC:0.0000
0x5011524d33385ee2f1502b29b903742a0823a0f0,0.00,USDC:0.0000
0x511dbf9be52d289b27b30b33077c1ce399486457,0.00,USDC:0.0000
0x541ffcefc1e13cc1a6972067a34749fd4809789c,0.00,USDC:0.0000
0x5897d54fb34a282e9fb07de22920e1b93da2eb8c,0.00,USDC:0.0000
0x63743646968a57d3736e3f149a4e124cf1e8ad10,0.00,USDC:0.0000
0x6a08cc08d373519e2c78dae1257acf8545e39592,0.00,USDC:0.0000
0x6fa7938b520575b87b06ea0b83b52bbef31b587e,0.00,USDC:0.0000
0x6fd0881c1574cb507b6278d588eb963e15ffdbfd,0.00,USDC:0.0000
0x7ac7ae5c01adaefc5fae1d04c996c9cb32be9913,0.00,USDC:0.0000
0x7f0f31e5e83b80c20ce05ec25cdba0afa5e5d5b6,0.00,USDC:0.0000
0x8016e2fc12a960d05b25a8224300be7e4f19fd84,0.00,USDC:0.0000
0x838c9bef345070bdd781f5f225581d98023f7c63,0.00,USDC:0.0000
0x8ca79728548c7c0d33986d7290300e8634b8327a,0.00,USDC:0.0000
0x8ec2499b9021236a10c67eb5abeb9e2a5f4ca386,0.00,USDC:0.0000
0x8fef1444a270b7e5937643c4e30be596acdc3a62,0.00,USDC:0.0000
0x922eabd7e09774a28ecbc502f632cdedac43c489,0.00,USDC:0.0000
0x952e25890b96cd788bc651a303d37d56180f7d60,0.00,USDC:0.0000
0x96f1d562ebfea3ef3affe247ff9bc011a4037ea9,0.00,USDC:0.0000
0x9894ad16fc954496b0ba71d3ab697d947845c5dd,0.00,USDC:0.0000
0x9909eb0c89059ff3553b3945479bc8da4e1c2c0d,0.00,USDC:0.0000
0x99eb07bb625b57b0ff33ad1e624f5cac99f8fc3d,0.00,USDC:0.0000
0x9d2be79e032f23310520007b72eb963ab36fc0a7,0.00,USDC:0.0000
0xa32b3e27352728aec4b0b241e3105e021f5a25e6,0.00,USDC:0.0000
0xa33fbae64a5d8ac059facfeb88fed55bc509c0e8,0.00,USDC:0.0000
0xa4aecd923be1867bf5e1c3e00b9cbc43ac44e0e8,0.00,USDC:0.0000
0xa5ff6c40baecf70dac0b33d853a7ac7e135b86c3,0.00,USDC:0.0000
0xa90133747802c73c6af14744b6c4853b7a1606ca,0.00,USDC:0.0000
0xa91b84a0049972bd8fdee463da409a2bca9e0871,0.00,USDC:0.0000
0xb7575b8b036c141a19f7c15ae14aab78e5345cd6,0.00,USDC:0.0000
0xb9a03b01d8097908c44a672b2704ad05054104d7,0.00,USDC:0.0000
0xbadc5e6eb5d97a61473a38710d6145438dabeecd,0.00,USDC:0.0000
0xbc00f40221433c63745cca154a272be8746208f6,0.00,USDC:0.0000
0xc130f48ccea26ed06bb29b8642ee4dac16a98696,0.00,USDC:0.0000
0xc342dad3da280c71f2224e70501904c59b08ac42,0.00,USDC:0.0000
0xc941b4bd79886898f93d679facf56d5fe2a43a61,0.00,USDC:0.0000
0xca7a3a14fd35a9bb6d2a488d9992767f3e8b7441,0.00,USDC:0.0000
0xcb4948417d0767a126627adb3e48b490d4b292d9,0.00,USDC:0.0000
0xcb4c9eb3187a0a72b52428048191c24c793cc6bc,0.00,USDC:0.0000
0xccc7403609a9bc561798e27047cf4e534dcdf7d8,0.00,USDC:0.0000
0xd0e701689cc71436dd7a2288aaf8003d7e4fba1a,0.00,USDC:0.0000
0xd13cb91890a89c16b50b7b9a936e5231f1513916,0.00,USDC:0.0000
0xd44637aca72516b23fd316ec10703577b9a5785e,0.00,USDC:0.0000
0xdf530d2a243468acfd21a221ac88e2274a3cf5d7,0.00,USDC:0.0000
0xe3ab74e3a03a7f95f9886974358f2d974adc2483,0.00,USDC:0.0000
0xe88aa2ee27a53402af9273ba703f301724f0ad12,0.00,USDC:0.0000
0xef2de97bbe7e44e73d4f4482a7a07a989a12afe7,0.00,USDC:0.0000
0xefc136bb41f12365314bf18383cb0876288c256c,0.00,USDC:0.0000
0xf019d7b5fa725059dc3386f517de1fa809991f49,0.00,USDC:0.0000
0xf254575146d58395a725b818bc59dc089e5462e6,0.00,USDC:0.0000
0xf2b4f51618c538f63e67329315f7b06bf3bc26c3,0.00,USDC:0.0000
0xf2fe2366a39e11151b4a69cd1965090141e1da17,0.00,USDC:0.0000
0xf3b410b37080004ae8774cf68ced63c019e80655,0.00,USDC:0.0000
0xf72961ac3d06225c14a779fdeb7090ba150e1e93,0.00,USDC:0.0000
0xfa0beceff34fc71c6ae27e37de0283977693993f,0.00,USDC:0.0000
0xfaf00a4b14b50ddf0f6e405510a5445afefd82ce,0.00,USDC:0.0000
0x068044fc3d7fa5a5816115eb60859dea97bfe6d0,0.00,USDC.e:0.0000
0x07fae68ef2a2ebc0bb1b2d32ab5e1400b1202ebf,0.00,USDC.e:0.0000
0x12bc52b9f167e9aa72aa153546aea154608c1db6,0.00,USDC.e:0.0000
0x20cacdf5fca7249e8583c6833cffef5089ccdb73,0.00,USDC.e:0.0000
0x55ec0220975ff00a30484a76e125f76c248338c1,0.00,USDC.e:0.0000
0x637f59c0114e5c2fd0f2415d2752a00a9dcd9667,0.00,USDC.e:0.0000
0x9c1b995dd2728161fcc057eb6e4ce2e1dd7c3cb9,0.00,USDC.e:0.0000
0xb69a8686e2dbfda82dd7df384d49b739752eced4,0.00,USDC.e:0.0000
0xef0a92d30ed916840b39b7c3b5f1f08319c978db,0.00,USDC.e:0.0000
0xf321476841e1d6eb93a3452fbfb987429b337b50,0.00,USDC.e:0.0000
0x498155200555ef6b10e18769355be256c8d34d46,0.00,USDT:0.0000
0x5fdf2b7512064d6fc0bc77e8bb5e9b4e57566389,0.00,USDT:0.0000
0x767ad7a24ca1a37a38efe16f2d6734a87f33ac14,0.00,USDT:0.0000
0xf4c21df1cc8dfca3b064e9b3c9a0f434c3b9039f,0.00,USDT:0.0000
0x9d2fa031a6fb8c3624fca2909534578c1338ca9c,0.00,ARB:0.0000
0x1f851066c3d5d4016709efa09548354093c1e3ce,0.00,DAI:0.0000
0x971a6da29c0103d8ad1bc46b884b8abff9d66514,0.00,ARB:0.0000
0xee7460f486d2a0f3919e276d56af06429c603de9,0.00,ARB:0.0000
0x057274e4d5cb13e7d78d2be74649f881e906152e,0.00,wstETH:0.0000
0xdb1bb2bb95f60b87d34d83a488f40ec4b0c07737,0.00,DAI:0.0000
0x62a760d47f56724c2691255567ee13204de78dda,0.00,ARB:0.0000
0x02c47b37942e4b0a99821702ddc194a1092a9432,0.00,USDC:0.0000
0x07bde9af11affe052e77590e7417eb0f21fdf412,0.00,USDC:0.0000
0x07f197e7923fefc95f6168738815f63903c351cc,0.00,USDC:0.0000
0x08d147e2ed8409a6a7a2abc625a93b0a85b351c9,0.00,USDC:0.0000
0x0a44b2dda559ee538ef4f51c6cc7e242a52c7848,0.00,USDC:0.0000
0x108ad3499dbad2a0030b4a6d0a65f4932cef3a5c,0.00,USDC:0.0000
0x112ef1ce09e24cafdd489312750fa2bccd52b083,0.00,USDC:0.0000
0x131d719c2c9300396071c0320634b1acedd1fe2c,0.00,USDC:0.0000
0x14f6809d48e7f8e2a4f9cccb9bdc226982151d6f,0.00,USDC:0.0000
0x184d5dc55a92ee38ac89758e175d8d5b24f55fe1,0.00,USDC:0.0000
0x19a40f5b714118beb035791c5e3dd41114fd265e,0.00,USDC:0.0000
0x1d93a9ad1a7a0035c6594281d311f2cf3717293c,0.00,USDC:0.0000
0x20290f1bd125937443757d7aba1001023e870b13,0.00,USDC:0.0000
0x21493a9bc5bae1c56820ca465d707bd0b0885727,0.00,USDC:0.0000
0x2421e273d72cb19971edd8f6c88c02d2ae8474bb,0.00,USDC:0.0000
0x26218e412a5b82865287661091b5434806c3c47f,0.00,USDC:0.0000
0x2a0b0bb27870bfea2fdb96dc7e1dd94d207db448,0.00,USDC:0.0000
0x2be4e2bce69101d587bf31f3d187994a6cbd57ee,0.00,USDC:0.0000
0x30c08b1b35d9e799fb87ac7aefd28facf467fabe,0.00,USDC:0.0000
0x34550e9f6c455db60e420703779c7805de3e3c19,0.00,USDC:0.0000
0x350dd9e3bf196359f0b17cca3b409ce9eb6f01a5,0.00,USDC:0.0000
0x3e8cd8f6a94290dba9b550fce313b6966911c27f,0.00,USDC:0.0000
0x41f0fe37e0df48f5116e83aefbe06cd952434076,0.00,USDC:0.0000
0x4356da3c01a0b450400fef7fce9b40348dac6d65,0.00,USDC:0.0000
0x45907831a9bb6f04b5a139a363c4d2fdcf7e713d,0.00,USDC:0.0000
0x46df1e27df5a546a77789d23ff964ded34492295,0.00,USDC:0.0000
0x4988ced36db835f09b52f1a6d07021ab160e4337,0.00,USDC:0.0000
0x49f563b0a87398fab4cbca4af0cc60c4a9e691d0,0.00,USDC:0.0000
0x4b77543ec3b4d08c4105de8e9eb86145bde873eb,0.00,USDC:0.0000
0x4c2cb0c62fbc5c7f9d7bad0b6d05d53598be115f,0.00,USDC:0.0000
0x53cc842caff948ee5c7df63961b88930a4a90878,0.00,USDC:0.0000
0x709c803884acbc62508e4b2e1e7594e348b48f51,0.00,USDC:0.0000
0x7187ff8d45692043753f858c38374df42a13a252,0.00,USDC:0.0000
0x747fdd5bfdfbc9e39e722da20e661d2233e78e72,0.00,USDC:0.0000
0x795de66ea31b0e60050103e64ac7569e75120651,0.00,USDC:0.0000
0x7bbd0b792fd044fa521c13ebf4479dee63e39506,0.00,USDC:0.0000
0x7d3357b6321cf274830c6a9cb99ab73a8f537a0f,0.00,USDC:0.0000
0x83644578e91261f6b9c24fa0d379383451963972,0.00,USDC:0.0000
0x889f26b2e386073c6d363339875f7c63fa26135d,0.00,USDC:0.0000
0x8cd135bd14caa8643e12642a30ce392eaa3e650d,0.00,USDC:0.0000
0x94f57a26d1a7a3dfe4d2b5d433fbcdaf8f198077,0.00,USDC:0.0000
0xa391f3f281ef7164f14ad8fad628bc368e0e3707,0.00,USDC:0.0000
0xa960d5f0aaeceb88baab52dec35620bc723f3a12,0.00,USDC:0.0000
0xa9c971d21fcb471a33c7e7362bf5a5a0840f06e7,0.00,USDC:0.0000
0xaada209c9cee1529411d723ffb87ebf4d52f174a,0.00,USDC:0.0000
0xaef377efa102032664e802a328569075b44c86a7,0.00,USDC:0.0000
0xaef6e54acd0115d047c893aca2fdfa51725231e4,0.00,USDC:0.0000
0xb51aa821a270ad48ea2b5239c55d99075cb54165,0.00,USDC:0.0000
0xb6cec535ef7f53ef64a50318b3904b852bd8b956,0.00,USDC:0.0000
0xbacf323317029c5a4a7615a48a64066df42cd93c,0.00,USDC:0.0000
0xbc574adc1b1e819a778935ed3449ababf6d8f540,0.00,USDC:0.0000
0xbf2bd7568aac205982b24718846d5cfcf041762d,0.00,USDC:0.0000
0xc2ae9615d1776ac09bb34788cd5fa3ff5b1bfe98,0.00,USDC:0.0000
0xc4eec29d2a7b3eb1ec6d53240aaf473c430aa20e,0.00,USDC:0.0000
0xc93d056f778b8413a36ea4c4a471c4c9aa9beed2,0.00,USDC:0.0000
0xccdbb38658b24f2eb6de5ef91256915d1aa1f6c0,0.00,USDC:0.0000
0xcdf556ba9accf58c46a250c675c1d8c3b1208e4d,0.00,USDC:0.0000
0xcffad31e84a72e7ae3745385a37ca146071203d4,0.00,USDC:0.0000
0xd1311c9492d7a0ad89f40f71fe3a6aed6c6e8408,0.00,USDC:0.0000
0xd46aa0ce215897f40b8fc55bd00a2ffd9e322da0,0.00,USDC:0.0000
0xd6e7129376272214dbd56f10393f211ba6424529,0.00,USDC:0.0000
0xd83113e308fcc87d4f4e05463fdf06363503a3bb,0.00,USDC:0.0000
0xdc7b4e598607f9aa84f17fb28d2d78e89bd8df15,0.00,USDC:0.0000
0xdcda424596840777c146edb063e1e80fef7d7802,0.00,USDC:0.0000
0xdf11e089042d1b5b034b727fd655c6fa74cb77d4,0.00,USDC:0.0000
0xdf12845892678e4b03641d5d459e34d68f726925,0.00,USDC:0.0000
0xe08833bb3faadf2ec3aa7c9d6eb867a3b0b7210c,0.00,USDC:0.0000
0xe60dffb28ea748d9ce25944721014ed5918a46cd,0.00,USDC:0.0000
0xe6f97c9e127eac5afa7293d14ab3b3652a1db608,0.00,USDC:0.0000
0xe726f6422e4e896722e4e8eb8ea9a559f86c8cae,0.00,USDC:0.0000
0xeab729a553dc04975f06b324a4ad11cbe680f362,0.00,USDC:0.0000
0xec210ff3e17f6c06711a0fccb2c38b38d60482ba,0.00,USDC:0.0000
0xef77aae62ae8aeb101026ea110a2393fc9b69e55,0.00,USDC:0.0000
0xf0458e0c439b08194cea63db78cf2baa95f3adc1,0.00,USDC:0.0000
0xf144885af3a59234bf8746f986c620d9c542e939,0.00,USDC:0.0000
0xf8ed831b70bc25f89aad7f62da7489f239e1ebce,0.00,USDC:0.0000
0xfacb5dbe167d2c1109608ee7e62eb60b7f7eacf7,0.00,USDC:0.0000
0xfc597a2b0e187fabc539c086108475f3c2f9665f,0.00,USDC:0.0000
0x0560f4f224e0910f8c562b443654217fe2618ca5,0.00,USDC.e:0.0000
0x0f6817476f9040f60115547a8514b7419cff1909,0.00,USDC.e:0.0000
0x144348ccc87974f6fe53e38a80284f8a406245ef,0.00,USDC.e:0.0000
0x1765a1b1cf3f083edc084e72301caa51f89e4028,0.00,USDC.e:0.0000
0x21ba71faf4bc7038add7b92f87991a2d06648062,0.00,USDC.e:0.0000
0x393b6effc6e990f882d9d664c77592a10d1da5ef,0.00,USDC.e:0.0000
0x3d81b1feae908ac1b4a60bbb0136892752d8d8c6,0.00,USDC.e:0.0000
0x4a92f11cea7d3a6471edbd3d8c848e6dca61c7b3,0.00,USDC.e:0.0000
0x4e0b20d22b34980fcbb73defb0dd1789bca629c9,0.00,USDC.e:0.0000
0x50cb77c698a5742e14ec055c28f3459284486e33,0.00,USDC.e:0.0000
0x5100f85a69dafcf6e8b35778f635e40537cc5b30,0.00,USDC.e:0.0000
0x5726774ae296e4c44bdf94ae32c3461b424aaebb,0.00,USDC.e:0.0000
0x7d480c6a1d48eef2e17df28a3532216f1ed4c957,0.00,USDC.e:0.0000
0x89a443f05c5e7f1b0faf221db0868f87d63721c7,0.00,USDC.e:0.0000
0x8f1c5f5507ca1c0ef038fa187309970b5ab0dfa3,0.00,USDC.e:0.0000
0x8f44006ca177554440af31fddaa980222eb59ed1,0.00,USDC.e:0.0000
0x9f6b45ce66a7ee315d56979d031987dec75ca57e,0.00,USDC.e:0.0000
0xb5f377dc050ee79df3742041e6abe6d73caaac58,0.00,USDC.e:0.0000
0xb7282381a839c39a5f6f46276e124f029e2fefe6,0.00,USDC.e:0.0000
0xb835b8635641807303e71842ef8c8ffb14d1ec3b,0.00,USDC.e:0.0000
0xbc395370d602f0e620a5a003ca0504499cc8b95b,0.00,USDC.e:0.0000
0xd4e253bc48a582b791d263e68dcde134c7a5ca02,0.00,USDC.e:0.0000
0xe1f8adfe2de35ff9fe25f6bcd58677d667c582ee,0.00,USDC.e:0.0000
0xf7f4e08f349a4f0610a44d18433dcdcc4a0e5b74,0.00,USDC.e:0.0000
0xfb60cc1dbbd04c6df7d56de112bbe3b5f8a89d95,0.00,USDC.e:0.0000
0xfde1c1f78079305929607300268b7b6ff258673b,0.00,USDC.e:0.0000
0xfdee92924c98b61f42eb1b984f5d9f49da2a20c6,0.00,USDC.e:0.0000
0x027fca5dce8baa10e93ca93d0f2150e7ca4d4107,0.00,USDT:0.0000
0x1c0ae3f5a9e2f42780281360711c01ee16527361,0.00,USDT:0.0000
0x2154d06e7d9f67a13a2b41bb88b07d0fe802c56c,0.00,USDT:0.0000
0x24770c8a2b6ba504ba3579df851528fbd62c294e,0.00,USDT:0.0000
0x35e9f91b4f20176abc8fda34b38f57b9b3db3f71,0.00,USDT:0.0000
0x617104b491d508e425a72f0da32bb087961a41a6,0.00,USDT:0.0000
0x7a80682b852d396493c6c2332ed6a74f7c264787,0.00,USDT:0.0000
0xa0e99e79fb7dda9e163678ada7283f665f4083fa,0.00,USDT:0.0000
0xa6e3f5560717304b9bf7b6f60949fac42c08a734,0.00,USDT:0.0000
0xa9b3748d9d23732647d13ebfdcb9194d980d8cac,0.00,USDT:0.0000
0xab16689ab9fc35dd6fd162191be0a3600010d9d8,0.00,USDT:0.0000
0xb2e35a86f751e4d9ae6104c0c70aa9693c5e1d9d,0.00,USDT:0.0000
0xb503fe8831853da7b966ceb48e01e97a4bb25c9a,0.00,USDT:0.0000
0xbc32412fd3e5ed4e2881a009227aa8ba305a54d6,0.00,USDT:0.0000
0xbe3e9df5c60af28220d9a91c651a10a27b3d50cd,0.00,USDT:0.0000
0xc4111e28f1b31b5e1da3add3ea332471fd2fec7f,0.00,USDT:0.0000
0xc9dcdd72ed16b098a3a95e01319fba3fe00d8412,0.00,USDT:0.0000
0xda3b72d3f8a1088eebca74c5f2fdd0505ad82eef,0.00,USDT:0.0000
0xe7d024e66de4a051bd00c04122dc4b64b6915acb,0.00,USDT:0.0000
0xf0536e35d259f27d3cf7b908f644b97ce8791202,0.00,USDT:0.0000
0xf4d86ae28c6a7596767e9b0785b57278e87c8158,0.00,USDT:0.0000
0x6b69e3776c6b61f1f6e4631446ec08b5ab54260d,0.00,ARB:0.0000
0x043ff708a7658ba227bfccab976222cfd00ac62a,0.00,ARB:0.0000
0x41a467f666e9adfd9cb21a590c9abdcddafd140f,0.00,ARB:0.0000
0x441f2e35ab2f9c8831dadc0ff7cb0baec0946135,0.00,DAI:0.0000
0xc395aafa8fb08c6e89c2ecbef23d92f5f16a4c68,0.00,DAI:0.0000
0x6c41add63e6b3de7969baab8504fd038db25138b,0.00,ARB:0.0000
0x4158ece58162ff9232fc63a2ad156a33b36e034d,0.00,DAI:0.0000
0x8e88687cabfb21fa7eea14fc445e705d9640b5f6,0.00,ARB:0.0000
0x82139726b5d2ad964737d4f9c4503d22e41f88d8,0.00,ARB:0.0000
0xa1b6c721a04af6deeaccf86baa3a37d711055ab5,0.00,ARB:0.0000
0xba8cbd6af1f614dc8771744d020847d408899c16,0.00,DAI:0.0000
0x08074e79526f8b8dd1d5e6b8e38d0a1de8f10d03,0.00,ARB:0.0000
0xdd77b60005158812294f62c06d6d0520bbea6568,0.00,ARB:0.0000
0x80868fa7554c04b73db411fbdd5f18bc5716390a,0.00,ARB:0.0000
0x866f12cee448fef8769c6b58876fdcd382b4f18a,0.00,ARB:0.0000
0x81337f990c5d6dad73ea8b573b58aabf1fc2a9d2,0.00,ARB:0.0000
0x4744d51e3def98cdcd5081887aff96dc15c7f4d3,0.00,ARB:0.0000
0x33d07e8f7494b9c19fb0a46fe3637339e7079203,0.00,ARB:0.0000
0x061f1beb253c1a99f1158c2ded8799841a01a3a8,0.00,ARB:0.0000
0x0feee5aeee4cefafe153401c4cb1239c28669c71,0.00,ARB:0.0000
0x9b3d5aa0d4ddfc6676c17546395df34f24d816b4,0.00,ARB:0.0000
0x68e1c9831398733c893a034e9aa870bf9ab6e13b,0.00,ARB:0.0000
0xbd2da68d9a819b200bd8128e242672ea98ce0de9,0.00,ARB:0.0000
0xcc1c23ca44d7ac7a8daee2e4ae1d0dd85efb8427,0.00,DAI:0.0000
0xaf5fff96f1c5b8f76ea8f61f562d8a7fbd28b72d,0.00,ARB:0.0000
0xd020756ec0d08b6c1b300efee33197fdc2af70af,0.00,ARB:0.0000
0xb6cc3c934cd80af522e4e340d5fa750a3dadf779,0.00,weETH:0.0000
0xf474286b0820667ed85c8d7f73870dab6cfb39ad,0.00,ARB:0.0000
0x2b9b756fe0662be41bd546f88ef47ebbce2cff26,0.00,ARB:0.0000
0x5c8bd734c63b7ef78a45994367c147b286fb370e,0.00,ARB:0.0000
0x51eff651ec729579af7bd8afe23275c2e3271e10,0.00,weETH:0.0000
0x105f0a82887cb76ae56563292af08a0ff0e64c1e,0.00,ARB:0.0000
0x1c03f219dd8f9d77e7f45c429637bd75ec22ddae,0.00,ARB:0.0000
0xb80856ff048903f215d7bd03de991816bfa2096b,0.00,ARB:0.0000
0x57f517fd17ae0902d6e00562a32aa1dd0907dc6b,0.00,ARB:0.0000
0x2a8156225341ba4b00ed7ef2928d924378698668,0.00,ARB:0.0000
0x868459d17c55ed4cb0605cdabd231a6b7b56245c,0.00,ARB:0.0000
0x7e011c5536d056c8f37f65ad4eb5857eac08d3dc,0.00,ARB:0.0000
0x7956e036fe1e3ddd4bf310b2d8d1c673f55da04b,0.00,ARB:0.0000
0xccf48587425143af4aaadda12ada81271b5cff6e,0.00,ARB:0.0000
0xa4c3c19334a52a451c1173d696f2739fd8e2ec4f,0.00,DAI:0.0000
0x716658df1b535667194f17c93d7d311a65843788,0.00,ARB:0.0000
0xd0dbfd27346b99afb07bab8d41564c57613cd0a5,0.00,ARB:0.0000
0x21a87842c7d0034096dadf7e32c3413e68c187e1,0.00,DAI:0.0000
0xe36d849e316f0683f57fbaffae49173625361254,0.00,DAI:0.0000
0x6b8f3505a3d1119da626f05c31dd8d39cf15e169,0.00,ARB:0.0000
0x9584938388b196203b0ba02af1b40c333112f8dc,0.00,ARB:0.0000
0xbc6d1a324d38bd4c5aef1aa333956449ff528eb2,0.00,ARB:0.0000
0xb0eb939b103e58edf0843a8e59861cdf31489726,0.00,ARB:0.0000
0xe24b83ec7a0b7a073929786dc4783a21bf8b54b8,0.00,ARB:0.0000
0x320218abafc879d8f2c6608ffa9902aea51ab0fd,0.00,ARB:0.0000
0x000f1623640dbd1d712fdddff472247267bfd244,0.00,ARB:0.0000
0x3ee8ec3d7a5918556443b9935a1a5189ade27765,0.00,ARB:0.0000
0x13db11218798f035d44424ae93835f03ba9b7ff1,0.00,ARB:0.0000
0x8ed703466d739e99fbf0d0edd9f09158e958b109,0.00,ARB:0.0000
0x764944cc36d63a558ef4bd570c103818dabd90af,0.00,ARB:0.0000
0xe24759dff56214433a78ddfcc68af10f58c8c17b,0.00,ARB:0.0000
0x9b266aa7e5ea5c090fddaa360f1b10cd93bcc3d0,0.00,DAI:0.0000
0x78690c2e931d72f32ae5b191bc004f39a0844e86,0.00,DAI:0.0000
0x1781204a341ef21469a166cabd6d58d3abf04929,0.00,DAI:0.0000
0x15fe8337a6e23629fa09dc6e0f8b041d681ec995,0.00,DAI:0.0000
0x738b08bc77322f75e8901ebe409f3cc7958bff51,0.00,ARB:0.0000
0x1807827a1d80c6c6754ae9e98c746684461bc40a,0.00,ARB:0.0000
0xf1952f8622949f6b865497459453be7ee0ae1753,0.00,ARB:0.0000
0x3953288454cea536c27957f36b5fae7403952b53,0.00,ARB:0.0000
0x9e7756782ab7f14d6c49e5996b2dcfbd75cf623c,0.00,DAI:0.0000
0xe9515ea324d1439faed8745b51f4149e5be6aa5a,0.00,ARB:0.0000
0x63c80fe5b716d2e5c937a8fe787aa17df59d4344,0.00,ARB:0.0000
0x8d334dcb7c26621945cc4fc36e094b9419858b4f,0.00,ARB:0.0000
0xb44c4875050445b33a9a5f5b8f9043ec9693126f,0.00,ARB:0.0000
0x05dce83f1f6d674c8da4b2e5029ed4f9c706f4be,0.00,ARB:0.0000
0xc0eede1da2fe4aa1bf1de343e3a9fe843b6222ba,0.00,ARB:0.0000
0xc162c44026c62087d661ad628b0d6da069f5b1a4,0.00,ARB:0.0000
0x6ec0c9242ddfd0f99602c8893728bb078e600dbe,0.00,ARB:0.0000
0x2786d05083b585460aaf62816291e01bd7707278,0.00,ARB:0.0000
0xbe299cda95954030c3ec6f25383f5efd092e7d3d,0.00,ARB:0.0000
0x319e6808e89c8d3ec0d35bbb9501211ee63a84da,0.00,ARB:0.0000
0xcef87676b7dfd1538e8c0da209af820dd057374e,0.00,ARB:0.0000
0xc51fb5147fc97bd37c2a540181513676bf81530a,0.00,ARB:0.0000
0x3205a5fdecd481a8383b9e8cab268749839d222e,0.00,ARB:0.0000
0x2936deab2dbc75e46e74280a45cc88527fe2f1f4,0.00,ARB:0.0000
0x9cd7640c2eb9638a08baaf9f224a50496e64b948,0.00,ARB:0.0000
0xa8a4c4c12dd10f8de7b17efce9e47b89a43946bd,0.00,DAI:0.0000
0x5959bde1ca1bbc444e5b60240b8132f5adc0d431,0.00,ARB:0.0000
0x94ee763f9930ea718b9c131c58f20f227dc52795,0.00,ARB:0.0000
0x81eda95e81b843e96f319a458f07572ea6cacf0f,0.00,ARB:0.0000
0x9aecafb7a6d666550ea55c0b0b69215f02a917cb,0.00,ARB:0.0000
0x0d0d34dcd3242ae5cc6542b058a4be3ec33d5c46,0.00,ARB:0.0000
0x25a12d9ef5418973a0041a2e16314f23a407d254,0.00,ARB:0.0000
0xb642daff02f21e1edc01a191bfe99e7d561f4b4c,0.00,DAI:0.0000
0xe04cc32d5271bff88f7cb14166e00ece0ff0efed,0.00,ARB:0.0000
0xe1ceb2d8b4862dfc9e2e1b8b332b4917d99a3d9c,0.00,ARB:0.0000
0x888dc35dbd28e65010282855d8b0ce1111847bdd,0.00,ARB:0.0000
0x537eb0fff9efbe45f9f4dd9e77f40245ee682444,0.00,ARB:0.0000
0x7ea1e2ba7a867ce0b6d666e39ffd470293525944,0.00,ARB:0.0000
0x86865e40ba5a722000dc2335f9f895f1e933778c,0.00,ARB:0.0000
0xf9c0e91d186b183519309a6c3bbaecc2ffdfe88e,0.00,ARB:0.0000
0x61d13fbe8c8e36b40fa4efbb348d0f209e59db8f,0.00,ARB:0.0000
0x438cc1a35c7210f2eb5479acd8451a1d8badd852,0.00,DAI:0.0000
0x639e9924fc70846367efb9e121461adff626d7cd,0.00,ARB:0.0000
0x07ce6c238babb473e85e3cc7bbe76727471f41d5,0.00,ARB:0.0000
0x43e5a7b3a1751ac94a66a8b0783e76a641f9ec2f,0.00,DAI:0.0000
0x65250c23f8a59a28613d65c8b6377d74107bb752,0.00,ARB:0.0000
0x63989dd84bddf33a54c431fea0c8097d834d59f9,0.00,DAI:0.0000
0x0502f84c4dc3accc83cc69c33f5e2fa495da3a4a,0.00,ARB:0.0000
0x642ae1c24c8a8cd1fd82270fdb0df5dcf8e17566,0.00,ARB:0.0000
0xfe8b4c8a98bc895d2c9dbc56c2a3a594a3fcd80a,0.00,ARB:0.0000
0x576aae3572b529410b237fb8ac945df5f534f22a,0.00,ARB:0.0000
0x304e4fdcf9ca51ad9e85d6958d23ab4507caebec,0.00,ARB:0.0000
0x0a8392f137989fefa94000f17f631db6782c4e72,0.00,ARB:0.0000
0x712a0166afffff7ca2808e8b32ae9735153966c1,0.00,ARB:0.0000;DAI:0.0000
0x14e50ce4e4a85f0976ee2458ebf674131482d61c,0.00,ARB:0.0000
0x1e2cd27a3dc089f13a6d6671939d30da9214d464,0.00,ARB:0.0000
0xea9f5bdeb29362552c262a31d10c0d05a1badb53,0.00,ARB:0.0000
0x56caefd558197d418edfcbfc07b0483bf9a1af0e,0.00,DAI:0.0000
0xef457773f86d6109651e7e96379f7f73247e0085,0.00,ARB:0.0000
0x5e73e2171d773ba8ef092d4ffd2c18e4f23a856d,0.00,ARB:0.0000
0x05596ac671fd6cfae4e41b5ae1a11ccd09aef57a,0.00,ARB:0.0000
0x562c432e009a645c1751c8ed645ea91baa2ae682,0.00,ARB:0.0000
0x95e36ac3ececcdeb2dadfa619e8a63caf8bdc2e4,0.00,ARB:0.0000
0x199a945cbeee8c6631a118d213c902f4cbf5573b,0.00,ARB:0.0000
0x636e5efa9edd137e1378a2d21de06b80f769f596,0.00,ARB:0.0000
0x07dfcccc5e4ed92d318a2407daf553cb27077b84,0.00,ARB:0.0000
0xe3ae1109604e8aabd3ca30654c02a6936817e587,0.00,ARB:0.0000
0xa6fac50bc1dc37523e49f9eeb151be494ad1c0d5,0.00,ARB:0.0000
0x8b944a93fed8d73f24568f7c8914efa3790c8c0d,0.00,DAI:0.0000
0x8c951f58f63c0018bfbb47a29e55e84507ed63bd,0.00,ARB:0.0000
0xdc0d0f68242f72d18fef2832a3fd44da0345d6c6,0.00,ARB:0.0000
0xff0d493e32b51ef5a39f3dd8538b4d53aa5d04d2,0.00,ARB:0.0000
0x5b1d7b009b3a3a9d9f0377320a62b293f2c31bbc,0.00,ARB:0.0000
0x6035cc90f101d7aa2436a1e74cae847361cbb72c,0.00,ARB:0.0000
0x092be29cb8b31faed2a094474a26494a7c5bbaea,0.00,ARB:0.0000
0x1239f425fb4d403a83264c20e27e7cefea5bbf34,0.00,ARB:0.0000
0xd71b81665e4e1b267214712d4b90560dca7131d8,0.00,ARB:0.0000
0x74c6f5f3b967117ebcde7c1ac7504615285afa43,0.00,ARB:0.0000
0xcf8d4a9a7425a379a9217685f41dcf661da08440,0.00,wstETH:0.0000
0x5cfe303601b458d56fb0fa51bcf94e457ca23aa2,0.00,ARB:0.0000
0x08b850ec1555014825a0ef81f077e1fe19a6242b,0.00,ARB:0.0000
0x683b55369bd4b9d8c55ae9d6b2ffea8d27adebd4,0.00,ARB:0.0000
0xfb808f2a24af4dfb3e4ae7a3e42198d1796fe98e,0.00,ARB:0.0000
0x126cc337e20f0c3f044db500706fc3b6a8e9da84,0.00,ARB:0.0000
0x0e51632b79ca39813111ea6a75f3c3ab4979fea6,0.00,ARB:0.0000
0xfd4a89b8852065add2b8e7c3a26dfa98bca4a727,0.00,wstETH:0.0000
0xc7b2f6c9f3cc3b31e5b3f3a3ac742b300910ecba,0.00,ARB:0.0000
0x3ec783b1c10d39f1653c20c821e0ed810eaf6a2e,0.00,weETH:0.0000
0xefd313478ab40625fec444993621c81b73c963e7,0.00,ARB:0.0000;DAI:0.0000
0x20646bb07dc98cca7185736bc3c5ac5b5bf62f81,0.00,wstETH:0.0000
0x37d4798b31aed609d5f6ad6df13d535d57c9e867,0.00,ARB:0.0000
0x86fe97a1b4bbf019103ca7d32f5608b315cc3372,0.00,ARB:0.0000
0xa052490d6ff11a8a86c04cb62b03508815b5bbff,0.00,ARB:0.0000
0x4eff14b383dd94e3652e4e9e6c7ba3b302e74420,0.00,ARB:0.0000
0xeb549c4d00419819f1bb96860a85fbcd36d501eb,0.00,ARB:0.0000
0x1f0c619dc72fc5a63df4c75c424e05f36345e015,0.00,ARB:0.0000
0xa906b61850d3f3c207be8216a0d1aa9ce2f7b6ae,0.00,ARB:0.0000
0xf3e6aa0958b89ca08f398a2f059a1a4a84a812f5,0.00,ARB:0.0000
0xcc7473f4cad6e3daf8186b571a51bde7ea18319a,0.00,ARB:0.0000
0x837bb4ab690beafb0e36567ef2b1ec43613be986,0.00,wstETH:0.0000
0xc77f529d24efb58532ee3268138e4973788de0af,0.00,wstETH:0.0000
0x25de6ff94f6d59cd6bc2133ad0d0a95dbb1f5def,0.00,ARB:0.0000
0x66a4078dd7735eac1ca9b86edc92f724ed9535fc,0.00,weETH:0.0000
0x6bc03c2011dba29cfc43a99970f875ab3ee1d7da,0.00,wstETH:0.0000
0x4bafe324ca5b520362c6804c6e28f3f925e6e394,0.00,wstETH:0.0000
0x5d82c45a5c09bf17ff17467714b06508a4774f4d,0.00,wstETH:0.0000
0x377935b65bf6a5ab008a2c459d73aed847cb2565,0.00,wstETH:0.0000;weETH:0.0000
0x0109ccb9e84d085f8237ace98ed7edd84c0edb61,0.00,wstETH:0.0000
0x0463f4e32276b167df48f888d1756b2278068430,0.00,wstETH:0.0000
0x139b858c7a09ea3bdc8a516c66426442668ae153,0.00,wstETH:0.0000
0x39dae4159af89a044b70611a9248e84358730ec0,0.00,wstETH:0.0000
0x76f8c0a1692ab69360f1b536f2d0fb5c51f96cc2,0.00,wstETH:0.0000
0x9f04738a26eacd3fe1f591ace9e28c875420b408,0.00,wstETH:0.0000
0xa380c693f25e3a85cb2191a2909331903ddb796c,0.00,wstETH:0.0000
0xdb688057ef8a09f3f68cddda97f4d093120f6471,0.00,wstETH:0.0000
0xfc62a8b4b328bc2552ca7c35f3dc9ac73a2ae2da,0.00,wstETH:0.0000
0x55ef9c34998ce991cddb9d619c3665c5a6ff5878,0.00,wstETH:0.0000
0x5f9257f1052d6d175772c9b17849e341b99bcef8,0.00,wstETH:0.0000
0x74aac15a13cb4dcaee907f92a2debe2221cd33e2,0.00,wstETH:0.0000
0x32d56e33608d22445e71622d710b7858e1076ac9,0.00,weETH:0.0000
0x22cf139619f4b8afc863beca670615c6310ac7c6,0.00,DAI:0.0000;wstETH:0.0000
0x034c929c217caf6748350c26b2461a5e21e1bd34,0.00,wstETH:0.0000
0x041adac6c91abd40c164f5582c812f4a8fc8e8eb,0.00,wstETH:0.0000
0x28279c64979807f5eccf2294931be09569c51092,0.00,wstETH:0.0000
0x3917b34d40f3d38ab0a96abcd28a4385ba0a7764,0.00,wstETH:0.0000
0x3d7491581961670c64df4446750279fb0eec71cc,0.00,wstETH:0.0000
0x52d3aab27178efe81183b73fbd4d693da3dceeb3,0.00,wstETH:0.0000
0x816ba039e203ffbcdcc298b821be0464d814fab4,0.00,wstETH:0.0000
0x8a15e1a148fcf9d31881bd45d71516eaa81b6a28,0.00,wstETH:0.0000
0x8e662cdbe57f00948ae20d845d77a1ad6c27231a,0.00,wstETH:0.0000
0x92808000ffef763e13578e797dafefa88eb4202d,0.00,wstETH:0.0000
0x967eab270566c185295ce689490bf78785dd657a,0.00,wstETH:0.0000
0xa859f2308fd10a27116774e787377736c4d113d7,0.00,wstETH:0.0000
0xae1658e583dd3824a9f575ecdd5d17bf02458fc6,0.00,wstETH:0.0000
0xb15c048a71c5af3a6210965b1bb98586521a0f0e,0.00,wstETH:0.0000
0xb6ef675bf112b5c522392ca070b5d086b1bf3b19,0.00,wstETH:0.0000
0xb774f69875d488e45b2c08194257c1b6ecf32fe9,0.00,wstETH:0.0000
0xc3c2278e68d557817be8be38dc9cc8a7be60d610,0.00,wstETH:0.0000
0xc77fd47861fdd3b70fce4455f0f64396d1dce1d9,0.00,wstETH:0.0000
0xd992ea2d964144890eb1d13c221c8add345a9f50,0.00,wstETH:0.0000
0xda8acf15b359d27946b3187980ec0d047bb24bac,0.00,wstETH:0.0000
0xdcb43200de9ffc6515b0fe9aaf5b2ff2b3ab65b7,0.00,wstETH:0.0000
0xeadf891b461a34e04f26c07b958da82f5fd4a7b7,0.00,wstETH:0.0000
0xed0f262d7b13c3e6cf0dc2d9a57c81dc3f1f763c,0.00,wstETH:0.0000
0xeecdd1bdc203cfa50c9b3471d3a485c01b9c98b1,0.00,wstETH:0.0000
0xf386e4e664be53345223b4b7d0e1e3612ac6f77b,0.00,wstETH:0.0000
0xf4059e7d55a6b353ab7838edc3bc68c8450216f6,0.00,wstETH:0.0000
0x91a52fcfdb08a46db9d96f79ead5c2e0d4c1800d,0.00,wstETH:0.0000
0x05bfff6f8bbdfed5a9432f6511a4cb7f367987ae,0.00,ARB:0.0000
0x6cfd6f2f3b4c65c396bdabae29e33c1cf9d115ad,0.00,DAI:0.0000
0x4081d7e555178774d1f8079b0f437a0a7d88d50b,0.00,DAI:0.0000
0xb727f5cef641b06d8bb44efb1458d83920a6c7c4,0.00,ARB:0.0000
0x259161fb1b6881f05af41a59b0f22e9bb03524c1,0.00,ARB:0.0000
0x7dcfb7646528e31485f386df90f4c1cfd1fa96e8,0.00,ARB:0.0000
0x9f0f25a1aeb822fac09557e92c606be5252e7dc8,0.00,ARB:0.0000
0x3ce975b9a66a755ed77e75c352f5e827389daba1,0.00,ARB:0.0000;DAI:0.0000
0xd13873dffb2c864028faa1a411daa4fd7c87b5c1,0.00,DAI:0.0000
0x1b256670210b3c98b4710b88f6c2b12c64e7885e,0.00,ARB:0.0000
0xb39b26363f17927163ffa190f60efb32346f9efe,0.00,DAI:0.0000
0x68234d88025083c13bb5883d8175dd0df4f10c22,0.00,ARB:0.0000
0xd0e35782c287620ef9b72459f6504bf8ace006a0,0.00,ARB:0.0000
0xe734f79c4952eb08abcc2ab5fcfe64dc20079edc,0.00,ARB:0.0000
0xe39e3f49a39b8cf69131cc4c6b35c4588f82a5ab,0.00,ARB:0.0000
0x72ea71b319d290de366264a3551731eb3e6000ae,0.00,ARB:0.0000
0xa859bb553e59f88f5458e7929628da90e8a62f7a,0.00,ARB:0.0000
0xad13f225f04510ec5c9004d4e7cd5c60d05c68a0,0.00,ARB:0.0000
0x6f71afa73736650ccbdfa1e1ce2831b838d1f325,0.00,DAI:0.0000
0x7019756d7b9f359d788b78fcee4423b856d1804f,0.00,DAI:0.0000
0x52d761baee032ead10a048de28e51c279969f072,0.00,DAI:0.0000
0x0879c2d2818de88960b5c06ef55a6bb7dbe3de3c,0.00,ARB:0.0000
0xb01800f953c32b54697b0bea890d868a805332e9,0.00,ARB:0.0000
0x6c846a56b43e3398821943705220bf2c74793861,0.00,DAI:0.0000
0x00b1046533e513488407443c09b3d701e0ae3bcd,0.00,DAI:0.0000
0x14b2b6d982abdc0a43a6443a95e1b3c200d9838d,0.00,ARB:0.0000
0x28b76eb97c7522dedbc40b4edde58da3fd118daf,0.00,DAI:0.0000
0xc8e3a4f461a8b80fb3161fa17257285ddeb7599d,0.00,ARB:0.0000
0x71bfe8dbeeac55769cc83bacb0b01b2b3d3af4df,0.00,DAI:0.0000
0xac42de57e35aa6a82dc023648a289e1a08bfca74,0.00,DAI:0.0000
0xb8ea93ae54a38e117724562668e771c6d07d400e,0.00,DAI:0.0000
0x15e4e7fc40fb203108fcf2f56e15a1b507f0d16a,0.00,ARB:0.0000
0x0fe8f5ace42a8ee94b86e1bc42e42cfd55364e77,0.00,DAI:0.0000
0x123ec2d79be9354583448ea9933675ecfc541b50,0.00,DAI:0.0000
0x29bebe8bea2f9865dc78be842b5b326a831923cd,0.00,DAI:0.0000
0xe20c4c77ea0032504dbc0ade67f1b2bcfe14c263,0.00,DAI:0.0000
0xead9e0bf60cfd1f77fb0d37fec96b5fa26d0c1d6,0.00,DAI:0.0000
0xef947fdf1a4f3070fd8b7f89fc10416e7e73f7c5,0.00,DAI:0.0000
0x9dbdbbc4ca7508654399ba6d0d62785cc133184c,0.00,ARB:0.0000
0xd1c77286a1b825afbed7cca719bfc90d7b3fa035,0.00,ARB:0.0000;DAI:0.0000
0x40e97675f4efd5e6ffd36d8ce214f4a83a3fe212,0.00,DAI:0.0000
0xa74f6cdb97cdd262c06d18cb81a17f5b964a3595,0.00,DAI:0.0000
0x996ef4b801fc39571c47bb446e9cc090cc610e9b,0.00,ARB:0.0000;DAI:0.0000
0x898e422768011f8ba83e318a623cdb0427fb178f,0.00,ARB:0.0000;DAI:0.0000
0x09ded4170d12e9a190f16a682db18be34975c9cf,0.00,DAI:0.0000
0x1b764212973242ddb8ec514379131054130aeb0e,0.00,DAI:0.0000
0x2ad29a3fc67c8269d06714b9aecd8cec8da497cd,0.00,DAI:0.0000
0x33e073a06abdbc27e88c46dfac9c74ca8af0a9b0,0.00,DAI:0.0000
0x35e06797179161a57b86dbf580fc91e2f4ad7cb7,0.00,DAI:0.0000
0x38384c5ab76ff6948d245d9084f7a02230d03667,0.00,DAI:0.0000
0x5628b6251acd9676bbe9d78753084e5f2089543b,0.00,DAI:0.0000
0x5a32665c49be9bf8bab092328d0fad1069622f4f,0.00,DAI:0.0000
0x5daabafe9399fed4a5bd194ae095bbb4c266b34e,0.00,DAI:0.0000
0x708deda514c61225e1469885042db6e0d000fad4,0.00,DAI:0.0000
0x7d61b20fd4d26cdf2a018b562466c0ae79a26987,0.00,DAI:0.0000
0x84b4057467d7b60469b43a84ab4ce9a5d774f700,0.00,DAI:0.0000
0xd699dbcec440bd16987cfac108d8cd744defea7b,0.00,DAI:0.0000
0xe4f3f5191eb9ad81e3bb565c74d23362b3e33301,0.00,DAI:0.0000
0xe9845e737bd41387ef90b2b12eca8b8dcfcc1298,0.00,DAI:0.0000
0xec77675bba6b71d6814c53ff8cf2a7ec0a73d43b,0.00,DAI:0.0000
0x2463dbf826050719dab6133e9cb44c047455916d,0.00,ARB:0.0000
0x5f63c33c985b0e8dd4fc846cac41423a3875e57b,0.00,DAI:0.0000
0x7a12f8072667a18092e90fc6485d468caaa2179f,0.00,DAI:0.0000
0x8b83e26ddb9938108c05e797041b737643c7bc45,0.00,DAI:0.0000
0x94003c45a74dbe132d45d15a0993caebf55aeb61,0.00,DAI:0.0000
0xe3175105f6d66396f66ed0bd310fdabb4eb7852c,0.00,DAI:0.0000
0xe5bfcb21e1e63de3c01622fac16b68630aa22955,0.00,DAI:0.0000
0xfe57637689f963b84ec900208fbb58378a8c515e,0.00,ARB:0.0000
0x8005fd1d65313450b08315bfe1eda49eb69ac2d9,0.00,ARB:0.0000
0x26493e9274039208a2f38815aaf0102bdee3f4f0,0.00,ARB:0.0000
0x36ca10c475d6fe1fa45e972bf4eedaa53c921176,0.00,ARB:0.0000
0xcde0e72f4489f3e41b439718e35ca0d68df9f803,0.00,ARB:0.0000
0x3f48a6f656c229118e6dfbb88fd68bd13741af32,0.00,ARB:0.0000
0x85b028b637ddfe55d8719c1f418a87a4bec440b5,0.00,ARB:0.0000
0x9392380bd4b9322e1eaf5d36a913d5e370ceda04,0.00,ARB:0.0000
0xa30bfbfe4805808406ee41236a18c01c1b1d723b,0.00,ARB:0.0000
0x1424733b8b2c328acbe37e2c441187899a0a65ac,0.00,ARB:0.0000
0x290123eeac5c07a944f2a01f9e39d4de8d5ff3b4,0.00,ARB:0.0000
0x55a53474ddf422fff84327e6259e3d8fc08a084e,0.00,ARB:0.0000
0x6897a5d0ac0cc977664c335e989bc46937bb0901,0.00,ARB:0.0000
0x6b82ff6acc7b8b2882ebf89132b2ab98fbb4f350,0.00,ARB:0.0000
0x7130698fac7a219172cd542fe13ba4c77e640882,0.00,ARB:0.0000
0x93973b0dc20beff165c087cb2a319640c210f30e,0.00,ARB:0.0000
0x97bf0db847778dea3904e85d6cdb580d9789c417,0.00,ARB:0.0000
0xa146bc2fedce9e5adde223803e56e937cb32bf36,0.00,ARB:0.0000
0xabaca916f971da4982e61ec406be5e633cc36498,0.00,ARB:0.0000
0xb30a363e2a921902c28bb0820654e57ac9bdc584,0.00,ARB:0.0000
0xbe6b028a6646dd133ae62adb482a6fe9a5dd8ba6,0.00,ARB:0.0000
0xce49e31343bbfe7fbb1c24e1418ef14871268709,0.00,ARB:0.0000
0xf88d7ffae12bab41babdd1bd92e6d2c97334ef12,0.00,ARB:0.0000
0x0737d869a6d8c7a61419992d4250a90bd70aae92,0.00,ARB:0.0000
0x0e839a8b66af42da5ad3e97f8ab76fbc0563f830,0.00,ARB:0.0000
0x243af39c8e9c14b1a373caeb7610f199fc927e77,0.00,ARB:0.0000
0x2794d7cd05559b026328133a65669b0d60bcb036,0.00,ARB:0.0000
0x2dff320c5228c67b999b3e109c52803c831cc326,0.00,ARB:0.0000
0x3b91caba057858ba138dc2e00cda9f3603d77a44,0.00,ARB:0.0000
0x3f8d3e6936be6fe92144e65232791816ab994829,0.00,ARB:0.0000
0x408803bb5d1fe2216139905f57f9fdfca6d366ec,0.00,ARB:0.0000
0x411c4bbde302555b2a19413c4b1fe2520deda180,0.00,ARB:0.0000
0x45d3d8cf40eb6371e8649d6b87d4dddd932098d7,0.00,ARB:0.0000
0x4a25126488b1ccc5606c2f8adf794fd0ee84f58f,0.00,ARB:0.0000
0x4f9c1379bea71f009b3b816cd38f7d756ef950a8,0.00,ARB:0.0000
0x551084a49107f51093b080b34747fce88a088947,0.00,ARB:0.0000
0x57421dfb3fe5052a72daffdd3f24f8fa3f755794,0.00,ARB:0.0000
0x6eeaf74dc763b18d7062bce146b2de93ee733b32,0.00,ARB:0.0000
0x702671894fe66ff84115ab7528bdf1f5573a67fa,0.00,ARB:0.0000
0x7f6b523af5dd9c791c74b56d8e0dcc841c5fbdd3,0.00,ARB:0.0000
0x81db6de760d74b11887d49bb64e837cdaecf2e67,0.00,ARB:0.0000
0x8289fc12adaf753f0d63a412141a212c7f15d24c,0.00,ARB:0.0000
0x8cf4c36b49c7147d701593302046c16d83488112,0.00,ARB:0.0000
0x93567d429cfb60c44c9131f1d9f52385a601a3d9,0.00,ARB:0.0000
0x9de0f0c9ec19533808685c659572a6e2cb3a4ec1,0.00,ARB:0.0000
0xa3820f4a0f4fa404c7f8356a293d2ede669797ff,0.00,ARB:0.0000
0xaae69b61eb615ca4dceb73715d00504fe40e1c5e,0.00,ARB:0.0000
0xaf25092ee96ee11db1713c708064949085cd3088,0.00,ARB:0.0000
0xbb0c7552f23715bddc94d13cd8f86b67ff6c90fe,0.00,ARB:0.0000
0xbdd85d1f77b555732865714f6107a86449479126,0.00,ARB:0.0000
0xc2f4b8faf1f6a00755037c2cb2d7a8c236e1e39c,0.00,ARB:0.0000
0xc571736365d4746243b0e1ef99952f6d90cfd6aa,0.00,ARB:0.0000
0xd1cd0a28f70ed17b593ba0a7c8171c8e298810bc,0.00,ARB:0.0000
0xd4f450c0bcc6e8de2a82b3310537dfff610d3eb1,0.00,ARB:0.0000
0xd8cc5b4b792f3ab7c51a35b6f8efcf2a9852ddca,0.00,ARB:0.0000
0xd9b70b615015226f6822a3c7ca8aa6d50c9b328f,0.00,ARB:0.0000
0xdd2f67330e949ed5c9c729b8dab24aa01defe21f,0.00,ARB:0.0000
0xe4239bd9953c100f779556ac9687e370c8c76d84,0.00,ARB:0.0000
0xe798f1bc972fdb00e1db43c61355e68f2e4c1cc4,0.00,ARB:0.0000
0xf93f30d905bfc6c1ff3702f41fa6c95309deed71,0.00,ARB:0.0000
0xfe5e4b7a1fdfbf92ab1cd3544a5ed0de00da6dd8,0.00,ARB:0.0000
0xfee8e76c8d422921f76b0c10c47bb7ac43767eef,0.00,ARB:0.0000
